asp_sheet	asp_graphic	status	out_sheet	out_graphic
0	1100	inject	20000	701100
0	1101	inject	20000	701101
0	1102	inject	20000	701102
0	1103	inject	20000	701103
0	1104	inject	20000	701104
0	1105	inject	20000	701105
0	1106	inject	20000	701106
0	1107	inject	20000	701107
0	1108	inject	20000	701108
0	1109	inject	20000	701109
0	1110	inject	20000	701110
0	1111	inject	20000	701111
0	1112	inject	20000	701112
0	1113	inject	20000	701113
0	1114	inject	20000	701114
0	1115	inject	20000	701115
0	1116	inject	20000	701116
0	1117	inject	20000	701117
0	1118	inject	20000	701118
0	1119	inject	20000	701119
0	1120	inject	20000	701120
0	1121	inject	20000	701121
0	1122	inject	20000	701122
0	1123	inject	20000	701123
0	1124	inject	20000	701124
0	1125	inject	20000	701125
0	1126	inject	20000	701126
0	1127	inject	20000	701127
1	1200	inject	20001	701200
1	1201	inject	20001	701201
1	1202	inject	20001	701202
1	1203	inject	20001	701203
1	1204	inject	20001	701204
1	1205	inject	20001	701205
1	1206	inject	20001	701206
1	1207	inject	20001	701207
1	1208	inject	20001	701208
1	1209	inject	20001	701209
1	1210	inject	20001	701210
1	1211	inject	20001	701211
2	1300	inject	20002	701300
2	1301	inject	20002	701301
2	1302	inject	20002	701302
2	1303	inject	20002	701303
2	1304	inject	20002	701304
2	1305	inject	20002	701305
2	1306	inject	20002	701306
2	1307	inject	20002	701307
2	1308	inject	20002	701308
2	1309	inject	20002	701309
2	1310	inject	20002	701310
2	1311	inject	20002	701311
2	1312	inject	20002	701312
2	1313	inject	20002	701313
2	1314	inject	20002	701314
2	1315	inject	20002	701315
2	1316	inject	20002	701316
2	1317	inject	20002	701317
2	1318	inject	20002	701318
2	1319	inject	20002	701319
2	1320	inject	20002	701320
2	1321	inject	20002	701321
2	1322	inject	20002	701322
2	1323	inject	20002	701323
2	1324	inject	20002	701324
2	1325	inject	20002	701325
2	1326	inject	20002	701326
2	1327	inject	20002	701327
3	1400	inject	20003	701400
3	1401	inject	20003	701401
3	1402	inject	20003	701402
3	1403	inject	20003	701403
3	1404	inject	20003	701404
3	1405	inject	20003	701405
3	1406	inject	20003	701406
3	1407	inject	20003	701407
3	1408	inject	20003	701408
3	1409	inject	20003	701409
3	1410	inject	20003	701410
3	1411	inject	20003	701411
3	1412	inject	20003	701412
3	1413	inject	20003	701413
3	1414	inject	20003	701414
3	1415	inject	20003	701415
3	1416	inject	20003	701416
3	1417	inject	20003	701417
3	1418	inject	20003	701418
3	1419	inject	20003	701419
3	1420	inject	20003	701420
3	1421	inject	20003	701421
3	1422	inject	20003	701422
3	1423	inject	20003	701423
3	1424	inject	20003	701424
3	1425	inject	20003	701425
3	1426	inject	20003	701426
3	1427	inject	20003	701427
4	8000	inject	20004	708000
4	8001	inject	20004	708001
4	8002	inject	20004	708002
4	8003	inject	20004	708003
4	8004	inject	20004	708004
4	8005	inject	20004	708005
4	8006	inject	20004	708006
4	8007	inject	20004	708007
4	8008	inject	20004	708008
4	8009	inject	20004	708009
4	8010	inject	20004	708010
4	8011	inject	20004	708011
4	8012	inject	20004	708012
4	8013	inject	20004	708013
4	8014	inject	20004	708014
4	8015	inject	20004	708015
4	8016	inject	20004	708016
4	8017	inject	20004	708017
4	8018	inject	20004	708018
4	8019	inject	20004	708019
4	8020	inject	20004	708020
4	8021	inject	20004	708021
4	8022	inject	20004	708022
4	8023	inject	20004	708023
4	8024	inject	20004	708024
4	8025	inject	20004	708025
4	8026	inject	20004	708026
4	8027	inject	20004	708027
6	8060	inject	20005	708060
6	8061	inject	20005	708061
6	8062	inject	20005	708062
6	8063	inject	20005	708063
6	8064	inject	20005	708064
6	8065	inject	20005	708065
6	8066	inject	20005	708066
6	8067	inject	20005	708067
6	8068	inject	20005	708068
6	8069	inject	20005	708069
6	8070	inject	20005	708070
6	8071	inject	20005	708071
6	8072	inject	20005	708072
6	8073	inject	20005	708073
6	8074	inject	20005	708074
6	8075	inject	20005	708075
6	8076	inject	20005	708076
6	8077	inject	20005	708077
6	8078	inject	20005	708078
6	8079	inject	20005	708079
6	8080	inject	20005	708080
6	8081	inject	20005	708081
6	8082	inject	20005	708082
6	8083	inject	20005	708083
6	8084	inject	20005	708084
6	8085	inject	20005	708085
6	8086	inject	20005	708086
6	8087	inject	20005	708087
7	8090	inject	20006	708090
7	8091	inject	20006	708091
7	8092	inject	20006	708092
7	8093	inject	20006	708093
7	8094	inject	20006	708094
7	8095	inject	20006	708095
7	8096	inject	20006	708096
7	8097	inject	20006	708097
7	8098	inject	20006	708098
7	8099	inject	20006	708099
7	8100	inject	20006	708100
7	8101	inject	20006	708101
7	8102	inject	20006	708102
7	8103	inject	20006	708103
7	8104	inject	20006	708104
7	8105	inject	20006	708105
7	8106	inject	20006	708106
7	8107	inject	20006	708107
7	8108	inject	20006	708108
7	8109	inject	20006	708109
7	8110	inject	20006	708110
7	8111	inject	20006	708111
7	8112	inject	20006	708112
7	8113	inject	20006	708113
7	8114	inject	20006	708114
7	8115	inject	20006	708115
7	8116	inject	20006	708116
7	8117	inject	20006	708117
10	1150	inject	20007	701150
10	1151	inject	20007	701151
10	1152	inject	20007	701152
10	1153	inject	20007	701153
10	1154	inject	20007	701154
10	1155	inject	20007	701155
10	1156	inject	20007	701156
10	1157	inject	20007	701157
10	1158	inject	20007	701158
10	1159	inject	20007	701159
10	1160	inject	20007	701160
10	1161	inject	20007	701161
10	1162	inject	20007	701162
10	1163	inject	20007	701163
10	1164	inject	20007	701164
10	1165	inject	20007	701165
10	1166	inject	20007	701166
10	1167	inject	20007	701167
10	1168	inject	20007	701168
10	1169	inject	20007	701169
10	1170	inject	20007	701170
10	1171	inject	20007	701171
10	1172	inject	20007	701172
10	1173	inject	20007	701173
10	1174	inject	20007	701174
10	1175	inject	20007	701175
10	1176	inject	20007	701176
10	1177	inject	20007	701177
11	1250	inject	20008	701250
11	1251	inject	20008	701251
11	1252	inject	20008	701252
11	1253	inject	20008	701253
11	1254	inject	20008	701254
11	1255	inject	20008	701255
11	1256	inject	20008	701256
11	1257	inject	20008	701257
11	1258	inject	20008	701258
11	1259	inject	20008	701259
11	1260	inject	20008	701260
11	1261	inject	20008	701261
12	1350	inject	20009	701350
12	1351	inject	20009	701351
12	1352	inject	20009	701352
12	1353	inject	20009	701353
12	1354	inject	20009	701354
12	1355	inject	20009	701355
12	1356	inject	20009	701356
12	1357	inject	20009	701357
12	1358	inject	20009	701358
12	1359	inject	20009	701359
12	1360	inject	20009	701360
12	1361	inject	20009	701361
12	1362	inject	20009	701362
12	1363	inject	20009	701363
12	1364	inject	20009	701364
12	1365	inject	20009	701365
12	1366	inject	20009	701366
12	1367	inject	20009	701367
12	1368	inject	20009	701368
12	1369	inject	20009	701369
12	1370	inject	20009	701370
12	1371	inject	20009	701371
12	1372	inject	20009	701372
12	1373	inject	20009	701373
12	1374	inject	20009	701374
12	1375	inject	20009	701375
12	1376	inject	20009	701376
12	1377	inject	20009	701377
13	1450	inject	20010	701450
13	1451	inject	20010	701451
13	1452	inject	20010	701452
13	1453	inject	20010	701453
13	1454	inject	20010	701454
13	1455	inject	20010	701455
13	1456	inject	20010	701456
13	1457	inject	20010	701457
13	1458	inject	20010	701458
13	1459	inject	20010	701459
13	1460	inject	20010	701460
13	1461	inject	20010	701461
13	1462	inject	20010	701462
13	1463	inject	20010	701463
13	1464	inject	20010	701464
13	1465	inject	20010	701465
13	1466	inject	20010	701466
13	1467	inject	20010	701467
13	1468	inject	20010	701468
13	1469	inject	20010	701469
13	1470	inject	20010	701470
13	1471	inject	20010	701471
13	1472	inject	20010	701472
13	1473	inject	20010	701473
13	1474	inject	20010	701474
13	1475	inject	20010	701475
13	1476	inject	20010	701476
13	1477	inject	20010	701477
14	8120	inject	20011	708120
14	8121	inject	20011	708121
14	8122	inject	20011	708122
14	8123	inject	20011	708123
14	8124	inject	20011	708124
14	8125	inject	20011	708125
14	8126	inject	20011	708126
14	8127	inject	20011	708127
14	8128	inject	20011	708128
14	8129	inject	20011	708129
14	8130	inject	20011	708130
14	8131	inject	20011	708131
14	8132	inject	20011	708132
14	8133	inject	20011	708133
14	8134	inject	20011	708134
14	8135	inject	20011	708135
14	8136	inject	20011	708136
14	8137	inject	20011	708137
14	8138	inject	20011	708138
14	8139	inject	20011	708139
14	8140	inject	20011	708140
14	8141	inject	20011	708141
14	8142	inject	20011	708142
14	8143	inject	20011	708143
14	8144	inject	20011	708144
14	8145	inject	20011	708145
14	8146	inject	20011	708146
14	8147	inject	20011	708147
16	8150	inject	20012	708150
16	8151	inject	20012	708151
16	8152	inject	20012	708152
16	8153	inject	20012	708153
16	8154	inject	20012	708154
16	8155	inject	20012	708155
16	8156	inject	20012	708156
16	8157	inject	20012	708157
16	8158	inject	20012	708158
16	8159	inject	20012	708159
16	8160	inject	20012	708160
16	8161	inject	20012	708161
16	8162	inject	20012	708162
16	8163	inject	20012	708163
16	8164	inject	20012	708164
16	8165	inject	20012	708165
16	8166	inject	20012	708166
16	8167	inject	20012	708167
16	8168	inject	20012	708168
16	8169	inject	20012	708169
16	8170	inject	20012	708170
16	8171	inject	20012	708171
16	8172	inject	20012	708172
16	8173	inject	20012	708173
16	8174	inject	20012	708174
16	8175	inject	20012	708175
16	8176	inject	20012	708176
16	8177	inject	20012	708177
17	8180	inject	20013	708180
17	8181	inject	20013	708181
17	8182	inject	20013	708182
17	8183	inject	20013	708183
17	8184	inject	20013	708184
17	8185	inject	20013	708185
17	8186	inject	20013	708186
17	8187	inject	20013	708187
17	8188	inject	20013	708188
17	8189	inject	20013	708189
17	8190	inject	20013	708190
17	8191	inject	20013	708191
17	8192	inject	20013	708192
17	8193	inject	20013	708193
17	8194	inject	20013	708194
17	8195	inject	20013	708195
17	8196	inject	20013	708196
17	8197	inject	20013	708197
17	8198	inject	20013	708198
17	8199	inject	20013	708199
17	8200	inject	20013	708200
17	8201	inject	20013	708201
17	8202	inject	20013	708202
17	8203	inject	20013	708203
17	8204	inject	20013	708204
17	8205	inject	20013	708205
17	8206	inject	20013	708206
17	8207	inject	20013	708207
18	8210	matched	2211	268300
18	8211	matched	2211	268301
18	8212	matched	2211	268302
18	8213	matched	2211	268303
18	8214	matched	2211	268304
18	8215	matched	2212	268324
18	8216	matched	2212	268325
18	8217	matched	2211	268305
18	8218	matched	2211	268306
18	8219	matched	2211	268307
18	8220	matched	2211	268308
18	8221	matched	2211	268309
18	8222	matched	2212	268326
18	8223	matched	2212	268327
18	8224	matched	2211	268310
18	8225	matched	2211	268311
18	8226	matched	2211	268312
18	8227	matched	2211	268313
18	8228	matched	2211	268312
18	8229	matched	2212	268328
18	8230	matched	2212	268329
18	8231	matched	2211	268315
18	8232	matched	2211	268316
18	8233	matched	2211	268317
18	8234	matched	2211	268318
18	8235	matched	2211	268319
18	8236	matched	2212	268330
18	8237	matched	2212	268331
19	8240	inject	20015	708240
19	8241	matched	2211	268301
19	8242	matched	2211	268302
19	8243	matched	2211	268303
19	8244	matched	2211	268304
19	8245	inject	20015	708245
19	8246	inject	20015	708246
19	8247	inject	20015	708247
19	8248	matched	2211	268306
19	8249	matched	2211	268307
19	8250	matched	2211	268308
19	8251	matched	2211	268309
19	8252	inject	20015	708252
19	8253	inject	20015	708253
19	8254	inject	20015	708254
19	8255	matched	2211	268311
19	8256	matched	2211	268312
19	8257	matched	2211	268313
19	8258	matched	2211	268312
19	8259	inject	20015	708259
19	8260	inject	20015	708260
19	8261	inject	20015	708261
19	8262	matched	2211	268316
19	8263	matched	2211	268317
19	8264	matched	2211	268318
19	8265	matched	2211	268319
19	8266	inject	20015	708266
19	8267	inject	20015	708267
20	8270	inject	20016	708270
20	8271	matched	2211	268301
20	8272	matched	2211	268302
20	8273	matched	2211	268303
20	8274	matched	2211	268304
20	8275	matched	2212	268324
20	8276	matched	2212	268325
20	8277	inject	20016	708277
20	8278	matched	2211	268306
20	8279	matched	2211	268307
20	8280	matched	2211	268308
20	8281	matched	2211	268309
20	8282	matched	2212	268326
20	8283	matched	2212	268327
20	8284	inject	20016	708284
20	8285	matched	2211	268311
20	8286	matched	2211	268312
20	8287	matched	2211	268313
20	8288	matched	2211	268312
20	8289	matched	2212	268328
20	8290	matched	2212	268329
20	8291	inject	20016	708291
20	8292	matched	2211	268316
20	8293	matched	2211	268317
20	8294	matched	2211	268318
20	8295	matched	2211	268319
20	8296	matched	2212	268330
20	8297	matched	2212	268331
90	100	matched	10	1032
90	101	matched	8	1001
90	102	matched	8	1002
90	103	matched	8	1003
90	104	matched	10	1032
90	105	matched	8	1001
90	106	matched	8	1006
90	107	matched	8	1007
90	108	matched	10	1032
90	109	matched	8	1001
90	110	matched	8	1010
90	111	matched	8	1011
90	112	matched	10	1032
90	113	matched	8	1013
90	114	matched	8	1014
90	115	matched	8	1015
91	116	matched	10	1032
91	117	matched	9	1017
91	118	matched	9	1018
91	119	matched	9	1019
91	120	matched	10	1032
91	121	matched	8	1001
91	122	inject	20018	700122
91	123	inject	20018	700123
91	124	matched	10	1032
91	125	matched	9	1025
91	126	matched	9	1026
91	127	matched	9	1027
91	128	matched	10	1032
91	129	matched	9	1029
91	130	matched	9	1030
91	131	matched	9	1029
92	132	matched	10	1032
92	133	matched	10	1033
92	134	matched	10	1034
92	135	matched	10	1035
92	136	matched	10	1032
92	137	matched	10	1037
92	138	matched	10	1038
92	139	matched	10	1039
92	140	matched	10	1032
92	141	matched	10	1041
92	142	matched	10	1042
92	143	matched	10	1043
92	144	matched	10	1032
92	145	matched	10	1045
92	146	matched	10	1046
92	147	matched	10	1047
101	200	inject	20020	700200
101	201	inject	20020	700201
101	202	inject	20020	700202
101	203	inject	20020	700203
101	204	inject	20020	700204
101	205	inject	20020	700205
101	206	inject	20020	700206
101	207	inject	20020	700207
101	208	inject	20020	700208
101	209	inject	20020	700209
101	210	inject	20020	700210
101	211	inject	20020	700211
101	212	inject	20020	700212
101	213	inject	20020	700213
101	214	inject	20020	700214
101	215	inject	20020	700215
101	216	inject	20020	700216
101	217	inject	20020	700217
101	218	inject	20020	700218
101	219	inject	20020	700219
101	220	inject	20020	700220
101	221	inject	20020	700221
101	222	inject	20020	700222
101	223	inject	20020	700223
101	224	inject	20020	700224
101	225	inject	20020	700225
101	226	inject	20020	700226
101	227	inject	20020	700227
101	228	inject	20020	700228
101	229	inject	20020	700229
101	230	inject	20020	700230
101	231	inject	20020	700231
101	232	inject	20020	700232
101	233	inject	20020	700233
101	234	inject	20020	700234
101	235	inject	20020	700235
101	236	inject	20020	700236
101	237	inject	20020	700237
101	238	inject	20020	700238
101	239	inject	20020	700239
101	240	inject	20020	700240
101	241	inject	20020	700241
101	242	inject	20020	700242
101	243	inject	20020	700243
101	244	inject	20020	700244
101	245	inject	20020	700245
101	246	inject	20020	700246
101	247	inject	20020	700247
101	248	inject	20020	700248
101	249	inject	20020	700249
101	250	inject	20020	700250
101	251	inject	20020	700251
101	252	inject	20020	700252
101	253	inject	20020	700253
101	254	inject	20020	700254
101	255	inject	20020	700255
101	256	inject	20020	700256
101	257	inject	20020	700257
101	258	inject	20020	700258
101	259	inject	20020	700259
101	260	inject	20020	700260
101	261	inject	20020	700261
101	262	inject	20020	700262
101	263	inject	20020	700263
101	264	inject	20020	700264
101	265	inject	20020	700265
101	266	inject	20020	700266
101	267	inject	20020	700267
101	268	inject	20020	700268
101	269	inject	20020	700269
101	270	inject	20020	700270
101	271	inject	20020	700271
101	272	inject	20020	700272
101	273	inject	20020	700273
101	274	inject	20020	700274
101	275	inject	20020	700275
101	276	inject	20020	700276
101	277	inject	20020	700277
101	278	inject	20020	700278
101	279	inject	20020	700279
101	280	inject	20020	700280
101	281	inject	20020	700281
101	282	inject	20020	700282
101	283	inject	20020	700283
101	284	inject	20020	700284
101	285	inject	20020	700285
101	286	inject	20020	700286
101	287	inject	20020	700287
101	288	inject	20020	700288
101	289	inject	20020	700289
101	290	inject	20020	700290
101	291	inject	20020	700291
101	292	inject	20020	700292
101	293	inject	20020	700293
101	294	inject	20020	700294
102	300	inject	20021	700300
102	301	inject	20021	700301
102	302	inject	20021	700302
102	303	inject	20021	700303
102	304	inject	20021	700304
102	305	inject	20021	700305
102	306	inject	20021	700306
102	307	inject	20021	700307
102	308	inject	20021	700308
102	309	inject	20021	700309
102	310	inject	20021	700310
102	311	inject	20021	700311
102	312	inject	20021	700312
102	313	inject	20021	700313
102	314	inject	20021	700314
102	315	inject	20021	700315
102	316	inject	20021	700316
102	317	inject	20021	700317
102	318	inject	20021	700318
102	319	inject	20021	700319
102	320	inject	20021	700320
102	321	inject	20021	700321
102	322	inject	20021	700322
102	323	inject	20021	700323
102	324	inject	20021	700324
102	325	inject	20021	700325
102	326	inject	20021	700326
102	327	inject	20021	700327
102	328	inject	20021	700328
102	329	inject	20021	700329
102	330	inject	20021	700330
102	331	inject	20021	700331
102	332	inject	20021	700332
102	333	inject	20021	700333
102	334	inject	20021	700334
102	335	inject	20021	700335
102	336	inject	20021	700336
102	337	inject	20021	700337
102	338	inject	20021	700338
102	339	inject	20021	700339
102	340	inject	20021	700340
102	341	inject	20021	700341
102	342	inject	20021	700342
102	343	inject	20021	700343
102	344	inject	20021	700344
102	345	inject	20021	700345
102	346	inject	20021	700346
102	347	inject	20021	700347
102	348	inject	20021	700348
102	349	inject	20021	700349
102	350	inject	20021	700350
102	351	inject	20021	700351
102	352	inject	20021	700352
102	353	inject	20021	700353
102	354	inject	20021	700354
102	355	inject	20021	700355
102	356	inject	20021	700356
102	357	inject	20021	700357
102	358	inject	20021	700358
102	359	inject	20021	700359
102	360	inject	20021	700360
102	361	inject	20021	700361
102	362	inject	20021	700362
102	363	inject	20021	700363
102	364	inject	20021	700364
102	365	inject	20021	700365
102	366	inject	20021	700366
102	367	inject	20021	700367
102	368	inject	20021	700368
102	369	inject	20021	700369
102	370	inject	20021	700370
102	371	inject	20021	700371
102	372	inject	20021	700372
102	373	inject	20021	700373
102	374	inject	20021	700374
102	375	inject	20021	700375
102	376	inject	20021	700376
102	377	inject	20021	700377
102	378	inject	20021	700378
102	379	inject	20021	700379
102	380	inject	20021	700380
102	381	inject	20021	700381
102	382	inject	20021	700382
102	383	inject	20021	700383
102	384	inject	20021	700384
102	385	inject	20021	700385
102	386	inject	20021	700386
102	387	inject	20021	700387
102	388	inject	20021	700388
102	389	inject	20021	700389
102	390	inject	20021	700390
102	391	inject	20021	700391
102	392	inject	20021	700392
102	393	inject	20021	700393
102	394	inject	20021	700394
103	400	inject	20022	700400
103	401	inject	20022	700401
103	402	inject	20022	700402
103	403	inject	20022	700403
103	404	inject	20022	700404
103	405	inject	20022	700405
103	406	inject	20022	700406
103	407	inject	20022	700407
103	408	inject	20022	700408
103	409	inject	20022	700409
103	410	inject	20022	700410
103	411	inject	20022	700411
103	412	inject	20022	700412
103	413	inject	20022	700413
103	414	inject	20022	700414
103	415	inject	20022	700415
103	416	inject	20022	700416
103	417	inject	20022	700417
103	418	inject	20022	700418
103	419	inject	20022	700419
103	420	inject	20022	700420
103	421	inject	20022	700421
103	422	inject	20022	700422
103	423	inject	20022	700423
103	424	inject	20022	700424
103	425	inject	20022	700425
103	426	inject	20022	700426
103	427	inject	20022	700427
103	428	inject	20022	700428
103	429	inject	20022	700429
103	430	inject	20022	700430
103	431	inject	20022	700431
103	432	inject	20022	700432
103	433	inject	20022	700433
103	434	inject	20022	700434
103	435	inject	20022	700435
103	436	inject	20022	700436
103	437	inject	20022	700437
103	438	inject	20022	700438
103	439	inject	20022	700439
103	440	inject	20022	700440
103	441	inject	20022	700441
103	442	inject	20022	700442
103	443	inject	20022	700443
103	444	inject	20022	700444
103	445	inject	20022	700445
103	446	inject	20022	700446
103	447	inject	20022	700447
103	448	inject	20022	700448
103	449	inject	20022	700449
103	450	inject	20022	700450
103	451	inject	20022	700451
103	452	inject	20022	700452
103	453	inject	20022	700453
103	454	inject	20022	700454
103	455	inject	20022	700455
103	456	inject	20022	700456
103	457	inject	20022	700457
103	458	inject	20022	700458
103	459	inject	20022	700459
103	460	inject	20022	700460
103	461	inject	20022	700461
103	462	inject	20022	700462
103	463	inject	20022	700463
103	464	inject	20022	700464
103	465	inject	20022	700465
103	466	inject	20022	700466
103	467	inject	20022	700467
103	468	inject	20022	700468
103	469	inject	20022	700469
103	470	inject	20022	700470
103	471	inject	20022	700471
103	472	inject	20022	700472
103	473	inject	20022	700473
103	474	inject	20022	700474
103	475	inject	20022	700475
103	476	inject	20022	700476
103	477	inject	20022	700477
103	478	inject	20022	700478
103	479	inject	20022	700479
103	480	inject	20022	700480
103	481	inject	20022	700481
103	482	inject	20022	700482
103	483	inject	20022	700483
103	484	inject	20022	700484
103	485	inject	20022	700485
103	486	inject	20022	700486
103	487	inject	20022	700487
103	488	inject	20022	700488
103	489	inject	20022	700489
103	490	inject	20022	700490
103	491	inject	20022	700491
103	492	inject	20022	700492
103	493	inject	20022	700493
103	494	inject	20022	700494
104	500	inject	20023	700500
104	501	inject	20023	700501
104	502	inject	20023	700502
104	503	inject	20023	700503
104	504	inject	20023	700504
104	505	inject	20023	700505
104	506	inject	20023	700506
104	507	inject	20023	700507
104	508	inject	20023	700508
104	509	inject	20023	700509
104	510	inject	20023	700510
104	511	inject	20023	700511
104	512	inject	20023	700512
104	513	inject	20023	700513
104	514	inject	20023	700514
104	515	inject	20023	700515
104	516	inject	20023	700516
104	517	inject	20023	700517
104	518	inject	20023	700518
104	519	inject	20023	700519
104	520	inject	20023	700520
104	521	inject	20023	700521
104	522	inject	20023	700522
104	523	inject	20023	700523
104	524	inject	20023	700524
104	525	inject	20023	700525
104	526	inject	20023	700526
104	527	inject	20023	700527
104	528	inject	20023	700528
104	529	inject	20023	700529
104	530	inject	20023	700530
104	531	inject	20023	700531
104	532	inject	20023	700532
104	533	inject	20023	700533
104	534	inject	20023	700534
104	535	inject	20023	700535
104	536	inject	20023	700536
104	537	inject	20023	700537
104	538	inject	20023	700538
104	539	inject	20023	700539
104	540	inject	20023	700540
104	541	inject	20023	700541
104	542	inject	20023	700542
104	543	inject	20023	700543
104	544	inject	20023	700544
104	545	inject	20023	700545
104	546	inject	20023	700546
104	547	inject	20023	700547
104	548	inject	20023	700548
104	549	inject	20023	700549
104	550	inject	20023	700550
104	551	inject	20023	700551
104	552	inject	20023	700552
104	553	inject	20023	700553
104	554	inject	20023	700554
104	555	inject	20023	700555
104	556	inject	20023	700556
104	557	inject	20023	700557
104	558	inject	20023	700558
104	559	inject	20023	700559
104	560	inject	20023	700560
104	561	inject	20023	700561
104	562	inject	20023	700562
104	563	inject	20023	700563
104	564	inject	20023	700564
104	565	inject	20023	700565
104	566	inject	20023	700566
104	567	inject	20023	700567
104	568	inject	20023	700568
104	569	inject	20023	700569
104	570	inject	20023	700570
104	571	inject	20023	700571
104	572	inject	20023	700572
104	573	inject	20023	700573
104	574	inject	20023	700574
104	575	inject	20023	700575
104	576	inject	20023	700576
104	577	inject	20023	700577
104	578	inject	20023	700578
104	579	inject	20023	700579
104	580	inject	20023	700580
104	581	inject	20023	700581
104	582	inject	20023	700582
104	583	inject	20023	700583
104	584	inject	20023	700584
104	585	inject	20023	700585
104	586	inject	20023	700586
104	587	inject	20023	700587
104	588	inject	20023	700588
104	589	inject	20023	700589
104	590	inject	20023	700590
104	591	inject	20023	700591
104	592	inject	20023	700592
104	593	inject	20023	700593
104	594	inject	20023	700594
105	600	inject	20024	700600
105	601	inject	20024	700601
105	602	inject	20024	700602
105	603	inject	20024	700603
105	604	inject	20024	700604
105	605	inject	20024	700605
105	606	inject	20024	700606
105	607	inject	20024	700607
105	608	inject	20024	700608
105	609	inject	20024	700609
105	610	inject	20024	700610
105	611	inject	20024	700611
105	612	inject	20024	700612
105	613	inject	20024	700613
105	614	inject	20024	700614
105	615	inject	20024	700615
105	616	inject	20024	700616
105	617	inject	20024	700617
105	618	inject	20024	700618
105	619	inject	20024	700619
105	620	inject	20024	700620
105	621	inject	20024	700621
105	622	inject	20024	700622
105	623	inject	20024	700623
105	624	inject	20024	700624
105	625	inject	20024	700625
105	626	inject	20024	700626
105	627	inject	20024	700627
105	628	inject	20024	700628
105	629	inject	20024	700629
105	630	inject	20024	700630
105	631	inject	20024	700631
105	632	inject	20024	700632
105	633	inject	20024	700633
105	634	inject	20024	700634
105	635	inject	20024	700635
105	636	inject	20024	700636
105	637	inject	20024	700637
105	638	inject	20024	700638
105	639	inject	20024	700639
105	640	inject	20024	700640
105	641	inject	20024	700641
105	642	inject	20024	700642
105	643	inject	20024	700643
105	644	inject	20024	700644
105	645	inject	20024	700645
105	646	inject	20024	700646
105	647	inject	20024	700647
105	648	inject	20024	700648
105	649	inject	20024	700649
105	650	inject	20024	700650
105	651	inject	20024	700651
105	652	inject	20024	700652
105	653	inject	20024	700653
105	654	inject	20024	700654
105	655	inject	20024	700655
105	656	inject	20024	700656
105	657	inject	20024	700657
105	658	inject	20024	700658
105	659	inject	20024	700659
105	660	inject	20024	700660
105	661	inject	20024	700661
105	662	inject	20024	700662
105	663	inject	20024	700663
105	664	inject	20024	700664
105	665	inject	20024	700665
105	666	inject	20024	700666
105	667	inject	20024	700667
105	668	inject	20024	700668
105	669	inject	20024	700669
105	670	inject	20024	700670
105	671	inject	20024	700671
105	672	inject	20024	700672
105	673	inject	20024	700673
105	674	inject	20024	700674
105	675	inject	20024	700675
105	676	inject	20024	700676
105	677	inject	20024	700677
105	678	inject	20024	700678
105	679	inject	20024	700679
105	680	inject	20024	700680
105	681	inject	20024	700681
105	682	inject	20024	700682
105	683	inject	20024	700683
105	684	inject	20024	700684
105	685	inject	20024	700685
105	686	inject	20024	700686
105	687	inject	20024	700687
105	688	inject	20024	700688
105	689	inject	20024	700689
105	690	inject	20024	700690
105	691	inject	20024	700691
105	692	inject	20024	700692
105	693	inject	20024	700693
105	694	inject	20024	700694
106	700	inject	20025	700700
106	701	inject	20025	700701
106	702	inject	20025	700702
106	703	inject	20025	700703
106	704	inject	20025	700704
106	705	inject	20025	700705
106	706	inject	20025	700706
106	707	inject	20025	700707
106	708	inject	20025	700708
106	709	inject	20025	700709
106	710	inject	20025	700710
106	711	inject	20025	700711
106	712	inject	20025	700712
106	713	inject	20025	700713
106	714	inject	20025	700714
106	715	inject	20025	700715
106	716	inject	20025	700716
106	717	inject	20025	700717
106	718	inject	20025	700718
106	719	inject	20025	700719
106	720	inject	20025	700720
106	721	inject	20025	700721
106	722	inject	20025	700722
106	723	inject	20025	700723
106	724	inject	20025	700724
106	725	inject	20025	700725
106	726	inject	20025	700726
106	727	inject	20025	700727
106	728	inject	20025	700728
106	729	inject	20025	700729
106	730	inject	20025	700730
106	731	inject	20025	700731
106	732	inject	20025	700732
106	733	inject	20025	700733
106	734	inject	20025	700734
106	735	inject	20025	700735
106	736	inject	20025	700736
106	737	inject	20025	700737
106	738	inject	20025	700738
106	739	inject	20025	700739
106	740	inject	20025	700740
106	741	inject	20025	700741
106	742	inject	20025	700742
106	743	inject	20025	700743
106	744	inject	20025	700744
106	745	inject	20025	700745
106	746	inject	20025	700746
106	747	inject	20025	700747
106	748	inject	20025	700748
106	749	inject	20025	700749
106	750	inject	20025	700750
106	751	inject	20025	700751
106	752	inject	20025	700752
106	753	inject	20025	700753
106	754	inject	20025	700754
106	755	inject	20025	700755
106	756	inject	20025	700756
106	757	inject	20025	700757
106	758	inject	20025	700758
106	759	inject	20025	700759
106	760	inject	20025	700760
106	761	inject	20025	700761
106	762	inject	20025	700762
106	763	inject	20025	700763
106	764	inject	20025	700764
106	765	inject	20025	700765
106	766	inject	20025	700766
106	767	inject	20025	700767
106	768	inject	20025	700768
106	769	inject	20025	700769
106	770	inject	20025	700770
106	771	inject	20025	700771
106	772	inject	20025	700772
106	773	inject	20025	700773
106	774	inject	20025	700774
106	775	inject	20025	700775
106	776	inject	20025	700776
106	777	inject	20025	700777
106	778	inject	20025	700778
106	779	inject	20025	700779
106	780	inject	20025	700780
106	781	inject	20025	700781
106	782	inject	20025	700782
106	783	inject	20025	700783
106	784	inject	20025	700784
106	785	inject	20025	700785
106	786	inject	20025	700786
106	787	inject	20025	700787
106	788	inject	20025	700788
106	789	inject	20025	700789
106	790	inject	20025	700790
106	791	inject	20025	700791
106	792	inject	20025	700792
106	793	inject	20025	700793
106	794	inject	20025	700794
107	800	inject	20026	700800
107	801	inject	20026	700801
107	802	inject	20026	700802
107	803	inject	20026	700803
107	804	inject	20026	700804
107	805	inject	20026	700805
107	806	inject	20026	700806
107	807	inject	20026	700807
107	808	inject	20026	700808
107	809	inject	20026	700809
107	810	inject	20026	700810
107	811	inject	20026	700811
107	812	inject	20026	700812
107	813	inject	20026	700813
107	814	inject	20026	700814
107	815	inject	20026	700815
107	816	inject	20026	700816
107	817	inject	20026	700817
107	818	inject	20026	700818
107	819	inject	20026	700819
107	820	inject	20026	700820
107	821	inject	20026	700821
107	822	inject	20026	700822
107	823	inject	20026	700823
107	824	inject	20026	700824
107	825	inject	20026	700825
107	826	inject	20026	700826
107	827	inject	20026	700827
107	828	inject	20026	700828
107	829	inject	20026	700829
107	830	inject	20026	700830
107	831	inject	20026	700831
107	832	inject	20026	700832
107	833	inject	20026	700833
107	834	inject	20026	700834
107	835	inject	20026	700835
107	836	inject	20026	700836
107	837	inject	20026	700837
107	838	inject	20026	700838
107	839	inject	20026	700839
107	840	inject	20026	700840
107	841	inject	20026	700841
107	842	inject	20026	700842
107	843	inject	20026	700843
107	844	inject	20026	700844
107	845	inject	20026	700845
107	846	inject	20026	700846
107	847	inject	20026	700847
107	848	inject	20026	700848
107	849	inject	20026	700849
107	850	inject	20026	700850
107	851	inject	20026	700851
107	852	inject	20026	700852
107	853	inject	20026	700853
107	854	inject	20026	700854
107	855	inject	20026	700855
107	856	inject	20026	700856
107	857	inject	20026	700857
107	858	inject	20026	700858
107	859	inject	20026	700859
107	860	inject	20026	700860
107	861	inject	20026	700861
107	862	inject	20026	700862
107	863	inject	20026	700863
107	864	inject	20026	700864
107	865	inject	20026	700865
107	866	inject	20026	700866
107	867	inject	20026	700867
107	868	inject	20026	700868
107	869	inject	20026	700869
107	870	inject	20026	700870
107	871	inject	20026	700871
107	872	inject	20026	700872
107	873	inject	20026	700873
107	874	inject	20026	700874
107	875	inject	20026	700875
107	876	inject	20026	700876
107	877	inject	20026	700877
107	878	inject	20026	700878
107	879	inject	20026	700879
107	880	inject	20026	700880
107	881	inject	20026	700881
107	882	inject	20026	700882
107	883	inject	20026	700883
107	884	inject	20026	700884
107	885	inject	20026	700885
107	886	inject	20026	700886
107	887	inject	20026	700887
107	888	inject	20026	700888
107	889	inject	20026	700889
107	890	inject	20026	700890
107	891	inject	20026	700891
107	892	inject	20026	700892
107	893	inject	20026	700893
107	894	inject	20026	700894
108	900	inject	20027	700900
108	901	inject	20027	700901
108	902	inject	20027	700902
108	903	inject	20027	700903
108	904	inject	20027	700904
108	905	inject	20027	700905
108	906	inject	20027	700906
108	907	inject	20027	700907
108	908	inject	20027	700908
108	909	inject	20027	700909
108	910	inject	20027	700910
108	911	inject	20027	700911
108	912	inject	20027	700912
108	913	inject	20027	700913
108	914	inject	20027	700914
108	915	inject	20027	700915
108	916	inject	20027	700916
108	917	inject	20027	700917
108	918	inject	20027	700918
108	919	inject	20027	700919
108	920	inject	20027	700920
108	921	inject	20027	700921
108	922	inject	20027	700922
108	923	inject	20027	700923
108	924	inject	20027	700924
108	925	inject	20027	700925
108	926	inject	20027	700926
108	927	inject	20027	700927
108	928	inject	20027	700928
108	929	inject	20027	700929
108	930	inject	20027	700930
108	931	inject	20027	700931
108	932	inject	20027	700932
108	933	inject	20027	700933
108	934	inject	20027	700934
108	935	inject	20027	700935
108	936	inject	20027	700936
108	937	inject	20027	700937
108	938	inject	20027	700938
108	939	inject	20027	700939
108	940	inject	20027	700940
108	941	inject	20027	700941
108	942	inject	20027	700942
108	943	inject	20027	700943
108	944	inject	20027	700944
108	945	inject	20027	700945
108	946	inject	20027	700946
108	947	inject	20027	700947
108	948	inject	20027	700948
108	949	inject	20027	700949
108	950	inject	20027	700950
108	951	inject	20027	700951
108	952	inject	20027	700952
108	953	inject	20027	700953
108	954	inject	20027	700954
108	955	inject	20027	700955
108	956	inject	20027	700956
108	957	inject	20027	700957
108	958	inject	20027	700958
108	959	inject	20027	700959
108	960	inject	20027	700960
108	961	inject	20027	700961
108	962	inject	20027	700962
108	963	inject	20027	700963
108	964	inject	20027	700964
108	965	inject	20027	700965
108	966	inject	20027	700966
108	967	inject	20027	700967
108	968	inject	20027	700968
108	969	inject	20027	700969
108	970	inject	20027	700970
108	971	inject	20027	700971
108	972	inject	20027	700972
108	973	inject	20027	700973
108	974	inject	20027	700974
108	975	inject	20027	700975
108	976	inject	20027	700976
108	977	inject	20027	700977
108	978	inject	20027	700978
108	979	inject	20027	700979
108	980	inject	20027	700980
108	981	inject	20027	700981
108	982	inject	20027	700982
108	983	inject	20027	700983
108	984	inject	20027	700984
108	985	inject	20027	700985
108	986	inject	20027	700986
108	987	inject	20027	700987
108	988	inject	20027	700988
108	989	inject	20027	700989
108	990	inject	20027	700990
108	991	inject	20027	700991
108	992	inject	20027	700992
108	993	inject	20027	700993
108	994	inject	20027	700994
300	19999	inject	20028	719999
301	19990	matched	12	3001
302	19991	matched	13	3002
400	2000	inject	20031	702000
400	2001	inject	20031	702001
400	2002	inject	20031	702002
400	2003	inject	20031	702003
400	2004	inject	20031	702004
400	2005	inject	20031	702005
400	2006	inject	20031	702006
400	2007	inject	20031	702007
400	2008	inject	20031	702008
400	2009	inject	20031	702009
400	2010	inject	20031	702010
400	2011	inject	20031	702011
400	2012	inject	20031	702012
400	2013	inject	20031	702013
400	2014	inject	20031	702014
400	2015	inject	20031	702015
400	2016	inject	20031	702016
400	2017	inject	20031	702017
400	2018	inject	20031	702018
400	2019	inject	20031	702019
400	2020	inject	20031	702020
400	2021	inject	20031	702021
400	2022	inject	20031	702022
400	2023	inject	20031	702023
400	2024	inject	20031	702024
400	2025	inject	20031	702025
400	2026	inject	20031	702026
400	2027	inject	20031	702027
401	2030	inject	20032	702030
401	2031	inject	20032	702031
401	2032	inject	20032	702032
401	2033	inject	20032	702033
401	2034	inject	20032	702034
401	2035	inject	20032	702035
401	2036	inject	20032	702036
401	2037	inject	20032	702037
401	2038	inject	20032	702038
401	2039	inject	20032	702039
401	2040	inject	20032	702040
401	2041	inject	20032	702041
401	2042	inject	20032	702042
401	2043	inject	20032	702043
401	2044	inject	20032	702044
401	2045	inject	20032	702045
401	2046	inject	20032	702046
401	2047	inject	20032	702047
401	2048	inject	20032	702048
401	2049	inject	20032	702049
401	2050	inject	20032	702050
401	2051	inject	20032	702051
401	2052	inject	20032	702052
401	2053	inject	20032	702053
401	2054	inject	20032	702054
401	2055	inject	20032	702055
401	2056	inject	20032	702056
401	2057	inject	20032	702057
402	2060	inject	20033	702060
402	2061	inject	20033	702061
402	2062	inject	20033	702062
402	2063	inject	20033	702063
402	2064	inject	20033	702064
402	2065	inject	20033	702065
402	2066	inject	20033	702066
402	2067	inject	20033	702067
402	2068	inject	20033	702068
402	2069	inject	20033	702069
402	2070	inject	20033	702070
402	2071	inject	20033	702071
402	2072	inject	20033	702072
402	2073	inject	20033	702073
402	2074	inject	20033	702074
402	2075	inject	20033	702075
402	2076	inject	20033	702076
402	2077	inject	20033	702077
402	2078	inject	20033	702078
402	2079	inject	20033	702079
402	2080	inject	20033	702080
402	2081	inject	20033	702081
402	2082	inject	20033	702082
402	2083	inject	20033	702083
402	2084	inject	20033	702084
402	2085	inject	20033	702085
402	2086	inject	20033	702086
402	2087	inject	20033	702087
403	2110	inject	20034	702110
403	2111	inject	20034	702111
403	2112	inject	20034	702112
403	2113	inject	20034	702113
403	2114	inject	20034	702114
403	2115	inject	20034	702115
403	2116	inject	20034	702116
403	2117	inject	20034	702117
403	2118	inject	20034	702118
403	2119	inject	20034	702119
403	2120	inject	20034	702120
403	2121	inject	20034	702121
403	2122	inject	20034	702122
403	2123	inject	20034	702123
403	2124	inject	20034	702124
403	2125	inject	20034	702125
403	2126	inject	20034	702126
403	2127	inject	20034	702127
403	2128	inject	20034	702128
403	2129	inject	20034	702129
403	2130	inject	20034	702130
403	2131	inject	20034	702131
403	2132	inject	20034	702132
403	2133	inject	20034	702133
403	2134	inject	20034	702134
403	2135	inject	20034	702135
403	2136	inject	20034	702136
403	2137	inject	20034	702137
404	2140	inject	20035	702140
404	2141	inject	20035	702141
404	2142	inject	20035	702142
404	2143	inject	20035	702143
404	2144	inject	20035	702144
404	2145	inject	20035	702145
404	2146	inject	20035	702146
404	2147	inject	20035	702147
404	2148	inject	20035	702148
404	2149	inject	20035	702149
404	2150	inject	20035	702150
404	2151	inject	20035	702151
404	2152	inject	20035	702152
404	2153	inject	20035	702153
404	2154	inject	20035	702154
404	2155	inject	20035	702155
404	2156	inject	20035	702156
404	2157	inject	20035	702157
404	2158	inject	20035	702158
404	2159	inject	20035	702159
404	2160	inject	20035	702160
404	2161	inject	20035	702161
404	2162	inject	20035	702162
404	2163	inject	20035	702163
404	2164	inject	20035	702164
404	2165	inject	20035	702165
404	2166	inject	20035	702166
404	2167	inject	20035	702167
405	2170	inject	20036	702170
405	2171	inject	20036	702171
405	2172	inject	20036	702172
405	2173	inject	20036	702173
405	2174	inject	20036	702174
405	2175	inject	20036	702175
405	2176	inject	20036	702176
405	2177	inject	20036	702177
405	2178	inject	20036	702178
405	2179	inject	20036	702179
405	2180	inject	20036	702180
405	2181	inject	20036	702181
405	2182	inject	20036	702182
405	2183	inject	20036	702183
405	2184	inject	20036	702184
405	2185	inject	20036	702185
405	2186	inject	20036	702186
405	2187	inject	20036	702187
405	2188	inject	20036	702188
405	2189	inject	20036	702189
405	2190	inject	20036	702190
405	2191	inject	20036	702191
405	2192	inject	20036	702192
405	2193	inject	20036	702193
405	2194	inject	20036	702194
405	2195	inject	20036	702195
405	2196	inject	20036	702196
405	2197	inject	20036	702197
406	2200	inject	20037	702200
406	2201	inject	20037	702201
406	2202	inject	20037	702202
406	2203	inject	20037	702203
406	2204	inject	20037	702204
406	2205	inject	20037	702205
406	2206	inject	20037	702206
406	2207	inject	20037	702207
406	2208	inject	20037	702208
406	2209	inject	20037	702209
406	2210	inject	20037	702210
406	2211	inject	20037	702211
406	2212	inject	20037	702212
406	2213	inject	20037	702213
406	2214	inject	20037	702214
406	2215	inject	20037	702215
406	2216	inject	20037	702216
406	2217	inject	20037	702217
406	2218	inject	20037	702218
406	2219	inject	20037	702219
406	2220	inject	20037	702220
406	2221	inject	20037	702221
406	2222	inject	20037	702222
406	2223	inject	20037	702223
406	2224	inject	20037	702224
406	2225	inject	20037	702225
406	2226	inject	20037	702226
406	2227	inject	20037	702227
407	2230	inject	20038	702230
407	2231	inject	20038	702231
407	2232	inject	20038	702232
407	2233	inject	20038	702233
407	2234	inject	20038	702234
407	2235	inject	20038	702235
407	2236	inject	20038	702236
407	2237	inject	20038	702237
407	2238	inject	20038	702238
407	2239	inject	20038	702239
407	2240	inject	20038	702240
407	2241	inject	20038	702241
407	2242	inject	20038	702242
407	2243	inject	20038	702243
407	2244	inject	20038	702244
407	2245	inject	20038	702245
407	2246	inject	20038	702246
407	2247	inject	20038	702247
407	2248	inject	20038	702248
407	2249	inject	20038	702249
407	2250	inject	20038	702250
407	2251	inject	20038	702251
407	2252	inject	20038	702252
407	2253	inject	20038	702253
407	2254	inject	20038	702254
407	2255	inject	20038	702255
407	2256	inject	20038	702256
407	2257	inject	20038	702257
408	2260	inject	20039	702260
408	2261	inject	20039	702261
408	2262	inject	20039	702262
408	2263	inject	20039	702263
408	2264	inject	20039	702264
408	2265	inject	20039	702265
408	2266	inject	20039	702266
408	2267	inject	20039	702267
408	2268	inject	20039	702268
408	2269	inject	20039	702269
408	2270	inject	20039	702270
408	2271	inject	20039	702271
408	2272	inject	20039	702272
408	2273	inject	20039	702273
408	2274	inject	20039	702274
408	2275	inject	20039	702275
408	2276	inject	20039	702276
408	2277	inject	20039	702277
408	2278	inject	20039	702278
408	2279	inject	20039	702279
408	2280	inject	20039	702280
408	2281	inject	20039	702281
408	2282	inject	20039	702282
408	2283	inject	20039	702283
408	2284	inject	20039	702284
408	2285	inject	20039	702285
408	2286	inject	20039	702286
408	2287	inject	20039	702287
409	2290	inject	20040	702290
409	2291	inject	20040	702291
409	2292	inject	20040	702292
409	2293	inject	20040	702293
409	2294	inject	20040	702294
409	2295	inject	20040	702295
409	2296	inject	20040	702296
409	2297	inject	20040	702297
409	2298	inject	20040	702298
409	2299	inject	20040	702299
409	2300	inject	20040	702300
409	2301	inject	20040	702301
409	2302	inject	20040	702302
409	2303	inject	20040	702303
409	2304	inject	20040	702304
409	2305	inject	20040	702305
409	2306	inject	20040	702306
409	2307	inject	20040	702307
409	2308	inject	20040	702308
409	2309	inject	20040	702309
409	2310	inject	20040	702310
409	2311	inject	20040	702311
409	2312	inject	20040	702312
409	2313	inject	20040	702313
409	2314	inject	20040	702314
409	2315	inject	20040	702315
409	2316	inject	20040	702316
409	2317	inject	20040	702317
410	2320	inject	20041	702320
410	2321	inject	20041	702321
410	2322	inject	20041	702322
410	2323	inject	20041	702323
410	2324	inject	20041	702324
410	2325	inject	20041	702325
410	2326	inject	20041	702326
410	2327	inject	20041	702327
410	2328	inject	20041	702328
410	2329	inject	20041	702329
410	2330	inject	20041	702330
410	2331	inject	20041	702331
410	2332	inject	20041	702332
410	2333	inject	20041	702333
410	2334	inject	20041	702334
410	2335	inject	20041	702335
410	2336	inject	20041	702336
410	2337	inject	20041	702337
410	2338	inject	20041	702338
410	2339	inject	20041	702339
410	2340	inject	20041	702340
410	2341	inject	20041	702341
410	2342	inject	20041	702342
410	2343	inject	20041	702343
410	2344	inject	20041	702344
410	2345	inject	20041	702345
410	2346	inject	20041	702346
410	2347	inject	20041	702347
411	2350	inject	20042	702350
411	2351	inject	20042	702351
411	2352	inject	20042	702352
411	2353	inject	20042	702353
411	2354	inject	20042	702354
411	2355	inject	20042	702355
411	2356	inject	20042	702356
411	2357	inject	20042	702357
411	2358	inject	20042	702358
411	2359	inject	20042	702359
411	2360	inject	20042	702360
411	2361	inject	20042	702361
411	2362	inject	20042	702362
411	2363	inject	20042	702363
411	2364	inject	20042	702364
411	2365	inject	20042	702365
411	2366	inject	20042	702366
411	2367	inject	20042	702367
411	2368	inject	20042	702368
411	2369	inject	20042	702369
411	2370	inject	20042	702370
411	2371	inject	20042	702371
411	2372	inject	20042	702372
411	2373	inject	20042	702373
411	2374	inject	20042	702374
411	2375	inject	20042	702375
411	2376	inject	20042	702376
411	2377	inject	20042	702377
412	2380	inject	20043	702380
412	2381	inject	20043	702381
412	2382	inject	20043	702382
412	2383	inject	20043	702383
412	2384	inject	20043	702384
412	2385	inject	20043	702385
412	2386	inject	20043	702386
412	2387	inject	20043	702387
412	2388	inject	20043	702388
412	2389	inject	20043	702389
412	2390	inject	20043	702390
412	2391	inject	20043	702391
412	2392	inject	20043	702392
412	2393	inject	20043	702393
412	2394	inject	20043	702394
412	2395	inject	20043	702395
412	2396	inject	20043	702396
412	2397	inject	20043	702397
412	2398	inject	20043	702398
412	2399	inject	20043	702399
412	2400	inject	20043	702400
412	2401	inject	20043	702401
412	2402	inject	20043	702402
412	2403	inject	20043	702403
412	2404	inject	20043	702404
412	2405	inject	20043	702405
412	2406	inject	20043	702406
412	2407	inject	20043	702407
413	2410	inject	20044	702410
413	2411	inject	20044	702411
413	2412	inject	20044	702412
413	2413	inject	20044	702413
413	2414	inject	20044	702414
413	2415	inject	20044	702415
413	2416	inject	20044	702416
413	2417	inject	20044	702417
413	2418	inject	20044	702418
413	2419	inject	20044	702419
413	2420	inject	20044	702420
413	2421	inject	20044	702421
413	2422	inject	20044	702422
413	2423	inject	20044	702423
413	2424	inject	20044	702424
413	2425	inject	20044	702425
413	2426	inject	20044	702426
413	2427	inject	20044	702427
413	2428	inject	20044	702428
413	2429	inject	20044	702429
413	2430	inject	20044	702430
413	2431	inject	20044	702431
413	2432	inject	20044	702432
413	2433	inject	20044	702433
413	2434	inject	20044	702434
413	2435	inject	20044	702435
413	2436	inject	20044	702436
413	2437	inject	20044	702437
414	2440	inject	20045	702440
414	2441	inject	20045	702441
414	2442	inject	20045	702442
414	2443	inject	20045	702443
414	2444	inject	20045	702444
414	2445	inject	20045	702445
414	2446	inject	20045	702446
414	2447	inject	20045	702447
414	2448	inject	20045	702448
414	2449	inject	20045	702449
414	2450	inject	20045	702450
414	2451	inject	20045	702451
414	2452	inject	20045	702452
414	2453	inject	20045	702453
414	2454	inject	20045	702454
414	2455	inject	20045	702455
414	2456	inject	20045	702456
414	2457	inject	20045	702457
414	2458	inject	20045	702458
414	2459	inject	20045	702459
414	2460	inject	20045	702460
414	2461	inject	20045	702461
414	2462	inject	20045	702462
414	2463	inject	20045	702463
414	2464	inject	20045	702464
414	2465	inject	20045	702465
414	2466	inject	20045	702466
414	2467	inject	20045	702467
415	2470	inject	20046	702470
415	2471	inject	20046	702471
415	2472	inject	20046	702472
415	2473	inject	20046	702473
415	2474	inject	20046	702474
415	2475	inject	20046	702475
415	2476	inject	20046	702476
415	2477	inject	20046	702477
415	2478	inject	20046	702478
415	2479	inject	20046	702479
415	2480	inject	20046	702480
415	2481	inject	20046	702481
415	2482	inject	20046	702482
415	2483	inject	20046	702483
415	2484	inject	20046	702484
415	2485	inject	20046	702485
415	2486	inject	20046	702486
415	2487	inject	20046	702487
415	2488	inject	20046	702488
415	2489	inject	20046	702489
415	2490	inject	20046	702490
415	2491	inject	20046	702491
415	2492	inject	20046	702492
415	2493	inject	20046	702493
415	2494	inject	20046	702494
415	2495	inject	20046	702495
415	2496	inject	20046	702496
415	2497	inject	20046	702497
421	2500	inject	20047	702500
421	2501	inject	20047	702501
421	2502	inject	20047	702502
421	2503	inject	20047	702503
421	2504	inject	20047	702504
421	2505	inject	20047	702505
421	2506	inject	20047	702506
421	2507	inject	20047	702507
421	2508	inject	20047	702508
421	2509	inject	20047	702509
421	2510	inject	20047	702510
421	2511	inject	20047	702511
421	2512	inject	20047	702512
421	2513	inject	20047	702513
421	2514	inject	20047	702514
421	2515	inject	20047	702515
421	2516	inject	20047	702516
421	2517	inject	20047	702517
421	2518	inject	20047	702518
421	2519	inject	20047	702519
422	2520	inject	20048	702520
422	2521	inject	20048	702521
422	2522	inject	20048	702522
422	2523	inject	20048	702523
422	2524	inject	20048	702524
422	2525	inject	20048	702525
422	2526	inject	20048	702526
422	2527	inject	20048	702527
423	2528	inject	20049	702528
423	2529	inject	20049	702529
423	2530	inject	20049	702530
423	2531	inject	20049	702531
423	2532	inject	20049	702532
423	2533	inject	20049	702533
423	2534	inject	20049	702534
423	2535	inject	20049	702535
424	2540	inject	20050	702540
424	2541	inject	20050	702541
424	2542	inject	20050	702542
424	2543	inject	20050	702543
424	2544	inject	20050	702544
424	2545	inject	20050	702545
424	2546	inject	20050	702546
424	2547	inject	20050	702547
424	2548	inject	20050	702548
424	2549	inject	20050	702549
424	2550	inject	20050	702550
424	2551	inject	20050	702551
424	2552	inject	20050	702552
424	2553	inject	20050	702553
424	2554	inject	20050	702554
424	2555	inject	20050	702555
424	2556	inject	20050	702556
424	2557	inject	20050	702557
424	2558	inject	20050	702558
424	2559	inject	20050	702559
425	2560	inject	20051	702560
425	2561	inject	20051	702561
425	2562	inject	20051	702562
425	2563	inject	20051	702563
425	2564	inject	20051	702564
425	2565	inject	20051	702565
425	2566	inject	20051	702566
425	2567	inject	20051	702567
426	2568	inject	20052	702568
426	2569	inject	20052	702569
426	2570	inject	20052	702570
426	2571	inject	20052	702571
426	2572	inject	20052	702572
426	2573	inject	20052	702573
426	2574	inject	20052	702574
426	2575	inject	20052	702575
427	2580	inject	20053	702580
427	2581	inject	20053	702581
427	2582	inject	20053	702582
427	2583	inject	20053	702583
427	2584	inject	20053	702584
427	2585	inject	20053	702585
427	2586	inject	20053	702586
427	2587	inject	20053	702587
427	2588	inject	20053	702588
427	2589	inject	20053	702589
427	2590	inject	20053	702590
427	2591	inject	20053	702591
427	2592	inject	20053	702592
427	2593	inject	20053	702593
427	2594	inject	20053	702594
427	2595	inject	20053	702595
427	2596	inject	20053	702596
427	2597	inject	20053	702597
427	2598	inject	20053	702598
427	2599	inject	20053	702599
428	2600	inject	20054	702600
428	2601	inject	20054	702601
428	2602	inject	20054	702602
428	2603	inject	20054	702603
428	2604	inject	20054	702604
428	2605	inject	20054	702605
428	2606	inject	20054	702606
428	2607	inject	20054	702607
429	2608	inject	20055	702608
429	2609	inject	20055	702609
429	2610	inject	20055	702610
429	2611	inject	20055	702611
429	2612	inject	20055	702612
429	2613	inject	20055	702613
429	2614	inject	20055	702614
429	2615	inject	20055	702615
430	2620	inject	20056	702620
430	2621	inject	20056	702621
430	2622	inject	20056	702622
430	2623	inject	20056	702623
430	2624	inject	20056	702624
430	2625	inject	20056	702625
430	2626	inject	20056	702626
430	2627	inject	20056	702627
430	2628	inject	20056	702628
430	2629	inject	20056	702629
430	2630	inject	20056	702630
430	2631	inject	20056	702631
430	2632	inject	20056	702632
430	2633	inject	20056	702633
430	2634	inject	20056	702634
430	2635	inject	20056	702635
430	2636	inject	20056	702636
430	2637	inject	20056	702637
430	2638	inject	20056	702638
430	2639	inject	20056	702639
431	2640	inject	20057	702640
431	2641	inject	20057	702641
431	2642	inject	20057	702642
431	2643	inject	20057	702643
431	2644	inject	20057	702644
431	2645	inject	20057	702645
431	2646	inject	20057	702646
431	2647	inject	20057	702647
432	2648	inject	20058	702648
432	2649	inject	20058	702649
432	2650	inject	20058	702650
432	2651	inject	20058	702651
432	2652	inject	20058	702652
432	2653	inject	20058	702653
432	2654	inject	20058	702654
432	2655	inject	20058	702655
433	2660	inject	20059	702660
433	2661	inject	20059	702661
433	2662	inject	20059	702662
433	2663	inject	20059	702663
433	2664	inject	20059	702664
433	2665	inject	20059	702665
433	2666	inject	20059	702666
433	2667	inject	20059	702667
433	2668	inject	20059	702668
433	2669	inject	20059	702669
433	2670	inject	20059	702670
433	2671	inject	20059	702671
433	2672	inject	20059	702672
433	2673	inject	20059	702673
433	2674	inject	20059	702674
433	2675	inject	20059	702675
433	2676	inject	20059	702676
433	2677	inject	20059	702677
433	2678	inject	20059	702678
433	2679	inject	20059	702679
434	2680	inject	20060	702680
434	2681	inject	20060	702681
434	2682	inject	20060	702682
434	2683	inject	20060	702683
434	2684	inject	20060	702684
434	2685	inject	20060	702685
434	2686	inject	20060	702686
434	2687	inject	20060	702687
435	2688	inject	20061	702688
435	2689	inject	20061	702689
435	2690	inject	20061	702690
435	2691	inject	20061	702691
435	2692	inject	20061	702692
435	2693	inject	20061	702693
435	2694	inject	20061	702694
435	2695	inject	20061	702695
436	2700	inject	20062	702700
436	2701	inject	20062	702701
436	2702	inject	20062	702702
436	2703	inject	20062	702703
436	2704	inject	20062	702704
436	2705	inject	20062	702705
436	2706	inject	20062	702706
436	2707	inject	20062	702707
436	2708	inject	20062	702708
436	2709	inject	20062	702709
436	2710	inject	20062	702710
436	2711	inject	20062	702711
436	2712	inject	20062	702712
436	2713	inject	20062	702713
436	2714	inject	20062	702714
436	2715	inject	20062	702715
436	2716	inject	20062	702716
436	2717	inject	20062	702717
436	2718	inject	20062	702718
436	2719	inject	20062	702719
437	2720	inject	20063	702720
437	2721	inject	20063	702721
437	2722	inject	20063	702722
437	2723	inject	20063	702723
437	2724	inject	20063	702724
437	2725	inject	20063	702725
437	2726	inject	20063	702726
437	2727	inject	20063	702727
438	2728	inject	20064	702728
438	2729	inject	20064	702729
438	2730	inject	20064	702730
438	2731	inject	20064	702731
438	2732	inject	20064	702732
438	2733	inject	20064	702733
438	2734	inject	20064	702734
438	2735	inject	20064	702735
450	5000	inject	20065	705000
450	5001	inject	20065	705001
450	5002	inject	20065	705002
450	5003	inject	20065	705003
450	5004	inject	20065	705004
450	5005	inject	20065	705005
450	5006	inject	20065	705006
450	5007	inject	20065	705007
450	5008	inject	20065	705008
450	5009	inject	20065	705009
450	5010	inject	20065	705010
450	5011	inject	20065	705011
450	5012	inject	20065	705012
450	5013	inject	20065	705013
450	5014	inject	20065	705014
450	5015	inject	20065	705015
450	5016	inject	20065	705016
450	5017	inject	20065	705017
450	5018	inject	20065	705018
450	5019	inject	20065	705019
450	5020	inject	20065	705020
450	5021	inject	20065	705021
450	5022	inject	20065	705022
450	5023	inject	20065	705023
450	5024	inject	20065	705024
450	5025	inject	20065	705025
450	5026	inject	20065	705026
450	5027	inject	20065	705027
451	5030	inject	20066	705030
451	5031	inject	20066	705031
451	5032	inject	20066	705032
451	5033	inject	20066	705033
451	5034	inject	20066	705034
451	5035	inject	20066	705035
451	5036	inject	20066	705036
451	5037	inject	20066	705037
451	5038	inject	20066	705038
451	5039	inject	20066	705039
451	5040	inject	20066	705040
451	5041	inject	20066	705041
451	5042	inject	20066	705042
451	5043	inject	20066	705043
451	5044	inject	20066	705044
451	5045	inject	20066	705045
451	5046	inject	20066	705046
451	5047	inject	20066	705047
451	5048	inject	20066	705048
451	5049	inject	20066	705049
451	5050	inject	20066	705050
451	5051	inject	20066	705051
451	5052	inject	20066	705052
451	5053	inject	20066	705053
451	5054	inject	20066	705054
451	5055	inject	20066	705055
451	5056	inject	20066	705056
451	5057	inject	20066	705057
452	5060	inject	20067	705060
452	5061	inject	20067	705061
452	5062	inject	20067	705062
452	5063	inject	20067	705063
452	5064	inject	20067	705064
452	5065	inject	20067	705065
452	5066	inject	20067	705066
452	5067	inject	20067	705067
452	5068	inject	20067	705068
452	5069	inject	20067	705069
452	5070	inject	20067	705070
452	5071	inject	20067	705071
452	5072	inject	20067	705072
452	5073	inject	20067	705073
452	5074	inject	20067	705074
452	5075	inject	20067	705075
452	5076	inject	20067	705076
452	5077	inject	20067	705077
452	5078	inject	20067	705078
452	5079	inject	20067	705079
452	5080	inject	20067	705080
452	5081	inject	20067	705081
452	5082	inject	20067	705082
452	5083	inject	20067	705083
452	5084	inject	20067	705084
452	5085	inject	20067	705085
452	5086	inject	20067	705086
452	5087	inject	20067	705087
453	5110	inject	20068	705110
453	5111	inject	20068	705111
453	5112	inject	20068	705112
453	5113	inject	20068	705113
453	5114	inject	20068	705114
453	5115	inject	20068	705115
453	5116	inject	20068	705116
453	5117	inject	20068	705117
453	5118	inject	20068	705118
453	5119	inject	20068	705119
453	5120	inject	20068	705120
453	5121	inject	20068	705121
453	5122	inject	20068	705122
453	5123	inject	20068	705123
453	5124	inject	20068	705124
453	5125	inject	20068	705125
453	5126	inject	20068	705126
453	5127	inject	20068	705127
453	5128	inject	20068	705128
453	5129	inject	20068	705129
453	5130	inject	20068	705130
453	5131	inject	20068	705131
453	5132	inject	20068	705132
453	5133	inject	20068	705133
453	5134	inject	20068	705134
453	5135	inject	20068	705135
453	5136	inject	20068	705136
453	5137	inject	20068	705137
454	5140	inject	20069	705140
454	5141	inject	20069	705141
454	5142	inject	20069	705142
454	5143	inject	20069	705143
454	5144	inject	20069	705144
454	5145	inject	20069	705145
454	5146	inject	20069	705146
454	5147	inject	20069	705147
454	5148	inject	20069	705148
454	5149	inject	20069	705149
454	5150	inject	20069	705150
454	5151	inject	20069	705151
454	5152	inject	20069	705152
454	5153	inject	20069	705153
454	5154	inject	20069	705154
454	5155	inject	20069	705155
454	5156	inject	20069	705156
454	5157	inject	20069	705157
454	5158	inject	20069	705158
454	5159	inject	20069	705159
454	5160	inject	20069	705160
454	5161	inject	20069	705161
454	5162	inject	20069	705162
454	5163	inject	20069	705163
454	5164	inject	20069	705164
454	5165	inject	20069	705165
454	5166	inject	20069	705166
454	5167	inject	20069	705167
455	5170	inject	20070	705170
455	5171	inject	20070	705171
455	5172	inject	20070	705172
455	5173	inject	20070	705173
455	5174	inject	20070	705174
455	5175	inject	20070	705175
455	5176	inject	20070	705176
455	5177	inject	20070	705177
455	5178	inject	20070	705178
455	5179	inject	20070	705179
455	5180	inject	20070	705180
455	5181	inject	20070	705181
455	5182	inject	20070	705182
455	5183	inject	20070	705183
455	5184	inject	20070	705184
455	5185	inject	20070	705185
455	5186	inject	20070	705186
455	5187	inject	20070	705187
455	5188	inject	20070	705188
455	5189	inject	20070	705189
455	5190	inject	20070	705190
455	5191	inject	20070	705191
455	5192	inject	20070	705192
455	5193	inject	20070	705193
455	5194	inject	20070	705194
455	5195	inject	20070	705195
455	5196	inject	20070	705196
455	5197	inject	20070	705197
456	5200	inject	20071	705200
456	5201	inject	20071	705201
456	5202	inject	20071	705202
456	5203	inject	20071	705203
456	5204	inject	20071	705204
456	5205	inject	20071	705205
456	5206	inject	20071	705206
456	5207	inject	20071	705207
456	5208	inject	20071	705208
456	5209	inject	20071	705209
456	5210	inject	20071	705210
456	5211	inject	20071	705211
456	5212	inject	20071	705212
456	5213	inject	20071	705213
456	5214	inject	20071	705214
456	5215	inject	20071	705215
456	5216	inject	20071	705216
456	5217	inject	20071	705217
456	5218	inject	20071	705218
456	5219	inject	20071	705219
456	5220	inject	20071	705220
456	5221	inject	20071	705221
456	5222	inject	20071	705222
456	5223	inject	20071	705223
456	5224	inject	20071	705224
456	5225	inject	20071	705225
456	5226	inject	20071	705226
456	5227	inject	20071	705227
457	5230	inject	20072	705230
457	5231	inject	20072	705231
457	5232	inject	20072	705232
457	5233	inject	20072	705233
457	5234	inject	20072	705234
457	5235	inject	20072	705235
457	5236	inject	20072	705236
457	5237	inject	20072	705237
457	5238	inject	20072	705238
457	5239	inject	20072	705239
457	5240	inject	20072	705240
457	5241	inject	20072	705241
457	5242	inject	20072	705242
457	5243	inject	20072	705243
457	5244	inject	20072	705244
457	5245	inject	20072	705245
457	5246	inject	20072	705246
457	5247	inject	20072	705247
457	5248	inject	20072	705248
457	5249	inject	20072	705249
457	5250	inject	20072	705250
457	5251	inject	20072	705251
457	5252	inject	20072	705252
457	5253	inject	20072	705253
457	5254	inject	20072	705254
457	5255	inject	20072	705255
457	5256	inject	20072	705256
457	5257	inject	20072	705257
458	5260	inject	20073	705260
458	5261	inject	20073	705261
458	5262	inject	20073	705262
458	5263	inject	20073	705263
458	5264	inject	20073	705264
458	5265	inject	20073	705265
458	5266	inject	20073	705266
458	5267	inject	20073	705267
458	5268	inject	20073	705268
458	5269	inject	20073	705269
458	5270	inject	20073	705270
458	5271	inject	20073	705271
458	5272	inject	20073	705272
458	5273	inject	20073	705273
458	5274	inject	20073	705274
458	5275	inject	20073	705275
458	5276	inject	20073	705276
458	5277	inject	20073	705277
458	5278	inject	20073	705278
458	5279	inject	20073	705279
458	5280	inject	20073	705280
458	5281	inject	20073	705281
458	5282	inject	20073	705282
458	5283	inject	20073	705283
458	5284	inject	20073	705284
458	5285	inject	20073	705285
458	5286	inject	20073	705286
458	5287	inject	20073	705287
459	5290	inject	20074	705290
459	5291	inject	20074	705291
459	5292	inject	20074	705292
459	5293	inject	20074	705293
459	5294	inject	20074	705294
459	5295	inject	20074	705295
459	5296	inject	20074	705296
459	5297	inject	20074	705297
459	5298	inject	20074	705298
459	5299	inject	20074	705299
459	5300	inject	20074	705300
459	5301	inject	20074	705301
459	5302	inject	20074	705302
459	5303	inject	20074	705303
459	5304	inject	20074	705304
459	5305	inject	20074	705305
459	5306	inject	20074	705306
459	5307	inject	20074	705307
459	5308	inject	20074	705308
459	5309	inject	20074	705309
459	5310	inject	20074	705310
459	5311	inject	20074	705311
459	5312	inject	20074	705312
459	5313	inject	20074	705313
459	5314	inject	20074	705314
459	5315	inject	20074	705315
459	5316	inject	20074	705316
459	5317	inject	20074	705317
460	5320	inject	20075	705320
460	5321	inject	20075	705321
460	5322	inject	20075	705322
460	5323	inject	20075	705323
460	5324	inject	20075	705324
460	5325	inject	20075	705325
460	5326	inject	20075	705326
460	5327	inject	20075	705327
460	5328	inject	20075	705328
460	5329	inject	20075	705329
460	5330	inject	20075	705330
460	5331	inject	20075	705331
460	5332	inject	20075	705332
460	5333	inject	20075	705333
460	5334	inject	20075	705334
460	5335	inject	20075	705335
460	5336	inject	20075	705336
460	5337	inject	20075	705337
460	5338	inject	20075	705338
460	5339	inject	20075	705339
460	5340	inject	20075	705340
460	5341	inject	20075	705341
460	5342	inject	20075	705342
460	5343	inject	20075	705343
460	5344	inject	20075	705344
460	5345	inject	20075	705345
460	5346	inject	20075	705346
460	5347	inject	20075	705347
461	5350	inject	20076	705350
461	5351	inject	20076	705351
461	5352	inject	20076	705352
461	5353	inject	20076	705353
461	5354	inject	20076	705354
461	5355	inject	20076	705355
461	5356	inject	20076	705356
461	5357	inject	20076	705357
461	5358	inject	20076	705358
461	5359	inject	20076	705359
461	5360	inject	20076	705360
461	5361	inject	20076	705361
461	5362	inject	20076	705362
461	5363	inject	20076	705363
461	5364	inject	20076	705364
461	5365	inject	20076	705365
461	5366	inject	20076	705366
461	5367	inject	20076	705367
461	5368	inject	20076	705368
461	5369	inject	20076	705369
461	5370	inject	20076	705370
461	5371	inject	20076	705371
461	5372	inject	20076	705372
461	5373	inject	20076	705373
461	5374	inject	20076	705374
461	5375	inject	20076	705375
461	5376	inject	20076	705376
461	5377	inject	20076	705377
462	5380	inject	20077	705380
462	5381	inject	20077	705381
462	5382	inject	20077	705382
462	5383	inject	20077	705383
462	5384	inject	20077	705384
462	5385	inject	20077	705385
462	5386	inject	20077	705386
462	5387	inject	20077	705387
462	5388	inject	20077	705388
462	5389	inject	20077	705389
462	5390	inject	20077	705390
462	5391	inject	20077	705391
462	5392	inject	20077	705392
462	5393	inject	20077	705393
462	5394	inject	20077	705394
462	5395	inject	20077	705395
462	5396	inject	20077	705396
462	5397	inject	20077	705397
462	5398	inject	20077	705398
462	5399	inject	20077	705399
462	5400	inject	20077	705400
462	5401	inject	20077	705401
462	5402	inject	20077	705402
462	5403	inject	20077	705403
462	5404	inject	20077	705404
462	5405	inject	20077	705405
462	5406	inject	20077	705406
462	5407	inject	20077	705407
463	5410	inject	20078	705410
463	5411	inject	20078	705411
463	5412	inject	20078	705412
463	5413	inject	20078	705413
463	5414	inject	20078	705414
463	5415	inject	20078	705415
463	5416	inject	20078	705416
463	5417	inject	20078	705417
463	5418	inject	20078	705418
463	5419	inject	20078	705419
463	5420	inject	20078	705420
463	5421	inject	20078	705421
463	5422	inject	20078	705422
463	5423	inject	20078	705423
463	5424	inject	20078	705424
463	5425	inject	20078	705425
463	5426	inject	20078	705426
463	5427	inject	20078	705427
463	5428	inject	20078	705428
463	5429	inject	20078	705429
463	5430	inject	20078	705430
463	5431	inject	20078	705431
463	5432	inject	20078	705432
463	5433	inject	20078	705433
463	5434	inject	20078	705434
463	5435	inject	20078	705435
463	5436	inject	20078	705436
463	5437	inject	20078	705437
464	5440	inject	20079	705440
464	5441	inject	20079	705441
464	5442	inject	20079	705442
464	5443	inject	20079	705443
464	5444	inject	20079	705444
464	5445	inject	20079	705445
464	5446	inject	20079	705446
464	5447	inject	20079	705447
464	5448	inject	20079	705448
464	5449	inject	20079	705449
464	5450	inject	20079	705450
464	5451	inject	20079	705451
464	5452	inject	20079	705452
464	5453	inject	20079	705453
464	5454	inject	20079	705454
464	5455	inject	20079	705455
464	5456	inject	20079	705456
464	5457	inject	20079	705457
464	5458	inject	20079	705458
464	5459	inject	20079	705459
464	5460	inject	20079	705460
464	5461	inject	20079	705461
464	5462	inject	20079	705462
464	5463	inject	20079	705463
464	5464	inject	20079	705464
464	5465	inject	20079	705465
464	5466	inject	20079	705466
464	5467	inject	20079	705467
471	5480	inject	20080	705480
471	5481	inject	20080	705481
471	5482	inject	20080	705482
471	5483	inject	20080	705483
471	5484	inject	20080	705484
471	5485	inject	20080	705485
471	5486	inject	20080	705486
471	5487	inject	20080	705487
471	5488	inject	20080	705488
471	5489	inject	20080	705489
471	5490	inject	20080	705490
471	5491	inject	20080	705491
471	5492	inject	20080	705492
471	5493	inject	20080	705493
471	5494	inject	20080	705494
471	5495	inject	20080	705495
471	5496	inject	20080	705496
471	5497	inject	20080	705497
471	5498	inject	20080	705498
471	5499	inject	20080	705499
471	5500	inject	20080	705500
471	5501	matched	1714	147753
471	5502	matched	1714	147753
471	5503	matched	1714	147753
471	5504	matched	1714	147753
471	5505	matched	1714	147753
471	5506	matched	1714	147753
471	5507	matched	1714	147753
475	5510	inject	20081	705510
475	5511	inject	20081	705511
475	5512	inject	20081	705512
475	5513	inject	20081	705513
475	5514	inject	20081	705514
475	5515	inject	20081	705515
475	5516	inject	20081	705516
475	5517	inject	20081	705517
475	5518	inject	20081	705518
475	5519	inject	20081	705519
475	5520	inject	20081	705520
475	5521	inject	20081	705521
475	5522	inject	20081	705522
475	5523	inject	20081	705523
475	5524	inject	20081	705524
475	5525	inject	20081	705525
475	5526	inject	20081	705526
475	5527	inject	20081	705527
475	5528	inject	20081	705528
475	5529	inject	20081	705529
475	5530	inject	20081	705530
475	5531	matched	1714	147753
475	5532	matched	1714	147753
475	5533	matched	1714	147753
475	5534	matched	1714	147753
475	5535	matched	1714	147753
475	5536	matched	1714	147753
475	5537	matched	1714	147753
479	5540	inject	20082	705540
479	5541	inject	20082	705541
479	5542	inject	20082	705542
479	5543	inject	20082	705543
479	5544	inject	20082	705544
479	5545	inject	20082	705545
479	5546	inject	20082	705546
479	5547	inject	20082	705547
479	5548	inject	20082	705548
479	5549	inject	20082	705549
479	5550	inject	20082	705550
479	5551	inject	20082	705551
479	5552	inject	20082	705552
479	5553	inject	20082	705553
479	5554	inject	20082	705554
479	5555	inject	20082	705555
479	5556	matched	337	35542
479	5557	matched	337	35542
479	5558	matched	337	35542
479	5559	matched	337	35542
479	5560	matched	337	35542
479	5561	matched	1714	147753
479	5562	matched	1714	147753
479	5563	matched	1714	147753
479	5564	matched	1714	147753
479	5565	matched	1714	147753
479	5566	matched	1714	147753
479	5567	matched	1714	147753
483	5570	matched	325	35364
483	5571	matched	325	35365
483	5572	matched	325	35366
483	5573	matched	325	35366
483	5574	matched	325	35366
483	5575	matched	325	35366
483	5576	matched	325	35366
483	5577	matched	325	35369
483	5578	matched	325	35369
483	5579	matched	325	35369
483	5580	matched	325	35369
483	5581	matched	325	35369
483	5582	matched	325	35369
483	5583	matched	329	35439
483	5584	matched	325	35374
483	5585	matched	325	35375
483	5586	matched	325	35376
483	5587	matched	325	35376
483	5588	matched	325	35376
483	5589	matched	325	35376
483	5590	matched	325	35376
483	5591	matched	1714	147753
483	5592	matched	1714	147753
483	5593	matched	1714	147753
483	5594	matched	1714	147753
483	5595	matched	1714	147753
483	5596	matched	1714	147753
483	5597	matched	1714	147753
501	100000	inject	20084	800000
501	100001	inject	20084	800001
501	100002	inject	20084	800002
501	100003	inject	20084	800003
501	100004	inject	20084	800004
501	100005	inject	20084	800005
501	100006	inject	20084	800006
501	100007	inject	20084	800007
501	100008	inject	20084	800008
501	100009	inject	20084	800009
501	100010	inject	20084	800010
501	100011	inject	20084	800011
501	100012	inject	20084	800012
501	100013	inject	20084	800013
501	100014	inject	20084	800014
501	100015	inject	20084	800015
502	100016	matched	419	50409
502	100017	matched	419	50410
502	100018	matched	419	50411
502	100019	matched	419	50412
502	100020	matched	419	50409
502	100021	matched	419	50410
502	100022	matched	2359	51157
502	100023	matched	2359	51158
502	100024	matched	2359	51159
502	100025	matched	2359	51160
502	100026	matched	2359	51157
502	100027	matched	2359	51158
502	100028	matched	2360	51164
502	100029	matched	2360	51165
502	100030	matched	2360	51166
502	100031	matched	2360	51167
502	100032	matched	2360	51164
502	100033	matched	2360	51165
502	100034	matched	2361	51171
502	100035	matched	2361	51172
502	100036	matched	2361	51173
502	100037	matched	2361	51174
502	100038	matched	2361	51171
502	100039	matched	2361	51172
503	100040	inject	20086	800040
503	100041	matched	425	50586
503	100042	matched	425	50587
503	100043	matched	425	50588
503	100044	inject	20086	800044
503	100045	inject	20086	800045
503	100046	inject	20086	800046
503	100047	inject	20086	800047
503	100048	inject	20086	800048
503	100049	inject	20086	800049
503	100050	inject	20086	800050
503	100051	inject	20086	800051
503	100052	inject	20086	800052
503	100053	matched	2323	621399
503	100054	inject	20086	800054
503	100055	matched	2323	621399
504	100056	matched	429	51045
504	100057	matched	429	51046
504	100058	matched	429	51047
504	100059	matched	429	51048
504	100060	inject	20087	800060
504	100061	inject	20087	800061
504	100062	inject	20087	800062
504	100063	inject	20087	800063
504	100064	inject	20087	800064
504	100065	inject	20087	800065
504	100066	inject	20087	800066
504	100067	inject	20087	800067
504	100068	matched	2369	51221
504	100069	matched	2369	51222
504	100070	matched	2369	51223
504	100071	matched	2369	51224
505	100072	inject	20088	800072
505	100073	inject	20088	800073
505	100074	inject	20088	800074
505	100075	inject	20088	800075
505	100076	inject	20088	800076
505	100077	inject	20088	800077
506	100096	inject	20089	800096
506	100097	inject	20089	800097
506	100098	inject	20089	800098
506	100099	inject	20089	800099
507	100100	inject	20090	800100
507	100101	inject	20090	800101
507	100102	inject	20090	800102
507	100103	inject	20090	800103
507	100104	inject	20090	800104
507	100105	inject	20090	800105
507	100106	inject	20090	800106
507	100107	inject	20090	800107
507	100108	inject	20090	800108
507	100109	inject	20090	800109
507	100110	inject	20090	800110
507	100111	inject	20090	800111
507	100112	inject	20090	800112
507	100113	inject	20090	800113
507	100114	inject	20090	800114
507	100115	inject	20090	800115
507	100116	inject	20090	800116
507	100117	inject	20090	800117
507	100118	inject	20090	800118
507	100119	inject	20090	800119
507	100120	inject	20090	800120
507	100121	inject	20090	800121
507	100122	inject	20090	800122
507	100123	inject	20090	800123
507	100124	inject	20090	800124
507	100125	inject	20090	800125
507	100126	inject	20090	800126
507	100127	inject	20090	800127
507	100128	inject	20090	800128
507	100129	inject	20090	800129
507	100130	inject	20090	800130
507	100131	inject	20090	800131
508	100132	inject	20091	800132
508	100133	inject	20091	800133
508	100134	inject	20091	800134
508	100135	inject	20091	800135
508	100136	inject	20091	800136
508	100137	inject	20091	800137
508	100138	inject	20091	800138
508	100139	inject	20091	800139
509	100140	inject	20092	800140
509	100141	inject	20092	800141
509	100142	inject	20092	800142
509	100143	inject	20092	800143
509	100144	matched	422	50549
509	100145	matched	422	50550
509	100146	matched	422	50551
509	100147	matched	422	50552
509	100256	inject	20092	800256
509	100257	inject	20092	800257
509	100258	inject	20092	800258
509	100259	inject	20092	800259
509	100260	inject	20092	800260
509	100261	inject	20092	800261
509	100262	inject	20092	800262
509	100263	matched	2323	621399
510	100148	inject	20093	800148
510	100149	inject	20093	800149
510	100150	inject	20093	800150
510	100151	inject	20093	800151
511	100152	inject	20094	800152
511	100153	inject	20094	800153
511	100154	inject	20094	800154
511	100155	inject	20094	800155
511	100156	inject	20094	800156
511	100157	inject	20094	800157
511	100158	inject	20094	800158
511	100159	inject	20094	800159
512	100160	matched	411	50265
512	100161	matched	411	50266
512	100162	matched	411	50267
512	100163	matched	411	50268
512	100164	matched	411	50269
512	100165	matched	411	50270
512	100166	matched	411	50271
512	100167	matched	411	50272
512	100168	matched	411	50273
512	100169	matched	411	50274
512	100183	matched	2323	621399
512	100184	matched	2323	621399
512	100185	matched	2323	621399
512	100186	matched	2323	621399
512	100187	matched	2323	621399
512	100188	matched	2323	621399
513	100170	inject	20096	800170
513	100171	inject	20096	800171
513	100172	inject	20096	800172
513	100173	inject	20096	800173
513	100174	inject	20096	800174
513	100175	inject	20096	800175
513	100176	inject	20096	800176
513	100177	inject	20096	800177
513	100178	inject	20096	800178
513	100179	inject	20096	800179
513	100180	inject	20096	800180
513	100181	inject	20096	800181
513	100182	inject	20096	800182
514	100189	inject	20097	800189
514	100190	inject	20097	800190
514	100191	inject	20097	800191
514	100192	inject	20097	800192
514	100193	inject	20097	800193
514	100194	inject	20097	800194
514	100195	inject	20097	800195
514	100196	inject	20097	800196
514	100197	inject	20097	800197
514	100198	inject	20097	800198
514	100199	inject	20097	800199
514	100200	inject	20097	800200
515	100201	inject	20098	800201
515	100202	inject	20098	800202
515	100203	inject	20098	800203
515	100204	inject	20098	800204
516	100205	inject	20099	800205
516	100206	inject	20099	800206
516	100207	inject	20099	800207
516	100208	inject	20099	800208
516	100209	inject	20099	800209
516	100210	inject	20099	800210
516	100211	inject	20099	800211
516	100212	inject	20099	800212
516	100213	inject	20099	800213
516	100214	inject	20099	800214
516	100215	inject	20099	800215
516	100216	inject	20099	800216
516	100217	inject	20099	800217
516	100218	inject	20099	800218
516	100219	inject	20099	800219
516	100220	inject	20099	800220
517	100221	matched	409	50233
517	100222	matched	409	50234
517	100223	matched	409	50235
517	100224	matched	409	50236
517	100225	inject	20100	800225
517	100226	matched	409	50237
517	100227	matched	409	50238
517	100228	matched	409	50239
517	100229	matched	409	50240
517	100230	matched	409	50241
517	100231	matched	409	50242
517	100232	matched	409	50239
517	100233	matched	409	50244
517	100234	matched	409	50245
517	100235	matched	409	50246
517	100236	matched	409	50247
518	100237	inject	20101	800237
518	100238	inject	20101	800238
518	100239	inject	20101	800239
518	100240	inject	20101	800240
518	100241	inject	20101	800241
518	100242	inject	20101	800242
518	100243	inject	20101	800243
518	100244	inject	20101	800244
519	100245	inject	20102	800245
519	100246	inject	20102	800246
519	100247	inject	20102	800247
519	100248	inject	20102	800248
519	100249	inject	20102	800249
520	100250	inject	20103	800250
520	100251	inject	20103	800251
520	100252	inject	20103	800252
520	100253	inject	20103	800253
520	100254	inject	20103	800254
520	100255	inject	20103	800255
521	100264	inject	20104	800264
521	100265	inject	20104	800265
521	100266	inject	20104	800266
521	100267	inject	20104	800267
521	100268	inject	20104	800268
521	100269	inject	20104	800269
521	100270	inject	20104	800270
521	100271	inject	20104	800271
521	100272	inject	20104	800272
521	100273	inject	20104	800273
521	100274	inject	20104	800274
521	100275	inject	20104	800275
521	100276	inject	20104	800276
521	100277	inject	20104	800277
522	100278	matched	412	50281
522	100279	matched	412	50282
522	100280	matched	412	50283
522	100281	matched	412	50284
522	100282	matched	412	50285
522	100283	matched	412	50286
522	100284	matched	412	50287
522	100285	matched	412	50288
522	100286	matched	412	50289
522	100287	matched	412	50290
522	100288	matched	412	50291
522	100289	matched	412	50292
522	100290	inject	20105	800290
523	100291	inject	20106	800291
523	100292	inject	20106	800292
523	100293	inject	20106	800293
523	100294	inject	20106	800294
523	100295	inject	20106	800295
523	100296	inject	20106	800296
523	100297	inject	20106	800297
523	100298	inject	20106	800298
901	110000	inject	20107	810000
901	110001	inject	20107	810001
901	110002	inject	20107	810002
901	110003	inject	20107	810003
901	110004	inject	20107	810004
901	110005	inject	20107	810005
901	110006	inject	20107	810006
901	110007	inject	20107	810007
901	110008	inject	20107	810008
901	110009	inject	20107	810009
901	110010	inject	20107	810010
901	110011	inject	20107	810011
901	110012	inject	20107	810012
901	110013	inject	20107	810013
901	110014	inject	20107	810014
901	110015	inject	20107	810015
901	110016	inject	20107	810016
901	110017	inject	20107	810017
901	110018	inject	20107	810018
901	110019	inject	20107	810019
901	110020	inject	20107	810020
901	110021	inject	20107	810021
901	110022	inject	20107	810022
901	110023	inject	20107	810023
901	110024	inject	20107	810024
901	110025	inject	20107	810025
901	110026	inject	20107	810026
901	110027	inject	20107	810027
901	110028	inject	20107	810028
901	110029	inject	20107	810029
901	110030	inject	20107	810030
901	110031	inject	20107	810031
901	110032	inject	20107	810032
901	110033	inject	20107	810033
901	110034	inject	20107	810034
901	110035	inject	20107	810035
901	110036	inject	20107	810036
901	110037	matched	11	3000
901	110038	matched	11	3000
901	110039	matched	11	3000
901	110040	matched	11	3000
901	110041	matched	11	3000
901	110042	matched	11	3000
901	110043	matched	11	3000
901	110044	matched	11	3000
901	110045	matched	11	3000
901	110046	matched	11	3000
901	110047	matched	11	3000
901	110048	matched	11	3000
901	110049	matched	11	3000
901	110050	matched	11	3000
901	110051	matched	11	3000
901	110052	matched	11	3000
901	110053	matched	11	3000
901	110054	matched	11	3000
901	110055	matched	11	3000
901	110056	matched	11	3000
901	110057	matched	11	3000
901	110058	matched	11	3000
901	110059	matched	11	3000
901	110060	matched	11	3000
901	110061	matched	11	3000
901	110062	matched	11	3000
901	110063	matched	11	3000
901	110064	matched	11	3000
901	110065	matched	11	3000
901	110066	matched	11	3000
901	110067	matched	11	3000
901	110068	matched	11	3000
901	110069	matched	11	3000
901	110070	matched	11	3000
901	110071	matched	11	3000
901	110072	matched	11	3000
901	110073	matched	11	3000
901	110074	matched	11	3000
901	110075	matched	11	3000
901	110076	matched	11	3000
901	110077	matched	11	3000
901	110078	matched	11	3000
901	110079	matched	11	3000
901	110080	matched	11	3000
901	110081	matched	11	3000
901	110082	matched	11	3000
901	110083	matched	11	3000
901	110084	matched	11	3000
901	110085	matched	11	3000
901	110086	matched	11	3000
901	110087	matched	11	3000
901	110088	matched	11	3000
901	110089	matched	11	3000
901	110090	matched	11	3000
901	110091	matched	11	3000
901	110092	matched	11	3000
901	110093	matched	11	3000
901	110094	matched	11	3000
901	110095	matched	11	3000
901	110096	matched	11	3000
901	110097	matched	11	3000
901	110098	matched	11	3000
901	110099	matched	11	3000
1010	65240	inject	20108	765240
1010	65241	inject	20108	765241
1010	65242	inject	20108	765242
1010	65243	inject	20108	765243
1010	65244	inject	20108	765244
1010	65245	inject	20108	765245
1010	65246	inject	20108	765246
1010	65247	matched	591	69173
1010	65248	inject	20108	765248
1010	65249	inject	20108	765249
1010	65250	inject	20108	765250
1010	65251	inject	20108	765251
1010	65252	inject	20108	765252
1010	65253	inject	20108	765253
1010	65254	inject	20108	765254
1010	65255	inject	20108	765255
1010	65256	inject	20108	765256
1010	65257	inject	20108	765257
1010	65258	inject	20108	765258
1010	65259	inject	20108	765259
1010	65260	inject	20108	765260
1010	65261	inject	20108	765261
1010	65262	inject	20108	765262
1010	65263	inject	20108	765263
1010	65264	inject	20108	765264
1010	65265	inject	20108	765265
1010	65266	inject	20108	765266
1010	65267	inject	20108	765267
1012	65300	inject	20109	765300
1012	65301	inject	20109	765301
1012	65302	inject	20109	765302
1012	65303	inject	20109	765303
1012	65304	inject	20109	765304
1012	65305	inject	20109	765305
1012	65306	inject	20109	765306
1012	65307	matched	591	69173
1012	65308	inject	20109	765308
1012	65309	inject	20109	765309
1012	65310	inject	20109	765310
1012	65311	inject	20109	765311
1012	65312	inject	20109	765312
1012	65313	inject	20109	765313
1012	65314	inject	20109	765314
1012	65315	inject	20109	765315
1012	65316	inject	20109	765316
1012	65317	inject	20109	765317
1012	65318	inject	20109	765318
1012	65319	inject	20109	765319
1012	65320	inject	20109	765320
1012	65321	inject	20109	765321
1012	65322	inject	20109	765322
1012	65323	inject	20109	765323
1012	65324	inject	20109	765324
1012	65325	inject	20109	765325
1012	65326	inject	20109	765326
1012	65327	inject	20109	765327
1013	65330	inject	20110	765330
1013	65331	inject	20110	765331
1013	65332	inject	20110	765332
1013	65333	inject	20110	765333
1013	65334	inject	20110	765334
1013	65335	inject	20110	765335
1013	65336	inject	20110	765336
1013	65337	matched	591	69173
1013	65338	inject	20110	765338
1013	65339	inject	20110	765339
1013	65340	inject	20110	765340
1013	65341	inject	20110	765341
1013	65342	inject	20110	765342
1013	65343	inject	20110	765343
1013	65344	inject	20110	765344
1013	65345	inject	20110	765345
1013	65346	inject	20110	765346
1013	65347	inject	20110	765347
1013	65348	inject	20110	765348
1013	65349	inject	20110	765349
1013	65350	inject	20110	765350
1013	65351	inject	20110	765351
1013	65352	inject	20110	765352
1013	65353	inject	20110	765353
1013	65354	inject	20110	765354
1013	65355	inject	20110	765355
1013	65356	inject	20110	765356
1013	65357	inject	20110	765357
1020	65000	inject	20111	765000
1020	65001	inject	20111	765001
1020	65002	inject	20111	765002
1020	65003	inject	20111	765003
1020	65004	inject	20111	765004
1020	65005	inject	20111	765005
1020	65006	inject	20111	765006
1020	65007	inject	20111	765007
1020	65008	inject	20111	765008
1020	65009	inject	20111	765009
1020	65010	inject	20111	765010
1020	65011	inject	20111	765011
1020	65012	inject	20111	765012
1020	65013	inject	20111	765013
1020	65014	inject	20111	765014
1020	65015	inject	20111	765015
1020	65016	inject	20111	765016
1020	65017	inject	20111	765017
1020	65018	inject	20111	765018
1020	65019	inject	20111	765019
1020	65020	inject	20111	765020
1020	65021	inject	20111	765021
1020	65022	inject	20111	765022
1020	65023	inject	20111	765023
1020	65024	inject	20111	765024
1020	65025	inject	20111	765025
1020	65026	inject	20111	765026
1020	65027	inject	20111	765027
1022	65060	inject	20112	765060
1022	65061	inject	20112	765061
1022	65062	inject	20112	765062
1022	65063	inject	20112	765063
1022	65064	inject	20112	765064
1022	65065	inject	20112	765065
1022	65066	inject	20112	765066
1022	65067	inject	20112	765067
1022	65068	inject	20112	765068
1022	65069	inject	20112	765069
1022	65070	inject	20112	765070
1022	65071	inject	20112	765071
1022	65072	inject	20112	765072
1022	65073	inject	20112	765073
1022	65074	inject	20112	765074
1022	65075	inject	20112	765075
1022	65076	inject	20112	765076
1022	65077	inject	20112	765077
1022	65078	inject	20112	765078
1022	65079	inject	20112	765079
1022	65080	inject	20112	765080
1022	65081	inject	20112	765081
1022	65082	inject	20112	765082
1022	65083	inject	20112	765083
1022	65084	inject	20112	765084
1022	65085	inject	20112	765085
1022	65086	inject	20112	765086
1022	65087	inject	20112	765087
1023	65090	inject	20113	765090
1023	65091	inject	20113	765091
1023	65092	inject	20113	765092
1023	65093	inject	20113	765093
1023	65094	inject	20113	765094
1023	65095	inject	20113	765095
1023	65096	inject	20113	765096
1023	65097	inject	20113	765097
1023	65098	inject	20113	765098
1023	65099	inject	20113	765099
1023	65100	inject	20113	765100
1023	65101	inject	20113	765101
1023	65102	inject	20113	765102
1023	65103	inject	20113	765103
1023	65104	inject	20113	765104
1023	65105	inject	20113	765105
1023	65106	inject	20113	765106
1023	65107	inject	20113	765107
1023	65108	inject	20113	765108
1023	65109	inject	20113	765109
1023	65110	inject	20113	765110
1023	65111	inject	20113	765111
1023	65112	inject	20113	765112
1023	65113	inject	20113	765113
1023	65114	inject	20113	765114
1023	65115	inject	20113	765115
1023	65116	inject	20113	765116
1023	65117	inject	20113	765117
1030	65120	inject	20114	765120
1030	65121	inject	20114	765121
1030	65122	inject	20114	765122
1030	65123	inject	20114	765123
1030	65124	inject	20114	765124
1030	65125	inject	20114	765125
1030	65126	inject	20114	765126
1030	65127	inject	20114	765127
1030	65128	inject	20114	765128
1030	65129	inject	20114	765129
1030	65130	inject	20114	765130
1030	65131	inject	20114	765131
1030	65132	inject	20114	765132
1030	65133	inject	20114	765133
1030	65134	inject	20114	765134
1030	65135	inject	20114	765135
1030	65136	inject	20114	765136
1030	65137	inject	20114	765137
1030	65138	inject	20114	765138
1030	65139	inject	20114	765139
1030	65140	inject	20114	765140
1030	65141	inject	20114	765141
1030	65142	inject	20114	765142
1030	65143	inject	20114	765143
1030	65144	inject	20114	765144
1030	65145	inject	20114	765145
1030	65146	inject	20114	765146
1030	65147	inject	20114	765147
1032	65180	inject	20115	765180
1032	65181	inject	20115	765181
1032	65182	inject	20115	765182
1032	65183	inject	20115	765183
1032	65184	inject	20115	765184
1032	65185	inject	20115	765185
1032	65186	inject	20115	765186
1032	65187	inject	20115	765187
1032	65188	inject	20115	765188
1032	65189	inject	20115	765189
1032	65190	inject	20115	765190
1032	65191	inject	20115	765191
1032	65192	inject	20115	765192
1032	65193	inject	20115	765193
1032	65194	inject	20115	765194
1032	65195	inject	20115	765195
1032	65196	inject	20115	765196
1032	65197	inject	20115	765197
1032	65198	inject	20115	765198
1032	65199	inject	20115	765199
1032	65200	inject	20115	765200
1032	65201	inject	20115	765201
1032	65202	inject	20115	765202
1032	65203	inject	20115	765203
1032	65204	inject	20115	765204
1032	65205	inject	20115	765205
1032	65206	inject	20115	765206
1032	65207	inject	20115	765207
1033	65210	inject	20116	765210
1033	65211	inject	20116	765211
1033	65212	inject	20116	765212
1033	65213	inject	20116	765213
1033	65214	inject	20116	765214
1033	65215	inject	20116	765215
1033	65216	inject	20116	765216
1033	65217	inject	20116	765217
1033	65218	inject	20116	765218
1033	65219	inject	20116	765219
1033	65220	inject	20116	765220
1033	65221	inject	20116	765221
1033	65222	inject	20116	765222
1033	65223	inject	20116	765223
1033	65224	inject	20116	765224
1033	65225	inject	20116	765225
1033	65226	inject	20116	765226
1033	65227	inject	20116	765227
1033	65228	inject	20116	765228
1033	65229	inject	20116	765229
1033	65230	inject	20116	765230
1033	65231	inject	20116	765231
1033	65232	inject	20116	765232
1033	65233	inject	20116	765233
1033	65234	inject	20116	765234
1033	65235	inject	20116	765235
1033	65236	inject	20116	765236
1033	65237	inject	20116	765237
1034	65360	inject	20117	765360
1034	65361	inject	20117	765361
1034	65362	inject	20117	765362
1034	65363	inject	20117	765363
1034	65364	inject	20117	765364
1034	65365	inject	20117	765365
1034	65366	inject	20117	765366
1034	65367	inject	20117	765367
1034	65368	inject	20117	765368
1034	65369	inject	20117	765369
1034	65370	inject	20117	765370
1034	65371	inject	20117	765371
1034	65372	inject	20117	765372
1034	65373	inject	20117	765373
1034	65374	inject	20117	765374
1034	65375	inject	20117	765375
1034	65376	inject	20117	765376
1034	65377	inject	20117	765377
1034	65378	inject	20117	765378
1034	65379	inject	20117	765379
1034	65380	inject	20117	765380
1034	65381	inject	20117	765381
1034	65382	inject	20117	765382
1034	65383	inject	20117	765383
1034	65384	inject	20117	765384
1034	65385	inject	20117	765385
1034	65386	inject	20117	765386
1034	65387	inject	20117	765387
1036	65420	inject	20118	765420
1036	65421	inject	20118	765421
1036	65422	inject	20118	765422
1036	65423	inject	20118	765423
1036	65424	inject	20118	765424
1036	65425	inject	20118	765425
1036	65426	inject	20118	765426
1036	65427	inject	20118	765427
1036	65428	inject	20118	765428
1036	65429	inject	20118	765429
1036	65430	inject	20118	765430
1036	65431	inject	20118	765431
1036	65432	inject	20118	765432
1036	65433	inject	20118	765433
1036	65434	inject	20118	765434
1036	65435	inject	20118	765435
1036	65436	inject	20118	765436
1036	65437	inject	20118	765437
1036	65438	inject	20118	765438
1036	65439	inject	20118	765439
1036	65440	inject	20118	765440
1036	65441	inject	20118	765441
1036	65442	inject	20118	765442
1036	65443	inject	20118	765443
1036	65444	inject	20118	765444
1036	65445	inject	20118	765445
1036	65446	inject	20118	765446
1036	65447	inject	20118	765447
1037	65450	inject	20119	765450
1037	65451	inject	20119	765451
1037	65452	inject	20119	765452
1037	65453	inject	20119	765453
1037	65454	inject	20119	765454
1037	65455	inject	20119	765455
1037	65456	inject	20119	765456
1037	65457	inject	20119	765457
1037	65458	inject	20119	765458
1037	65459	inject	20119	765459
1037	65460	inject	20119	765460
1037	65461	inject	20119	765461
1037	65462	inject	20119	765462
1037	65463	inject	20119	765463
1037	65464	inject	20119	765464
1037	65465	inject	20119	765465
1037	65466	inject	20119	765466
1037	65467	inject	20119	765467
1037	65468	inject	20119	765468
1037	65469	inject	20119	765469
1037	65470	inject	20119	765470
1037	65471	inject	20119	765471
1037	65472	inject	20119	765472
1037	65473	inject	20119	765473
1037	65474	inject	20119	765474
1037	65475	inject	20119	765475
1037	65476	inject	20119	765476
1037	65477	inject	20119	765477
1038	65480	inject	20120	765480
1038	65481	inject	20120	765481
1038	65482	inject	20120	765482
1038	65483	inject	20120	765483
1038	65484	inject	20120	765484
1038	65485	inject	20120	765485
1038	65486	inject	20120	765486
1038	65487	inject	20120	765487
1038	65488	inject	20120	765488
1038	65489	inject	20120	765489
1038	65490	inject	20120	765490
1038	65491	inject	20120	765491
1038	65492	inject	20120	765492
1038	65493	inject	20120	765493
1038	65494	inject	20120	765494
1038	65495	inject	20120	765495
1038	65496	inject	20120	765496
1038	65497	inject	20120	765497
1038	65498	inject	20120	765498
1038	65499	inject	20120	765499
1038	65500	inject	20120	765500
1038	65501	inject	20120	765501
1038	65502	inject	20120	765502
1038	65503	inject	20120	765503
1038	65504	inject	20120	765504
1038	65505	inject	20120	765505
1038	65506	inject	20120	765506
1038	65507	inject	20120	765507
1040	65540	inject	20121	765540
1040	65541	inject	20121	765541
1040	65542	inject	20121	765542
1040	65543	inject	20121	765543
1040	65544	inject	20121	765544
1040	65545	inject	20121	765545
1040	65546	inject	20121	765546
1040	65547	inject	20121	765547
1040	65548	inject	20121	765548
1040	65549	inject	20121	765549
1040	65550	inject	20121	765550
1040	65551	inject	20121	765551
1040	65552	inject	20121	765552
1040	65553	inject	20121	765553
1040	65554	inject	20121	765554
1040	65555	inject	20121	765555
1040	65556	inject	20121	765556
1040	65557	inject	20121	765557
1040	65558	inject	20121	765558
1040	65559	inject	20121	765559
1040	65560	inject	20121	765560
1040	65561	inject	20121	765561
1040	65562	inject	20121	765562
1040	65563	inject	20121	765563
1040	65564	inject	20121	765564
1040	65565	inject	20121	765565
1040	65566	inject	20121	765566
1040	65567	inject	20121	765567
1041	65570	inject	20122	765570
1041	65571	inject	20122	765571
1041	65572	inject	20122	765572
1041	65573	inject	20122	765573
1041	65574	inject	20122	765574
1041	65575	inject	20122	765575
1041	65576	inject	20122	765576
1041	65577	inject	20122	765577
1041	65578	inject	20122	765578
1041	65579	inject	20122	765579
1041	65580	inject	20122	765580
1041	65581	inject	20122	765581
1041	65582	inject	20122	765582
1041	65583	inject	20122	765583
1041	65584	inject	20122	765584
1041	65585	inject	20122	765585
1041	65586	inject	20122	765586
1041	65587	inject	20122	765587
1041	65588	inject	20122	765588
1041	65589	inject	20122	765589
1041	65590	inject	20122	765590
1041	65591	inject	20122	765591
1041	65592	inject	20122	765592
1041	65593	inject	20122	765593
1041	65594	inject	20122	765594
1041	65595	inject	20122	765595
1041	65596	inject	20122	765596
1041	65597	inject	20122	765597
1042	65598	inject	20123	765598
1042	65599	inject	20123	765599
1042	65600	inject	20123	765600
1042	65601	inject	20123	765601
1042	65602	inject	20123	765602
1042	65603	inject	20123	765603
1042	65604	inject	20123	765604
1042	65605	inject	20123	765605
1042	65606	inject	20123	765606
1042	65607	inject	20123	765607
1042	65608	inject	20123	765608
1042	65609	inject	20123	765609
1042	65610	inject	20123	765610
1042	65611	inject	20123	765611
1042	65612	inject	20123	765612
1042	65613	inject	20123	765613
1042	65614	inject	20123	765614
1042	65615	inject	20123	765615
1042	65616	inject	20123	765616
1042	65617	inject	20123	765617
1042	65618	inject	20123	765618
1042	65619	inject	20123	765619
1042	65620	inject	20123	765620
1042	65621	inject	20123	765621
1042	65622	inject	20123	765622
1042	65623	inject	20123	765623
1042	65624	inject	20123	765624
1042	65625	inject	20123	765625
1043	65626	inject	20124	765626
1043	65627	inject	20124	765627
1043	65628	inject	20124	765628
1043	65629	inject	20124	765629
1043	65630	inject	20124	765630
1043	65631	inject	20124	765631
1043	65632	inject	20124	765632
1043	65633	inject	20124	765633
1043	65634	inject	20124	765634
1043	65635	inject	20124	765635
1043	65636	inject	20124	765636
1043	65637	inject	20124	765637
1044	65638	inject	20125	765638
1044	65639	inject	20125	765639
1044	65640	inject	20125	765640
1044	65641	inject	20125	765641
1044	65642	inject	20125	765642
1044	65643	inject	20125	765643
1044	65644	inject	20125	765644
1044	65645	inject	20125	765645
1044	65646	inject	20125	765646
1044	65647	inject	20125	765647
1044	65648	inject	20125	765648
1044	65649	inject	20125	765649
1044	65650	inject	20125	765650
1044	65651	inject	20125	765651
1044	65652	inject	20125	765652
1044	65653	inject	20125	765653
1044	65654	inject	20125	765654
1044	65655	inject	20125	765655
1044	65656	inject	20125	765656
1044	65657	inject	20125	765657
1044	65658	inject	20125	765658
1044	65659	inject	20125	765659
1044	65660	inject	20125	765660
1044	65661	inject	20125	765661
1044	65662	inject	20125	765662
1044	65663	inject	20125	765663
1044	65664	inject	20125	765664
1044	65665	inject	20125	765665
1045	65666	inject	20126	765666
1045	65667	inject	20126	765667
1045	65668	inject	20126	765668
1045	65669	inject	20126	765669
1045	65670	inject	20126	765670
1045	65671	inject	20126	765671
1045	65672	inject	20126	765672
1045	65673	inject	20126	765673
1045	65674	inject	20126	765674
1045	65675	inject	20126	765675
1045	65676	inject	20126	765676
1045	65677	inject	20126	765677
1045	65678	inject	20126	765678
1045	65679	inject	20126	765679
1045	65680	inject	20126	765680
1045	65681	inject	20126	765681
1045	65682	inject	20126	765682
1045	65683	inject	20126	765683
1045	65684	inject	20126	765684
1045	65685	inject	20126	765685
1045	65686	inject	20126	765686
1045	65687	inject	20126	765687
1045	65688	inject	20126	765688
1045	65689	inject	20126	765689
1045	65690	inject	20126	765690
1045	65691	inject	20126	765691
1045	65692	inject	20126	765692
1045	65693	inject	20126	765693
1046	65694	inject	20127	765694
1046	65695	inject	20127	765695
1046	65696	inject	20127	765696
1046	65697	inject	20127	765697
1046	65698	inject	20127	765698
1046	65699	inject	20127	765699
1046	65700	inject	20127	765700
1046	65701	inject	20127	765701
1046	65702	inject	20127	765702
1046	65703	inject	20127	765703
1046	65704	inject	20127	765704
1046	65705	inject	20127	765705
1046	65706	inject	20127	765706
1046	65707	inject	20127	765707
1046	65708	inject	20127	765708
1046	65709	inject	20127	765709
1046	65710	inject	20127	765710
1046	65711	inject	20127	765711
1046	65712	inject	20127	765712
1046	65713	inject	20127	765713
1046	65714	inject	20127	765714
1046	65715	inject	20127	765715
1046	65716	inject	20127	765716
1046	65717	inject	20127	765717
1046	65718	inject	20127	765718
1046	65719	inject	20127	765719
1046	65720	inject	20127	765720
1046	65721	inject	20127	765721
1047	65722	inject	20128	765722
1047	65723	inject	20128	765723
1047	65724	inject	20128	765724
1047	65725	inject	20128	765725
1047	65726	inject	20128	765726
1047	65727	inject	20128	765727
1047	65728	inject	20128	765728
1047	65729	inject	20128	765729
1047	65730	inject	20128	765730
1047	65731	inject	20128	765731
1047	65732	inject	20128	765732
1047	65733	inject	20128	765733
1048	65734	inject	20129	765734
1048	65735	inject	20129	765735
1048	65736	inject	20129	765736
1048	65737	inject	20129	765737
1048	65738	inject	20129	765738
1048	65739	inject	20129	765739
1048	65740	inject	20129	765740
1048	65741	inject	20129	765741
1048	65742	inject	20129	765742
1048	65743	inject	20129	765743
1048	65744	inject	20129	765744
1048	65745	inject	20129	765745
1048	65746	inject	20129	765746
1048	65747	inject	20129	765747
1048	65748	inject	20129	765748
1048	65749	inject	20129	765749
1048	65750	inject	20129	765750
1048	65751	inject	20129	765751
1048	65752	inject	20129	765752
1048	65753	inject	20129	765753
1048	65754	inject	20129	765754
1048	65755	inject	20129	765755
1048	65756	inject	20129	765756
1048	65757	inject	20129	765757
1048	65758	inject	20129	765758
1048	65759	inject	20129	765759
1048	65760	inject	20129	765760
1048	65761	inject	20129	765761
1049	65762	inject	20130	765762
1049	65763	inject	20130	765763
1049	65764	inject	20130	765764
1049	65765	inject	20130	765765
1049	65766	inject	20130	765766
1049	65767	inject	20130	765767
1049	65768	inject	20130	765768
1049	65769	inject	20130	765769
1049	65770	inject	20130	765770
1049	65771	inject	20130	765771
1049	65772	inject	20130	765772
1049	65773	inject	20130	765773
1049	65774	inject	20130	765774
1049	65775	inject	20130	765775
1049	65776	inject	20130	765776
1049	65777	inject	20130	765777
1049	65778	inject	20130	765778
1049	65779	inject	20130	765779
1049	65780	inject	20130	765780
1049	65781	inject	20130	765781
1049	65782	inject	20130	765782
1049	65783	inject	20130	765783
1049	65784	inject	20130	765784
1049	65785	inject	20130	765785
1049	65786	inject	20130	765786
1049	65787	inject	20130	765787
1049	65788	inject	20130	765788
1049	65789	inject	20130	765789
1050	65790	inject	20131	765790
1050	65791	inject	20131	765791
1050	65792	inject	20131	765792
1050	65793	inject	20131	765793
1050	65794	inject	20131	765794
1050	65795	inject	20131	765795
1050	65796	inject	20131	765796
1050	65797	inject	20131	765797
1050	65798	inject	20131	765798
1050	65799	inject	20131	765799
1050	65800	inject	20131	765800
1050	65801	inject	20131	765801
1050	65802	inject	20131	765802
1050	65803	inject	20131	765803
1050	65804	inject	20131	765804
1050	65805	inject	20131	765805
1050	65806	inject	20131	765806
1050	65807	inject	20131	765807
1050	65808	inject	20131	765808
1050	65809	inject	20131	765809
1050	65810	inject	20131	765810
1050	65811	inject	20131	765811
1050	65812	inject	20131	765812
1050	65813	inject	20131	765813
1050	65814	inject	20131	765814
1050	65815	inject	20131	765815
1050	65816	inject	20131	765816
1050	65817	inject	20131	765817
1051	65818	inject	20132	765818
1051	65819	inject	20132	765819
1051	65820	inject	20132	765820
1051	65821	inject	20132	765821
1051	65822	inject	20132	765822
1051	65823	inject	20132	765823
1051	65824	inject	20132	765824
1051	65825	inject	20132	765825
1051	65826	inject	20132	765826
1051	65827	inject	20132	765827
1051	65828	inject	20132	765828
1051	65829	inject	20132	765829
1052	65830	inject	20133	765830
1052	65831	inject	20133	765831
1052	65832	inject	20133	765832
1052	65833	inject	20133	765833
1052	65834	inject	20133	765834
1052	65835	inject	20133	765835
1052	65836	inject	20133	765836
1052	65837	inject	20133	765837
1052	65838	inject	20133	765838
1052	65839	inject	20133	765839
1052	65840	inject	20133	765840
1052	65841	inject	20133	765841
1052	65842	inject	20133	765842
1052	65843	inject	20133	765843
1052	65844	inject	20133	765844
1052	65845	inject	20133	765845
1052	65846	inject	20133	765846
1052	65847	inject	20133	765847
1052	65848	inject	20133	765848
1052	65849	inject	20133	765849
1052	65850	inject	20133	765850
1052	65851	inject	20133	765851
1052	65852	inject	20133	765852
1052	65853	inject	20133	765853
1052	65854	inject	20133	765854
1052	65855	inject	20133	765855
1052	65856	inject	20133	765856
1052	65857	inject	20133	765857
1053	65858	inject	20134	765858
1053	65859	inject	20134	765859
1053	65860	inject	20134	765860
1053	65861	inject	20134	765861
1053	65862	inject	20134	765862
1053	65863	inject	20134	765863
1053	65864	inject	20134	765864
1053	65865	inject	20134	765865
1053	65866	inject	20134	765866
1053	65867	inject	20134	765867
1053	65868	inject	20134	765868
1053	65869	inject	20134	765869
1053	65870	inject	20134	765870
1053	65871	inject	20134	765871
1053	65872	inject	20134	765872
1053	65873	inject	20134	765873
1053	65874	inject	20134	765874
1053	65875	inject	20134	765875
1053	65876	inject	20134	765876
1053	65877	inject	20134	765877
1053	65878	inject	20134	765878
1053	65879	inject	20134	765879
1053	65880	inject	20134	765880
1053	65881	inject	20134	765881
1053	65882	inject	20134	765882
1053	65883	inject	20134	765883
1053	65884	inject	20134	765884
1053	65885	inject	20134	765885
1054	65886	inject	20135	765886
1054	65887	inject	20135	765887
1054	65888	inject	20135	765888
1054	65889	inject	20135	765889
1054	65890	inject	20135	765890
1054	65891	inject	20135	765891
1054	65892	inject	20135	765892
1054	65893	inject	20135	765893
1054	65894	inject	20135	765894
1054	65895	inject	20135	765895
1054	65896	inject	20135	765896
1054	65897	inject	20135	765897
1054	65898	inject	20135	765898
1054	65899	inject	20135	765899
1054	65900	inject	20135	765900
1054	65901	inject	20135	765901
1054	65902	inject	20135	765902
1054	65903	inject	20135	765903
1054	65904	inject	20135	765904
1054	65905	inject	20135	765905
1054	65906	inject	20135	765906
1054	65907	inject	20135	765907
1054	65908	inject	20135	765908
1054	65909	inject	20135	765909
1054	65910	inject	20135	765910
1054	65911	inject	20135	765911
1054	65912	inject	20135	765912
1054	65913	inject	20135	765913
1055	65914	inject	20136	765914
1055	65915	inject	20136	765915
1055	65916	inject	20136	765916
1055	65917	inject	20136	765917
1055	65918	inject	20136	765918
1055	65919	inject	20136	765919
1055	65920	inject	20136	765920
1055	65921	inject	20136	765921
1055	65922	inject	20136	765922
1055	65923	inject	20136	765923
1055	65924	inject	20136	765924
1055	65925	inject	20136	765925
1056	65926	inject	20137	765926
1056	65927	inject	20137	765927
1056	65928	inject	20137	765928
1056	65929	inject	20137	765929
1056	65930	inject	20137	765930
1056	65931	inject	20137	765931
1056	65932	inject	20137	765932
1056	65933	inject	20137	765933
1056	65934	inject	20137	765934
1056	65935	inject	20137	765935
1056	65936	inject	20137	765936
1056	65937	inject	20137	765937
1056	65938	inject	20137	765938
1056	65939	inject	20137	765939
1056	65940	inject	20137	765940
1056	65941	inject	20137	765941
1056	65942	inject	20137	765942
1056	65943	inject	20137	765943
1056	65944	inject	20137	765944
1056	65945	inject	20137	765945
1056	65946	inject	20137	765946
1056	65947	inject	20137	765947
1056	65948	inject	20137	765948
1056	65949	inject	20137	765949
1056	65950	inject	20137	765950
1056	65951	inject	20137	765951
1056	65952	inject	20137	765952
1056	65953	inject	20137	765953
1057	65954	inject	20138	765954
1057	65955	inject	20138	765955
1057	65956	inject	20138	765956
1057	65957	inject	20138	765957
1057	65958	inject	20138	765958
1057	65959	inject	20138	765959
1057	65960	inject	20138	765960
1057	65961	inject	20138	765961
1057	65962	inject	20138	765962
1057	65963	inject	20138	765963
1057	65964	inject	20138	765964
1057	65965	inject	20138	765965
1057	65966	inject	20138	765966
1057	65967	inject	20138	765967
1057	65968	inject	20138	765968
1057	65969	inject	20138	765969
1057	65970	inject	20138	765970
1057	65971	inject	20138	765971
1057	65972	inject	20138	765972
1057	65973	inject	20138	765973
1057	65974	inject	20138	765974
1057	65975	inject	20138	765975
1057	65976	inject	20138	765976
1057	65977	inject	20138	765977
1057	65978	inject	20138	765978
1057	65979	inject	20138	765979
1057	65980	inject	20138	765980
1057	65981	inject	20138	765981
1058	65982	inject	20139	765982
1058	65983	inject	20139	765983
1058	65984	inject	20139	765984
1058	65985	inject	20139	765985
1058	65986	inject	20139	765986
1058	65987	inject	20139	765987
1058	65988	inject	20139	765988
1058	65989	inject	20139	765989
1058	65990	inject	20139	765990
1058	65991	inject	20139	765991
1058	65992	inject	20139	765992
1058	65993	inject	20139	765993
1058	65994	inject	20139	765994
1058	65995	inject	20139	765995
1058	65996	inject	20139	765996
1058	65997	inject	20139	765997
1058	65998	inject	20139	765998
1058	65999	inject	20139	765999
1058	66000	inject	20139	766000
1058	66001	inject	20139	766001
1058	66002	inject	20139	766002
1058	66003	inject	20139	766003
1058	66004	inject	20139	766004
1058	66005	inject	20139	766005
1058	66006	inject	20139	766006
1058	66007	inject	20139	766007
1058	66008	inject	20139	766008
1058	66009	inject	20139	766009
1059	66010	inject	20140	766010
1059	66011	inject	20140	766011
1059	66012	inject	20140	766012
1059	66013	inject	20140	766013
1059	66014	inject	20140	766014
1059	66015	inject	20140	766015
1059	66016	inject	20140	766016
1059	66017	inject	20140	766017
1059	66018	inject	20140	766018
1059	66019	inject	20140	766019
1059	66020	inject	20140	766020
1059	66021	inject	20140	766021
1060	66022	inject	20141	766022
1060	66023	inject	20141	766023
1060	66024	inject	20141	766024
1060	66025	inject	20141	766025
1060	66026	inject	20141	766026
1060	66027	inject	20141	766027
1060	66028	inject	20141	766028
1060	66029	inject	20141	766029
1060	66030	inject	20141	766030
1060	66031	inject	20141	766031
1060	66032	inject	20141	766032
1060	66033	inject	20141	766033
1060	66034	inject	20141	766034
1060	66035	inject	20141	766035
1060	66036	inject	20141	766036
1060	66037	inject	20141	766037
1060	66038	inject	20141	766038
1060	66039	inject	20141	766039
1060	66040	inject	20141	766040
1060	66041	inject	20141	766041
1060	66042	inject	20141	766042
1060	66043	inject	20141	766043
1060	66044	inject	20141	766044
1060	66045	inject	20141	766045
1060	66046	inject	20141	766046
1060	66047	inject	20141	766047
1060	66048	inject	20141	766048
1060	66049	inject	20141	766049
1061	66050	inject	20142	766050
1061	66051	inject	20142	766051
1061	66052	inject	20142	766052
1061	66053	inject	20142	766053
1061	66054	inject	20142	766054
1061	66055	inject	20142	766055
1061	66056	inject	20142	766056
1061	66057	inject	20142	766057
1061	66058	inject	20142	766058
1061	66059	inject	20142	766059
1061	66060	inject	20142	766060
1061	66061	inject	20142	766061
1061	66062	inject	20142	766062
1061	66063	inject	20142	766063
1061	66064	inject	20142	766064
1061	66065	inject	20142	766065
1061	66066	inject	20142	766066
1061	66067	inject	20142	766067
1061	66068	inject	20142	766068
1061	66069	inject	20142	766069
1061	66070	inject	20142	766070
1061	66071	inject	20142	766071
1061	66072	inject	20142	766072
1061	66073	inject	20142	766073
1061	66074	inject	20142	766074
1061	66075	inject	20142	766075
1061	66076	inject	20142	766076
1061	66077	inject	20142	766077
1062	66078	inject	20143	766078
1062	66079	inject	20143	766079
1062	66080	inject	20143	766080
1062	66081	inject	20143	766081
1062	66082	inject	20143	766082
1062	66083	inject	20143	766083
1062	66084	inject	20143	766084
1062	66085	inject	20143	766085
1062	66086	inject	20143	766086
1062	66087	inject	20143	766087
1062	66088	inject	20143	766088
1062	66089	inject	20143	766089
1062	66090	inject	20143	766090
1062	66091	inject	20143	766091
1062	66092	inject	20143	766092
1062	66093	inject	20143	766093
1062	66094	inject	20143	766094
1062	66095	inject	20143	766095
1062	66096	inject	20143	766096
1062	66097	inject	20143	766097
1062	66098	inject	20143	766098
1062	66099	inject	20143	766099
1062	66100	inject	20143	766100
1062	66101	inject	20143	766101
1062	66102	inject	20143	766102
1062	66103	inject	20143	766103
1062	66104	inject	20143	766104
1062	66105	inject	20143	766105
1063	66106	inject	20144	766106
1063	66107	inject	20144	766107
1063	66108	inject	20144	766108
1063	66109	inject	20144	766109
1063	66110	inject	20144	766110
1063	66111	inject	20144	766111
1063	66112	inject	20144	766112
1063	66113	inject	20144	766113
1063	66114	inject	20144	766114
1063	66115	inject	20144	766115
1063	66116	inject	20144	766116
1063	66117	inject	20144	766117
1064	66118	inject	20145	766118
1064	66119	inject	20145	766119
1064	66120	inject	20145	766120
1064	66121	inject	20145	766121
1064	66122	inject	20145	766122
1064	66123	inject	20145	766123
1064	66124	inject	20145	766124
1064	66125	inject	20145	766125
1064	66126	inject	20145	766126
1064	66127	inject	20145	766127
1064	66128	inject	20145	766128
1064	66129	inject	20145	766129
1064	66130	inject	20145	766130
1064	66131	inject	20145	766131
1064	66132	inject	20145	766132
1064	66133	inject	20145	766133
1064	66134	inject	20145	766134
1064	66135	inject	20145	766135
1064	66136	inject	20145	766136
1064	66137	inject	20145	766137
1064	66138	inject	20145	766138
1064	66139	inject	20145	766139
1064	66140	inject	20145	766140
1064	66141	inject	20145	766141
1064	66142	inject	20145	766142
1064	66143	inject	20145	766143
1064	66144	inject	20145	766144
1064	66145	inject	20145	766145
1065	66146	inject	20146	766146
1065	66147	inject	20146	766147
1065	66148	inject	20146	766148
1065	66149	inject	20146	766149
1065	66150	inject	20146	766150
1065	66151	inject	20146	766151
1065	66152	inject	20146	766152
1065	66153	inject	20146	766153
1065	66154	inject	20146	766154
1065	66155	inject	20146	766155
1065	66156	inject	20146	766156
1065	66157	inject	20146	766157
1065	66158	inject	20146	766158
1065	66159	inject	20146	766159
1065	66160	inject	20146	766160
1065	66161	inject	20146	766161
1065	66162	inject	20146	766162
1065	66163	inject	20146	766163
1065	66164	inject	20146	766164
1065	66165	inject	20146	766165
1065	66166	inject	20146	766166
1065	66167	inject	20146	766167
1065	66168	inject	20146	766168
1065	66169	inject	20146	766169
1065	66170	inject	20146	766170
1065	66171	inject	20146	766171
1065	66172	inject	20146	766172
1065	66173	inject	20146	766173
1066	66174	inject	20147	766174
1066	66175	inject	20147	766175
1066	66176	inject	20147	766176
1066	66177	inject	20147	766177
1066	66178	inject	20147	766178
1066	66179	inject	20147	766179
1066	66180	inject	20147	766180
1066	66181	inject	20147	766181
1066	66182	inject	20147	766182
1066	66183	inject	20147	766183
1066	66184	inject	20147	766184
1066	66185	inject	20147	766185
1066	66186	inject	20147	766186
1066	66187	inject	20147	766187
1066	66188	inject	20147	766188
1066	66189	inject	20147	766189
1066	66190	inject	20147	766190
1066	66191	inject	20147	766191
1066	66192	inject	20147	766192
1066	66193	inject	20147	766193
1066	66194	inject	20147	766194
1066	66195	inject	20147	766195
1066	66196	inject	20147	766196
1066	66197	inject	20147	766197
1066	66198	inject	20147	766198
1066	66199	inject	20147	766199
1066	66200	inject	20147	766200
1066	66201	inject	20147	766201
1067	66202	inject	20148	766202
1067	66203	inject	20148	766203
1067	66204	inject	20148	766204
1067	66205	inject	20148	766205
1067	66206	inject	20148	766206
1067	66207	inject	20148	766207
1067	66208	inject	20148	766208
1067	66209	inject	20148	766209
1067	66210	inject	20148	766210
1067	66211	inject	20148	766211
1067	66212	inject	20148	766212
1067	66213	inject	20148	766213
1068	66214	inject	20149	766214
1068	66215	inject	20149	766215
1068	66216	inject	20149	766216
1068	66217	inject	20149	766217
1068	66218	inject	20149	766218
1068	66219	inject	20149	766219
1068	66220	inject	20149	766220
1068	66221	inject	20149	766221
1068	66222	inject	20149	766222
1068	66223	inject	20149	766223
1068	66224	inject	20149	766224
1068	66225	inject	20149	766225
1068	66226	inject	20149	766226
1068	66227	inject	20149	766227
1068	66228	inject	20149	766228
1068	66229	inject	20149	766229
1068	66230	inject	20149	766230
1068	66231	inject	20149	766231
1068	66232	inject	20149	766232
1068	66233	inject	20149	766233
1068	66234	inject	20149	766234
1068	66235	inject	20149	766235
1068	66236	inject	20149	766236
1068	66237	inject	20149	766237
1068	66238	inject	20149	766238
1068	66239	inject	20149	766239
1068	66240	inject	20149	766240
1068	66241	inject	20149	766241
1069	66242	inject	20150	766242
1069	66243	inject	20150	766243
1069	66244	inject	20150	766244
1069	66245	inject	20150	766245
1069	66246	inject	20150	766246
1069	66247	inject	20150	766247
1069	66248	inject	20150	766248
1069	66249	inject	20150	766249
1069	66250	inject	20150	766250
1069	66251	inject	20150	766251
1069	66252	inject	20150	766252
1069	66253	inject	20150	766253
1069	66254	inject	20150	766254
1069	66255	inject	20150	766255
1069	66256	inject	20150	766256
1069	66257	inject	20150	766257
1069	66258	inject	20150	766258
1069	66259	inject	20150	766259
1069	66260	inject	20150	766260
1069	66261	inject	20150	766261
1069	66262	inject	20150	766262
1069	66263	inject	20150	766263
1069	66264	inject	20150	766264
1069	66265	inject	20150	766265
1069	66266	inject	20150	766266
1069	66267	inject	20150	766267
1069	66268	inject	20150	766268
1069	66269	inject	20150	766269
1070	66270	inject	20151	766270
1070	66271	inject	20151	766271
1070	66272	inject	20151	766272
1070	66273	inject	20151	766273
1070	66274	inject	20151	766274
1070	66275	inject	20151	766275
1070	66276	inject	20151	766276
1070	66277	inject	20151	766277
1070	66278	inject	20151	766278
1070	66279	inject	20151	766279
1070	66280	inject	20151	766280
1070	66281	inject	20151	766281
1070	66282	inject	20151	766282
1070	66283	inject	20151	766283
1070	66284	inject	20151	766284
1070	66285	inject	20151	766285
1070	66286	inject	20151	766286
1070	66287	inject	20151	766287
1070	66288	inject	20151	766288
1070	66289	inject	20151	766289
1070	66290	inject	20151	766290
1070	66291	inject	20151	766291
1070	66292	inject	20151	766292
1070	66293	inject	20151	766293
1070	66294	inject	20151	766294
1070	66295	inject	20151	766295
1070	66296	inject	20151	766296
1070	66297	inject	20151	766297
1072	66310	inject	20152	766310
1072	66311	inject	20152	766311
1072	66312	inject	20152	766312
1072	66313	inject	20152	766313
1072	66314	inject	20152	766314
1072	66315	inject	20152	766315
1072	66316	inject	20152	766316
1072	66317	inject	20152	766317
1072	66318	inject	20152	766318
1072	66319	inject	20152	766319
1072	66320	inject	20152	766320
1072	66321	inject	20152	766321
1072	66322	inject	20152	766322
1072	66323	inject	20152	766323
1072	66324	inject	20152	766324
1072	66325	inject	20152	766325
1072	66326	inject	20152	766326
1072	66327	inject	20152	766327
1072	66328	inject	20152	766328
1072	66329	inject	20152	766329
1072	66330	inject	20152	766330
1072	66331	inject	20152	766331
1072	66332	inject	20152	766332
1072	66333	inject	20152	766333
1072	66334	inject	20152	766334
1072	66335	inject	20152	766335
1072	66336	inject	20152	766336
1072	66337	inject	20152	766337
1073	66338	inject	20153	766338
1073	66339	inject	20153	766339
1073	66340	inject	20153	766340
1073	66341	inject	20153	766341
1073	66342	inject	20153	766342
1073	66343	inject	20153	766343
1073	66344	inject	20153	766344
1073	66345	inject	20153	766345
1073	66346	inject	20153	766346
1073	66347	inject	20153	766347
1073	66348	inject	20153	766348
1073	66349	inject	20153	766349
1073	66350	inject	20153	766350
1073	66351	inject	20153	766351
1073	66352	inject	20153	766352
1073	66353	inject	20153	766353
1073	66354	inject	20153	766354
1073	66355	inject	20153	766355
1073	66356	inject	20153	766356
1073	66357	inject	20153	766357
1073	66358	inject	20153	766358
1073	66359	inject	20153	766359
1073	66360	inject	20153	766360
1073	66361	inject	20153	766361
1073	66362	inject	20153	766362
1073	66363	inject	20153	766363
1073	66364	inject	20153	766364
1073	66365	inject	20153	766365
1074	66366	inject	20154	766366
1074	66367	inject	20154	766367
1074	66368	inject	20154	766368
1074	66369	inject	20154	766369
1074	66370	inject	20154	766370
1074	66371	inject	20154	766371
1074	66372	inject	20154	766372
1074	66373	inject	20154	766373
1074	66374	inject	20154	766374
1074	66375	inject	20154	766375
1074	66376	inject	20154	766376
1074	66377	inject	20154	766377
1074	66378	inject	20154	766378
1074	66379	inject	20154	766379
1074	66380	inject	20154	766380
1074	66381	inject	20154	766381
1074	66382	inject	20154	766382
1074	66383	inject	20154	766383
1074	66384	inject	20154	766384
1074	66385	inject	20154	766385
1074	66386	inject	20154	766386
1074	66387	inject	20154	766387
1074	66388	inject	20154	766388
1074	66389	inject	20154	766389
1074	66390	inject	20154	766390
1074	66391	inject	20154	766391
1074	66392	inject	20154	766392
1074	66393	inject	20154	766393
1076	66430	inject	20155	766430
1076	66431	inject	20155	766431
1076	66432	inject	20155	766432
1076	66433	inject	20155	766433
1076	66434	inject	20155	766434
1076	66435	inject	20155	766435
1076	66436	inject	20155	766436
1076	66437	inject	20155	766437
1076	66438	inject	20155	766438
1076	66439	inject	20155	766439
1076	66440	inject	20155	766440
1076	66441	inject	20155	766441
1076	66442	inject	20155	766442
1076	66443	inject	20155	766443
1076	66444	inject	20155	766444
1076	66445	inject	20155	766445
1076	66446	inject	20155	766446
1076	66447	inject	20155	766447
1076	66448	inject	20155	766448
1076	66449	inject	20155	766449
1076	66450	inject	20155	766450
1076	66451	inject	20155	766451
1076	66452	inject	20155	766452
1076	66453	inject	20155	766453
1076	66454	inject	20155	766454
1076	66455	inject	20155	766455
1076	66456	inject	20155	766456
1076	66457	inject	20155	766457
1077	66458	inject	20156	766458
1077	66459	inject	20156	766459
1077	66460	inject	20156	766460
1077	66461	inject	20156	766461
1077	66462	inject	20156	766462
1077	66463	inject	20156	766463
1077	66464	inject	20156	766464
1077	66465	inject	20156	766465
1077	66466	inject	20156	766466
1077	66467	inject	20156	766467
1077	66468	inject	20156	766468
1077	66469	inject	20156	766469
1077	66470	inject	20156	766470
1077	66471	inject	20156	766471
1077	66472	inject	20156	766472
1077	66473	inject	20156	766473
1077	66474	inject	20156	766474
1077	66475	inject	20156	766475
1077	66476	inject	20156	766476
1077	66477	inject	20156	766477
1077	66478	inject	20156	766478
1077	66479	inject	20156	766479
1077	66480	inject	20156	766480
1077	66481	inject	20156	766481
1077	66482	inject	20156	766482
1077	66483	inject	20156	766483
1077	66484	inject	20156	766484
1077	66485	inject	20156	766485
1078	66486	inject	20157	766486
1078	66487	inject	20157	766487
1078	66488	inject	20157	766488
1078	66489	inject	20157	766489
1078	66490	inject	20157	766490
1078	66491	inject	20157	766491
1078	66492	inject	20157	766492
1078	66493	inject	20157	766493
1078	66494	inject	20157	766494
1078	66495	inject	20157	766495
1078	66496	inject	20157	766496
1078	66497	inject	20157	766497
1078	66498	inject	20157	766498
1078	66499	inject	20157	766499
1078	66500	inject	20157	766500
1078	66501	inject	20157	766501
1078	66502	inject	20157	766502
1078	66503	inject	20157	766503
1078	66504	inject	20157	766504
1078	66505	inject	20157	766505
1078	66506	inject	20157	766506
1078	66507	inject	20157	766507
1078	66508	inject	20157	766508
1078	66509	inject	20157	766509
1078	66510	inject	20157	766510
1078	66511	inject	20157	766511
1078	66512	inject	20157	766512
1078	66513	inject	20157	766513
1080	66540	inject	20158	766540
1080	66541	inject	20158	766541
1080	66542	inject	20158	766542
1080	66543	inject	20158	766543
1080	66544	inject	20158	766544
1080	66545	inject	20158	766545
1080	66546	inject	20158	766546
1080	66547	inject	20158	766547
1080	66548	inject	20158	766548
1080	66549	inject	20158	766549
1080	66550	inject	20158	766550
1080	66551	inject	20158	766551
1080	66552	inject	20158	766552
1080	66553	inject	20158	766553
1080	66554	inject	20158	766554
1080	66555	inject	20158	766555
1080	66556	inject	20158	766556
1080	66557	inject	20158	766557
1080	66558	inject	20158	766558
1080	66559	inject	20158	766559
1080	66560	inject	20158	766560
1080	66561	inject	20158	766561
1080	66562	inject	20158	766562
1080	66563	inject	20158	766563
1080	66564	inject	20158	766564
1080	66565	inject	20158	766565
1080	66566	inject	20158	766566
1080	66567	inject	20158	766567
1081	66568	inject	20159	766568
1081	66569	inject	20159	766569
1081	66570	inject	20159	766570
1081	66571	inject	20159	766571
1081	66572	inject	20159	766572
1081	66573	inject	20159	766573
1081	66574	inject	20159	766574
1081	66575	inject	20159	766575
1081	66576	inject	20159	766576
1081	66577	inject	20159	766577
1081	66578	inject	20159	766578
1081	66579	inject	20159	766579
1081	66580	inject	20159	766580
1081	66581	inject	20159	766581
1081	66582	inject	20159	766582
1081	66583	inject	20159	766583
1081	66584	inject	20159	766584
1081	66585	inject	20159	766585
1081	66586	inject	20159	766586
1081	66587	inject	20159	766587
1081	66588	inject	20159	766588
1081	66589	inject	20159	766589
1081	66590	inject	20159	766590
1081	66591	inject	20159	766591
1081	66592	inject	20159	766592
1081	66593	inject	20159	766593
1081	66594	inject	20159	766594
1081	66595	inject	20159	766595
1082	66596	inject	20160	766596
1082	66597	inject	20160	766597
1082	66598	inject	20160	766598
1082	66599	inject	20160	766599
1082	66600	inject	20160	766600
1082	66601	inject	20160	766601
1082	66602	inject	20160	766602
1082	66603	inject	20160	766603
1082	66604	inject	20160	766604
1082	66605	inject	20160	766605
1082	66606	inject	20160	766606
1082	66607	inject	20160	766607
1082	66608	inject	20160	766608
1082	66609	inject	20160	766609
1082	66610	inject	20160	766610
1082	66611	inject	20160	766611
1082	66612	inject	20160	766612
1082	66613	inject	20160	766613
1082	66614	inject	20160	766614
1082	66615	inject	20160	766615
1082	66616	inject	20160	766616
1082	66617	inject	20160	766617
1082	66618	inject	20160	766618
1082	66619	inject	20160	766619
1082	66620	inject	20160	766620
1082	66621	inject	20160	766621
1082	66622	inject	20160	766622
1082	66623	inject	20160	766623
1084	66653	inject	20161	766653
1084	66654	inject	20161	766654
1084	66655	inject	20161	766655
1084	66656	inject	20161	766656
1084	66657	inject	20161	766657
1084	66658	inject	20161	766658
1084	66659	inject	20161	766659
1084	66660	inject	20161	766660
1084	66661	inject	20161	766661
1084	66662	inject	20161	766662
1084	66663	inject	20161	766663
1084	66664	inject	20161	766664
1084	66665	inject	20161	766665
1084	66666	inject	20161	766666
1084	66667	inject	20161	766667
1084	66668	inject	20161	766668
1084	66669	inject	20161	766669
1084	66670	inject	20161	766670
1084	66671	inject	20161	766671
1084	66672	inject	20161	766672
1084	66673	inject	20161	766673
1084	66674	inject	20161	766674
1084	66675	inject	20161	766675
1084	66676	inject	20161	766676
1084	66677	inject	20161	766677
1084	66678	inject	20161	766678
1084	66679	inject	20161	766679
1084	66680	inject	20161	766680
1085	66681	inject	20162	766681
1085	66682	inject	20162	766682
1085	66683	inject	20162	766683
1085	66684	inject	20162	766684
1085	66685	inject	20162	766685
1085	66686	inject	20162	766686
1085	66687	inject	20162	766687
1085	66688	inject	20162	766688
1085	66689	inject	20162	766689
1085	66690	inject	20162	766690
1085	66691	inject	20162	766691
1085	66692	inject	20162	766692
1085	66693	inject	20162	766693
1085	66694	inject	20162	766694
1085	66695	inject	20162	766695
1085	66696	inject	20162	766696
1085	66697	inject	20162	766697
1085	66698	inject	20162	766698
1085	66699	inject	20162	766699
1085	66700	inject	20162	766700
1085	66701	inject	20162	766701
1085	66702	inject	20162	766702
1085	66703	inject	20162	766703
1085	66704	inject	20162	766704
1085	66705	inject	20162	766705
1085	66706	inject	20162	766706
1085	66707	inject	20162	766707
1085	66708	inject	20162	766708
1086	66709	inject	20163	766709
1086	66710	inject	20163	766710
1086	66711	inject	20163	766711
1086	66712	inject	20163	766712
1086	66713	inject	20163	766713
1086	66714	inject	20163	766714
1086	66715	inject	20163	766715
1086	66716	inject	20163	766716
1086	66717	inject	20163	766717
1086	66718	inject	20163	766718
1086	66719	inject	20163	766719
1086	66720	inject	20163	766720
1086	66721	inject	20163	766721
1086	66722	inject	20163	766722
1086	66723	inject	20163	766723
1086	66724	inject	20163	766724
1086	66725	inject	20163	766725
1086	66726	inject	20163	766726
1086	66727	inject	20163	766727
1086	66728	inject	20163	766728
1086	66729	inject	20163	766729
1086	66730	inject	20163	766730
1086	66731	inject	20163	766731
1086	66732	inject	20163	766732
1086	66733	inject	20163	766733
1086	66734	inject	20163	766734
1086	66735	inject	20163	766735
1086	66736	inject	20163	766736
1088	66777	inject	20164	766777
1088	66778	inject	20164	766778
1088	66779	inject	20164	766779
1088	66780	inject	20164	766780
1088	66781	inject	20164	766781
1088	66782	inject	20164	766782
1088	66783	inject	20164	766783
1088	66784	inject	20164	766784
1088	66785	inject	20164	766785
1088	66786	inject	20164	766786
1088	66787	inject	20164	766787
1088	66788	inject	20164	766788
1088	66789	inject	20164	766789
1088	66790	inject	20164	766790
1088	66791	inject	20164	766791
1088	66792	inject	20164	766792
1088	66793	inject	20164	766793
1088	66794	inject	20164	766794
1088	66795	inject	20164	766795
1088	66796	inject	20164	766796
1088	66797	inject	20164	766797
1088	66798	inject	20164	766798
1088	66799	inject	20164	766799
1088	66800	inject	20164	766800
1088	66801	inject	20164	766801
1088	66802	inject	20164	766802
1088	66803	inject	20164	766803
1088	66804	inject	20164	766804
1089	66805	inject	20165	766805
1089	66806	inject	20165	766806
1089	66807	inject	20165	766807
1089	66808	inject	20165	766808
1089	66809	inject	20165	766809
1089	66810	inject	20165	766810
1089	66811	inject	20165	766811
1089	66812	inject	20165	766812
1089	66813	inject	20165	766813
1089	66814	inject	20165	766814
1089	66815	inject	20165	766815
1089	66816	inject	20165	766816
1089	66817	inject	20165	766817
1089	66818	inject	20165	766818
1089	66819	inject	20165	766819
1089	66820	inject	20165	766820
1089	66821	inject	20165	766821
1089	66822	inject	20165	766822
1089	66823	inject	20165	766823
1089	66824	inject	20165	766824
1089	66825	inject	20165	766825
1089	66826	inject	20165	766826
1089	66827	inject	20165	766827
1089	66828	inject	20165	766828
1089	66829	inject	20165	766829
1089	66830	inject	20165	766830
1089	66831	inject	20165	766831
1089	66832	inject	20165	766832
1090	66833	inject	20166	766833
1090	66834	inject	20166	766834
1090	66835	inject	20166	766835
1090	66836	inject	20166	766836
1090	66837	inject	20166	766837
1090	66838	inject	20166	766838
1090	66839	inject	20166	766839
1090	66840	inject	20166	766840
1090	66841	inject	20166	766841
1090	66842	inject	20166	766842
1090	66843	inject	20166	766843
1090	66844	inject	20166	766844
1090	66845	inject	20166	766845
1090	66846	inject	20166	766846
1090	66847	inject	20166	766847
1090	66848	inject	20166	766848
1090	66849	inject	20166	766849
1090	66850	inject	20166	766850
1090	66851	inject	20166	766851
1090	66852	inject	20166	766852
1090	66853	inject	20166	766853
1090	66854	inject	20166	766854
1090	66855	inject	20166	766855
1090	66856	inject	20166	766856
1090	66857	inject	20166	766857
1090	66858	inject	20166	766858
1090	66859	inject	20166	766859
1090	66860	inject	20166	766860
1092	66900	inject	20167	766900
1092	66901	inject	20167	766901
1092	66902	inject	20167	766902
1092	66903	inject	20167	766903
1092	66904	inject	20167	766904
1092	66905	inject	20167	766905
1092	66906	inject	20167	766906
1092	66907	inject	20167	766907
1092	66908	inject	20167	766908
1092	66909	inject	20167	766909
1092	66910	inject	20167	766910
1092	66911	inject	20167	766911
1092	66912	inject	20167	766912
1092	66913	inject	20167	766913
1092	66914	inject	20167	766914
1092	66915	inject	20167	766915
1092	66916	inject	20167	766916
1092	66917	inject	20167	766917
1092	66918	inject	20167	766918
1092	66919	inject	20167	766919
1092	66920	inject	20167	766920
1092	66921	inject	20167	766921
1092	66922	inject	20167	766922
1092	66923	inject	20167	766923
1092	66924	inject	20167	766924
1092	66925	inject	20167	766925
1092	66926	inject	20167	766926
1092	66927	inject	20167	766927
1093	66928	inject	20168	766928
1093	66929	inject	20168	766929
1093	66930	inject	20168	766930
1093	66931	inject	20168	766931
1093	66932	inject	20168	766932
1093	66933	inject	20168	766933
1093	66934	inject	20168	766934
1093	66935	inject	20168	766935
1093	66936	inject	20168	766936
1093	66937	inject	20168	766937
1093	66938	inject	20168	766938
1093	66939	inject	20168	766939
1093	66940	inject	20168	766940
1093	66941	inject	20168	766941
1093	66942	inject	20168	766942
1093	66943	inject	20168	766943
1093	66944	inject	20168	766944
1093	66945	inject	20168	766945
1093	66946	inject	20168	766946
1093	66947	inject	20168	766947
1093	66948	inject	20168	766948
1093	66949	inject	20168	766949
1093	66950	inject	20168	766950
1093	66951	inject	20168	766951
1093	66952	inject	20168	766952
1093	66953	inject	20168	766953
1093	66954	inject	20168	766954
1093	66955	inject	20168	766955
1094	60402	inject	20169	760402
1094	60403	inject	20169	760403
1094	60404	inject	20169	760404
1094	60405	inject	20169	760405
1094	60406	inject	20169	760406
1094	60407	inject	20169	760407
1094	60408	inject	20169	760408
1094	60409	inject	20169	760409
1094	60410	inject	20169	760410
1094	60411	inject	20169	760411
1094	60412	inject	20169	760412
1094	60413	inject	20169	760413
1094	60414	inject	20169	760414
1094	60415	inject	20169	760415
1094	60416	inject	20169	760416
1094	60417	inject	20169	760417
1094	60418	inject	20169	760418
1094	60419	inject	20169	760419
1094	60420	inject	20169	760420
1094	60421	inject	20169	760421
1094	60422	inject	20169	760422
1094	60423	inject	20169	760423
1094	60424	inject	20169	760424
1094	60425	inject	20169	760425
1094	60426	inject	20169	760426
1094	60427	inject	20169	760427
1094	60428	inject	20169	760428
1094	60429	inject	20169	760429
1094	66956	inject	20169	766956
1094	66957	inject	20169	766957
1094	66958	inject	20169	766958
1094	66959	inject	20169	766959
1094	66960	inject	20169	766960
1094	66961	inject	20169	766961
1094	66962	inject	20169	766962
1094	66963	inject	20169	766963
1094	66964	inject	20169	766964
1094	66965	inject	20169	766965
1094	66966	inject	20169	766966
1094	66967	inject	20169	766967
1094	66968	inject	20169	766968
1094	66969	inject	20169	766969
1094	66970	inject	20169	766970
1094	66971	inject	20169	766971
1094	66972	inject	20169	766972
1094	66973	inject	20169	766973
1094	66974	inject	20169	766974
1094	66975	inject	20169	766975
1094	66976	inject	20169	766976
1094	66977	inject	20169	766977
1094	66978	inject	20169	766978
1094	66979	inject	20169	766979
1094	66980	inject	20169	766980
1094	66981	inject	20169	766981
1094	66982	inject	20169	766982
1094	66983	inject	20169	766983
1096	60430	inject	20170	760430
1096	60431	inject	20170	760431
1096	60432	inject	20170	760432
1096	60433	inject	20170	760433
1096	60434	inject	20170	760434
1096	60435	inject	20170	760435
1096	60436	inject	20170	760436
1096	60437	inject	20170	760437
1096	60438	inject	20170	760438
1096	60439	inject	20170	760439
1096	60440	inject	20170	760440
1096	60441	inject	20170	760441
1096	60442	inject	20170	760442
1096	60443	inject	20170	760443
1096	60444	inject	20170	760444
1096	60445	inject	20170	760445
1096	60446	inject	20170	760446
1096	60447	inject	20170	760447
1096	60448	inject	20170	760448
1096	60449	inject	20170	760449
1096	60450	inject	20170	760450
1096	60451	inject	20170	760451
1096	60452	inject	20170	760452
1096	60453	inject	20170	760453
1096	60454	inject	20170	760454
1096	60455	inject	20170	760455
1096	60456	inject	20170	760456
1096	60457	inject	20170	760457
1096	67000	inject	20170	767000
1096	67001	inject	20170	767001
1096	67002	inject	20170	767002
1096	67003	inject	20170	767003
1096	67004	inject	20170	767004
1096	67005	inject	20170	767005
1096	67006	inject	20170	767006
1096	67007	inject	20170	767007
1096	67008	inject	20170	767008
1096	67009	inject	20170	767009
1096	67010	inject	20170	767010
1096	67011	inject	20170	767011
1096	67012	inject	20170	767012
1096	67013	inject	20170	767013
1096	67014	inject	20170	767014
1096	67015	inject	20170	767015
1096	67016	inject	20170	767016
1096	67017	inject	20170	767017
1096	67018	inject	20170	767018
1096	67019	inject	20170	767019
1096	67020	inject	20170	767020
1096	67021	inject	20170	767021
1096	67022	inject	20170	767022
1096	67023	inject	20170	767023
1096	67024	inject	20170	767024
1096	67025	inject	20170	767025
1096	67026	inject	20170	767026
1096	67027	inject	20170	767027
1097	60458	inject	20171	760458
1097	60459	inject	20171	760459
1097	60460	inject	20171	760460
1097	60461	inject	20171	760461
1097	60462	inject	20171	760462
1097	60463	inject	20171	760463
1097	60464	inject	20171	760464
1097	60465	inject	20171	760465
1097	60466	inject	20171	760466
1097	60467	inject	20171	760467
1097	60468	inject	20171	760468
1097	60469	inject	20171	760469
1097	60470	inject	20171	760470
1097	60471	inject	20171	760471
1097	60472	inject	20171	760472
1097	60473	inject	20171	760473
1097	60474	inject	20171	760474
1097	60475	inject	20171	760475
1097	60476	inject	20171	760476
1097	60477	inject	20171	760477
1097	60478	inject	20171	760478
1097	60479	inject	20171	760479
1097	60480	inject	20171	760480
1097	60481	inject	20171	760481
1097	60482	inject	20171	760482
1097	60483	inject	20171	760483
1097	60484	inject	20171	760484
1097	60485	inject	20171	760485
1097	67028	inject	20171	767028
1097	67029	inject	20171	767029
1097	67030	inject	20171	767030
1097	67031	inject	20171	767031
1097	67032	inject	20171	767032
1097	67033	inject	20171	767033
1097	67034	inject	20171	767034
1097	67035	inject	20171	767035
1097	67036	inject	20171	767036
1097	67037	inject	20171	767037
1097	67038	inject	20171	767038
1097	67039	inject	20171	767039
1097	67040	inject	20171	767040
1097	67041	inject	20171	767041
1097	67042	inject	20171	767042
1097	67043	inject	20171	767043
1097	67044	inject	20171	767044
1097	67045	inject	20171	767045
1097	67046	inject	20171	767046
1097	67047	inject	20171	767047
1097	67048	inject	20171	767048
1097	67049	inject	20171	767049
1097	67050	inject	20171	767050
1097	67051	inject	20171	767051
1097	67052	inject	20171	767052
1097	67053	inject	20171	767053
1097	67054	inject	20171	767054
1097	67055	inject	20171	767055
1098	67056	inject	20172	767056
1098	67057	inject	20172	767057
1098	67058	inject	20172	767058
1098	67059	inject	20172	767059
1098	67060	inject	20172	767060
1098	67061	inject	20172	767061
1098	67062	inject	20172	767062
1098	67063	inject	20172	767063
1098	67064	inject	20172	767064
1098	67065	inject	20172	767065
1098	67066	inject	20172	767066
1098	67067	inject	20172	767067
1098	67068	inject	20172	767068
1098	67069	inject	20172	767069
1098	67070	inject	20172	767070
1098	67071	inject	20172	767071
1098	67072	inject	20172	767072
1098	67073	inject	20172	767073
1098	67074	inject	20172	767074
1098	67075	inject	20172	767075
1098	67076	inject	20172	767076
1098	67077	inject	20172	767077
1098	67078	inject	20172	767078
1098	67079	inject	20172	767079
1098	67080	inject	20172	767080
1098	67081	inject	20172	767081
1098	67082	inject	20172	767082
1098	67083	inject	20172	767083
1100	67110	inject	20173	767110
1100	67111	inject	20173	767111
1100	67112	inject	20173	767112
1100	67113	inject	20173	767113
1100	67114	inject	20173	767114
1100	67115	inject	20173	767115
1100	67116	inject	20173	767116
1100	67117	inject	20173	767117
1100	67118	inject	20173	767118
1100	67119	inject	20173	767119
1100	67120	inject	20173	767120
1100	67121	inject	20173	767121
1100	67122	inject	20173	767122
1100	67123	inject	20173	767123
1100	67124	inject	20173	767124
1100	67125	inject	20173	767125
1100	67126	inject	20173	767126
1100	67127	inject	20173	767127
1100	67128	inject	20173	767128
1100	67129	inject	20173	767129
1100	67130	inject	20173	767130
1100	67131	inject	20173	767131
1100	67132	inject	20173	767132
1100	67133	inject	20173	767133
1100	67134	inject	20173	767134
1100	67135	inject	20173	767135
1100	67136	inject	20173	767136
1100	67137	inject	20173	767137
1101	67138	inject	20174	767138
1101	67139	inject	20174	767139
1101	67140	inject	20174	767140
1101	67141	inject	20174	767141
1101	67142	inject	20174	767142
1101	67143	inject	20174	767143
1101	67144	inject	20174	767144
1101	67145	inject	20174	767145
1101	67146	inject	20174	767146
1101	67147	inject	20174	767147
1101	67148	inject	20174	767148
1101	67149	inject	20174	767149
1101	67150	inject	20174	767150
1101	67151	inject	20174	767151
1101	67152	inject	20174	767152
1101	67153	inject	20174	767153
1101	67154	inject	20174	767154
1101	67155	inject	20174	767155
1101	67156	inject	20174	767156
1101	67157	inject	20174	767157
1101	67158	inject	20174	767158
1101	67159	inject	20174	767159
1101	67160	inject	20174	767160
1101	67161	inject	20174	767161
1101	67162	inject	20174	767162
1101	67163	inject	20174	767163
1101	67164	inject	20174	767164
1101	67165	inject	20174	767165
1102	67166	inject	20175	767166
1102	67167	inject	20175	767167
1102	67168	inject	20175	767168
1102	67169	inject	20175	767169
1102	67170	inject	20175	767170
1102	67171	inject	20175	767171
1102	67172	inject	20175	767172
1102	67173	inject	20175	767173
1102	67174	inject	20175	767174
1102	67175	inject	20175	767175
1102	67176	inject	20175	767176
1102	67177	inject	20175	767177
1102	67178	inject	20175	767178
1102	67179	inject	20175	767179
1102	67180	inject	20175	767180
1102	67181	inject	20175	767181
1102	67182	inject	20175	767182
1102	67183	inject	20175	767183
1102	67184	inject	20175	767184
1102	67185	inject	20175	767185
1102	67186	inject	20175	767186
1102	67187	inject	20175	767187
1102	67188	inject	20175	767188
1102	67189	inject	20175	767189
1102	67190	inject	20175	767190
1102	67191	inject	20175	767191
1102	67192	inject	20175	767192
1102	67193	inject	20175	767193
1104	67220	inject	20176	767220
1104	67221	inject	20176	767221
1104	67222	inject	20176	767222
1104	67223	inject	20176	767223
1104	67224	inject	20176	767224
1104	67225	inject	20176	767225
1104	67226	inject	20176	767226
1104	67227	inject	20176	767227
1104	67228	inject	20176	767228
1104	67229	inject	20176	767229
1104	67230	inject	20176	767230
1104	67231	inject	20176	767231
1104	67232	inject	20176	767232
1104	67233	inject	20176	767233
1104	67234	inject	20176	767234
1104	67235	inject	20176	767235
1104	67236	inject	20176	767236
1104	67237	inject	20176	767237
1104	67238	inject	20176	767238
1104	67239	inject	20176	767239
1104	67240	inject	20176	767240
1104	67241	inject	20176	767241
1104	67242	inject	20176	767242
1104	67243	inject	20176	767243
1104	67244	inject	20176	767244
1104	67245	inject	20176	767245
1104	67246	inject	20176	767246
1104	67247	inject	20176	767247
1105	67248	inject	20177	767248
1105	67249	inject	20177	767249
1105	67250	inject	20177	767250
1105	67251	inject	20177	767251
1105	67252	inject	20177	767252
1105	67253	inject	20177	767253
1105	67254	inject	20177	767254
1105	67255	inject	20177	767255
1105	67256	inject	20177	767256
1105	67257	inject	20177	767257
1105	67258	inject	20177	767258
1105	67259	inject	20177	767259
1105	67260	inject	20177	767260
1105	67261	inject	20177	767261
1105	67262	inject	20177	767262
1105	67263	inject	20177	767263
1105	67264	inject	20177	767264
1105	67265	inject	20177	767265
1105	67266	inject	20177	767266
1105	67267	inject	20177	767267
1105	67268	inject	20177	767268
1105	67269	inject	20177	767269
1105	67270	inject	20177	767270
1105	67271	inject	20177	767271
1105	67272	inject	20177	767272
1105	67273	inject	20177	767273
1105	67274	inject	20177	767274
1105	67275	inject	20177	767275
1106	67276	inject	20178	767276
1106	67277	inject	20178	767277
1106	67278	inject	20178	767278
1106	67279	inject	20178	767279
1106	67280	inject	20178	767280
1106	67281	inject	20178	767281
1106	67282	inject	20178	767282
1106	67283	inject	20178	767283
1106	67284	inject	20178	767284
1106	67285	inject	20178	767285
1106	67286	inject	20178	767286
1106	67287	inject	20178	767287
1106	67288	inject	20178	767288
1106	67289	inject	20178	767289
1106	67290	inject	20178	767290
1106	67291	inject	20178	767291
1106	67292	inject	20178	767292
1106	67293	inject	20178	767293
1106	67294	inject	20178	767294
1106	67295	inject	20178	767295
1106	67296	inject	20178	767296
1106	67297	inject	20178	767297
1106	67298	inject	20178	767298
1106	67299	inject	20178	767299
1106	67300	inject	20178	767300
1106	67301	inject	20178	767301
1106	67302	inject	20178	767302
1106	67303	inject	20178	767303
1108	67330	inject	20179	767330
1108	67331	inject	20179	767331
1108	67332	inject	20179	767332
1108	67333	inject	20179	767333
1108	67334	inject	20179	767334
1108	67335	inject	20179	767335
1108	67336	inject	20179	767336
1108	67337	inject	20179	767337
1108	67338	inject	20179	767338
1108	67339	inject	20179	767339
1108	67340	inject	20179	767340
1108	67341	inject	20179	767341
1108	67342	inject	20179	767342
1108	67343	inject	20179	767343
1108	67344	inject	20179	767344
1108	67345	inject	20179	767345
1108	67346	inject	20179	767346
1108	67347	inject	20179	767347
1108	67348	inject	20179	767348
1108	67349	inject	20179	767349
1108	67350	inject	20179	767350
1108	67351	inject	20179	767351
1108	67352	inject	20179	767352
1108	67353	inject	20179	767353
1108	67354	inject	20179	767354
1108	67355	inject	20179	767355
1108	67356	inject	20179	767356
1108	67357	inject	20179	767357
1109	67358	inject	20180	767358
1109	67359	inject	20180	767359
1109	67360	inject	20180	767360
1109	67361	inject	20180	767361
1109	67362	inject	20180	767362
1109	67363	inject	20180	767363
1109	67364	inject	20180	767364
1109	67365	inject	20180	767365
1109	67366	inject	20180	767366
1109	67367	inject	20180	767367
1109	67368	inject	20180	767368
1109	67369	inject	20180	767369
1109	67370	inject	20180	767370
1109	67371	inject	20180	767371
1109	67372	inject	20180	767372
1109	67373	inject	20180	767373
1109	67374	inject	20180	767374
1109	67375	inject	20180	767375
1109	67376	inject	20180	767376
1109	67377	inject	20180	767377
1109	67378	inject	20180	767378
1109	67379	inject	20180	767379
1109	67380	inject	20180	767380
1109	67381	inject	20180	767381
1109	67382	inject	20180	767382
1109	67383	inject	20180	767383
1109	67384	inject	20180	767384
1109	67385	inject	20180	767385
1110	60486	inject	20181	760486
1110	60487	inject	20181	760487
1110	60488	inject	20181	760488
1110	60489	inject	20181	760489
1110	60490	inject	20181	760490
1110	60491	inject	20181	760491
1110	60492	inject	20181	760492
1110	60493	inject	20181	760493
1110	60494	inject	20181	760494
1110	60495	inject	20181	760495
1110	60496	inject	20181	760496
1110	60497	inject	20181	760497
1110	60498	inject	20181	760498
1110	60499	inject	20181	760499
1110	60500	inject	20181	760500
1110	60501	inject	20181	760501
1110	60502	inject	20181	760502
1110	60503	inject	20181	760503
1110	60504	inject	20181	760504
1110	60505	inject	20181	760505
1110	60506	inject	20181	760506
1110	60507	inject	20181	760507
1110	60508	inject	20181	760508
1110	60509	inject	20181	760509
1110	60510	inject	20181	760510
1110	60511	inject	20181	760511
1110	60512	inject	20181	760512
1110	60513	inject	20181	760513
1112	60540	inject	20182	760540
1112	60541	inject	20182	760541
1112	60542	inject	20182	760542
1112	60543	inject	20182	760543
1112	60544	inject	20182	760544
1112	60545	inject	20182	760545
1112	60546	inject	20182	760546
1112	60547	inject	20182	760547
1112	60548	inject	20182	760548
1112	60549	inject	20182	760549
1112	60550	inject	20182	760550
1112	60551	inject	20182	760551
1112	60552	inject	20182	760552
1112	60553	inject	20182	760553
1112	60554	inject	20182	760554
1112	60555	inject	20182	760555
1112	60556	inject	20182	760556
1112	60557	inject	20182	760557
1112	60558	inject	20182	760558
1112	60559	inject	20182	760559
1112	60560	inject	20182	760560
1112	60561	inject	20182	760561
1112	60562	inject	20182	760562
1112	60563	inject	20182	760563
1112	60564	inject	20182	760564
1112	60565	inject	20182	760565
1112	60566	inject	20182	760566
1112	60567	inject	20182	760567
1113	60568	inject	20183	760568
1113	60569	inject	20183	760569
1113	60570	inject	20183	760570
1113	60571	inject	20183	760571
1113	60572	inject	20183	760572
1113	60573	inject	20183	760573
1113	60574	inject	20183	760574
1113	60575	inject	20183	760575
1113	60576	inject	20183	760576
1113	60577	inject	20183	760577
1113	60578	inject	20183	760578
1113	60579	inject	20183	760579
1113	60580	inject	20183	760580
1113	60581	inject	20183	760581
1113	60582	inject	20183	760582
1113	60583	inject	20183	760583
1113	60584	inject	20183	760584
1113	60585	inject	20183	760585
1113	60586	inject	20183	760586
1113	60587	inject	20183	760587
1113	60588	inject	20183	760588
1113	60589	inject	20183	760589
1113	60590	inject	20183	760590
1113	60591	inject	20183	760591
1113	60592	inject	20183	760592
1113	60593	inject	20183	760593
1113	60594	inject	20183	760594
1113	60595	inject	20183	760595
1114	60596	inject	20184	760596
1114	60597	inject	20184	760597
1114	60598	inject	20184	760598
1114	60599	inject	20184	760599
1114	60600	inject	20184	760600
1114	60601	inject	20184	760601
1114	60602	inject	20184	760602
1114	60603	inject	20184	760603
1114	60604	inject	20184	760604
1114	60605	inject	20184	760605
1114	60606	inject	20184	760606
1114	60607	inject	20184	760607
1114	60608	inject	20184	760608
1114	60609	inject	20184	760609
1114	60610	inject	20184	760610
1114	60611	inject	20184	760611
1114	60612	inject	20184	760612
1114	60613	inject	20184	760613
1114	60614	inject	20184	760614
1114	60615	inject	20184	760615
1114	60616	inject	20184	760616
1114	60617	inject	20184	760617
1114	60618	inject	20184	760618
1114	60619	inject	20184	760619
1114	60620	inject	20184	760620
1114	60621	inject	20184	760621
1114	60622	inject	20184	760622
1114	60623	inject	20184	760623
1116	60650	inject	20185	760650
1116	60651	inject	20185	760651
1116	60652	inject	20185	760652
1116	60653	inject	20185	760653
1116	60654	inject	20185	760654
1116	60655	inject	20185	760655
1116	60656	inject	20185	760656
1116	60657	inject	20185	760657
1116	60658	inject	20185	760658
1116	60659	inject	20185	760659
1116	60660	inject	20185	760660
1116	60661	inject	20185	760661
1116	60662	inject	20185	760662
1116	60663	inject	20185	760663
1116	60664	inject	20185	760664
1116	60665	inject	20185	760665
1116	60666	inject	20185	760666
1116	60667	inject	20185	760667
1116	60668	inject	20185	760668
1116	60669	inject	20185	760669
1116	60670	inject	20185	760670
1116	60671	inject	20185	760671
1116	60672	inject	20185	760672
1116	60673	inject	20185	760673
1116	60674	inject	20185	760674
1116	60675	inject	20185	760675
1116	60676	inject	20185	760676
1116	60677	inject	20185	760677
1117	60678	inject	20186	760678
1117	60679	inject	20186	760679
1117	60680	inject	20186	760680
1117	60681	inject	20186	760681
1117	60682	inject	20186	760682
1117	60683	inject	20186	760683
1117	60684	inject	20186	760684
1117	60685	inject	20186	760685
1117	60686	inject	20186	760686
1117	60687	inject	20186	760687
1117	60688	inject	20186	760688
1117	60689	inject	20186	760689
1117	60690	inject	20186	760690
1117	60691	inject	20186	760691
1117	60692	inject	20186	760692
1117	60693	inject	20186	760693
1117	60694	inject	20186	760694
1117	60695	inject	20186	760695
1117	60696	inject	20186	760696
1117	60697	inject	20186	760697
1117	60698	inject	20186	760698
1117	60699	inject	20186	760699
1117	60700	inject	20186	760700
1117	60701	inject	20186	760701
1117	60702	inject	20186	760702
1117	60703	inject	20186	760703
1117	60704	inject	20186	760704
1117	60705	inject	20186	760705
1118	67386	inject	20187	767386
1118	67387	inject	20187	767387
1118	67388	inject	20187	767388
1118	67389	inject	20187	767389
1118	67390	inject	20187	767390
1118	67391	inject	20187	767391
1118	67392	inject	20187	767392
1118	67393	inject	20187	767393
1118	67394	inject	20187	767394
1118	67395	inject	20187	767395
1118	67396	inject	20187	767396
1118	67397	inject	20187	767397
1118	67398	inject	20187	767398
1118	67399	inject	20187	767399
1118	67400	inject	20187	767400
1118	67401	inject	20187	767401
1118	67402	inject	20187	767402
1118	67403	inject	20187	767403
1118	67404	inject	20187	767404
1118	67405	inject	20187	767405
1118	67406	inject	20187	767406
1118	67407	inject	20187	767407
1118	67408	inject	20187	767408
1118	67409	inject	20187	767409
1118	67410	inject	20187	767410
1118	67411	inject	20187	767411
1118	67412	inject	20187	767412
1118	67413	inject	20187	767413
1119	67414	inject	20188	767414
1119	67415	inject	20188	767415
1119	67416	inject	20188	767416
1119	67417	inject	20188	767417
1119	67418	inject	20188	767418
1119	67419	inject	20188	767419
1119	67420	inject	20188	767420
1119	67421	inject	20188	767421
1119	67422	inject	20188	767422
1119	67423	inject	20188	767423
1119	67424	inject	20188	767424
1119	67425	inject	20188	767425
1119	67426	inject	20188	767426
1119	67427	inject	20188	767427
1119	67428	inject	20188	767428
1119	67429	inject	20188	767429
1119	67430	inject	20188	767430
1119	67431	inject	20188	767431
1119	67432	inject	20188	767432
1119	67433	inject	20188	767433
1119	67434	inject	20188	767434
1119	67435	inject	20188	767435
1119	67436	inject	20188	767436
1119	67437	inject	20188	767437
1119	67438	inject	20188	767438
1119	67439	inject	20188	767439
1119	67440	inject	20188	767440
1119	67441	inject	20188	767441
1120	67442	inject	20189	767442
1120	67443	inject	20189	767443
1120	67444	inject	20189	767444
1120	67445	inject	20189	767445
1120	67446	inject	20189	767446
1120	67447	inject	20189	767447
1120	67448	inject	20189	767448
1120	67449	inject	20189	767449
1120	67450	inject	20189	767450
1120	67451	inject	20189	767451
1120	67452	inject	20189	767452
1120	67453	inject	20189	767453
1120	67454	inject	20189	767454
1120	67455	inject	20189	767455
1120	67456	inject	20189	767456
1120	67457	inject	20189	767457
1120	67458	inject	20189	767458
1120	67459	inject	20189	767459
1120	67460	inject	20189	767460
1120	67461	inject	20189	767461
1120	67462	inject	20189	767462
1120	67463	inject	20189	767463
1120	67464	inject	20189	767464
1120	67465	inject	20189	767465
1120	67466	inject	20189	767466
1120	67467	inject	20189	767467
1120	67468	inject	20189	767468
1120	67469	inject	20189	767469
1121	67470	inject	20190	767470
1121	67471	inject	20190	767471
1121	67472	inject	20190	767472
1121	67473	inject	20190	767473
1121	67474	inject	20190	767474
1121	67475	inject	20190	767475
1121	67476	inject	20190	767476
1121	67477	inject	20190	767477
1121	67478	inject	20190	767478
1121	67479	inject	20190	767479
1121	67480	inject	20190	767480
1121	67481	inject	20190	767481
1121	67482	inject	20190	767482
1121	67483	inject	20190	767483
1121	67484	inject	20190	767484
1121	67485	inject	20190	767485
1121	67486	inject	20190	767486
1121	67487	inject	20190	767487
1121	67488	inject	20190	767488
1121	67489	inject	20190	767489
1121	67490	inject	20190	767490
1121	67491	inject	20190	767491
1121	67492	inject	20190	767492
1121	67493	inject	20190	767493
1121	67494	inject	20190	767494
1121	67495	inject	20190	767495
1121	67496	inject	20190	767496
1121	67497	inject	20190	767497
1122	67498	inject	20191	767498
1122	67499	inject	20191	767499
1122	67500	inject	20191	767500
1122	67501	inject	20191	767501
1122	67502	inject	20191	767502
1122	67503	inject	20191	767503
1122	67504	inject	20191	767504
1122	67505	inject	20191	767505
1122	67506	inject	20191	767506
1122	67507	inject	20191	767507
1122	67508	inject	20191	767508
1122	67509	inject	20191	767509
1122	67510	inject	20191	767510
1122	67511	inject	20191	767511
1122	67512	inject	20191	767512
1122	67513	inject	20191	767513
1122	67514	inject	20191	767514
1122	67515	inject	20191	767515
1122	67516	inject	20191	767516
1122	67517	inject	20191	767517
1122	67518	inject	20191	767518
1122	67519	inject	20191	767519
1122	67520	inject	20191	767520
1122	67521	inject	20191	767521
1122	67522	inject	20191	767522
1122	67523	inject	20191	767523
1122	67524	inject	20191	767524
1122	67525	inject	20191	767525
1123	67526	inject	20192	767526
1123	67527	inject	20192	767527
1123	67528	inject	20192	767528
1123	67529	inject	20192	767529
1123	67530	inject	20192	767530
1123	67531	inject	20192	767531
1123	67532	inject	20192	767532
1123	67533	inject	20192	767533
1123	67534	inject	20192	767534
1123	67535	inject	20192	767535
1123	67536	inject	20192	767536
1123	67537	inject	20192	767537
1123	67538	inject	20192	767538
1123	67539	inject	20192	767539
1123	67540	inject	20192	767540
1123	67541	inject	20192	767541
1123	67542	inject	20192	767542
1123	67543	inject	20192	767543
1123	67544	inject	20192	767544
1123	67545	inject	20192	767545
1123	67546	inject	20192	767546
1123	67547	inject	20192	767547
1123	67548	inject	20192	767548
1123	67549	inject	20192	767549
1123	67550	inject	20192	767550
1123	67551	inject	20192	767551
1123	67552	inject	20192	767552
1123	67553	inject	20192	767553
1124	67554	inject	20193	767554
1124	67555	inject	20193	767555
1124	67556	inject	20193	767556
1124	67557	inject	20193	767557
1124	67558	inject	20193	767558
1124	67559	inject	20193	767559
1124	67560	inject	20193	767560
1124	67561	inject	20193	767561
1124	67562	inject	20193	767562
1124	67563	inject	20193	767563
1124	67564	inject	20193	767564
1124	67565	inject	20193	767565
1124	67566	inject	20193	767566
1124	67567	inject	20193	767567
1124	67568	inject	20193	767568
1124	67569	inject	20193	767569
1124	67570	inject	20193	767570
1124	67571	inject	20193	767571
1124	67572	inject	20193	767572
1124	67573	inject	20193	767573
1124	67574	inject	20193	767574
1124	67575	inject	20193	767575
1124	67576	inject	20193	767576
1124	67577	inject	20193	767577
1124	67578	inject	20193	767578
1124	67579	inject	20193	767579
1124	67580	inject	20193	767580
1124	67581	inject	20193	767581
1125	67582	inject	20194	767582
1125	67583	inject	20194	767583
1125	67584	inject	20194	767584
1125	67585	inject	20194	767585
1125	67586	inject	20194	767586
1125	67587	inject	20194	767587
1125	67588	inject	20194	767588
1125	67589	inject	20194	767589
1125	67590	inject	20194	767590
1125	67591	inject	20194	767591
1125	67592	inject	20194	767592
1125	67593	inject	20194	767593
1125	67594	inject	20194	767594
1125	67595	inject	20194	767595
1125	67596	inject	20194	767596
1125	67597	inject	20194	767597
1125	67598	inject	20194	767598
1125	67599	inject	20194	767599
1125	67600	inject	20194	767600
1125	67601	inject	20194	767601
1125	67602	inject	20194	767602
1125	67603	inject	20194	767603
1125	67604	inject	20194	767604
1125	67605	inject	20194	767605
1125	67606	inject	20194	767606
1125	67607	inject	20194	767607
1125	67608	inject	20194	767608
1125	67609	inject	20194	767609
1126	67610	inject	20195	767610
1126	67611	inject	20195	767611
1126	67612	inject	20195	767612
1126	67613	inject	20195	767613
1126	67614	inject	20195	767614
1126	67615	inject	20195	767615
1126	67616	inject	20195	767616
1126	67617	inject	20195	767617
1126	67618	inject	20195	767618
1126	67619	inject	20195	767619
1126	67620	inject	20195	767620
1126	67621	inject	20195	767621
1126	67622	inject	20195	767622
1126	67623	inject	20195	767623
1126	67624	inject	20195	767624
1126	67625	inject	20195	767625
1126	67626	inject	20195	767626
1126	67627	inject	20195	767627
1126	67628	inject	20195	767628
1126	67629	inject	20195	767629
1126	67630	inject	20195	767630
1126	67631	inject	20195	767631
1126	67632	inject	20195	767632
1126	67633	inject	20195	767633
1126	67634	inject	20195	767634
1126	67635	inject	20195	767635
1126	67636	inject	20195	767636
1126	67637	inject	20195	767637
1127	67638	inject	20196	767638
1127	67639	inject	20196	767639
1127	67640	inject	20196	767640
1127	67641	inject	20196	767641
1127	67642	inject	20196	767642
1127	67643	inject	20196	767643
1127	67644	inject	20196	767644
1127	67645	inject	20196	767645
1127	67646	inject	20196	767646
1127	67647	inject	20196	767647
1127	67648	inject	20196	767648
1127	67649	inject	20196	767649
1127	67650	inject	20196	767650
1127	67651	inject	20196	767651
1127	67652	inject	20196	767652
1127	67653	inject	20196	767653
1127	67654	inject	20196	767654
1127	67655	inject	20196	767655
1127	67656	inject	20196	767656
1127	67657	inject	20196	767657
1127	67658	inject	20196	767658
1127	67659	inject	20196	767659
1127	67660	inject	20196	767660
1127	67661	inject	20196	767661
1127	67662	inject	20196	767662
1127	67663	inject	20196	767663
1127	67664	inject	20196	767664
1127	67665	inject	20196	767665
1128	67666	inject	20197	767666
1128	67667	inject	20197	767667
1128	67668	inject	20197	767668
1128	67669	inject	20197	767669
1128	67670	inject	20197	767670
1128	67671	inject	20197	767671
1128	67672	inject	20197	767672
1128	67673	inject	20197	767673
1128	67674	inject	20197	767674
1128	67675	inject	20197	767675
1128	67676	inject	20197	767676
1128	67677	inject	20197	767677
1128	67678	inject	20197	767678
1128	67679	inject	20197	767679
1128	67680	inject	20197	767680
1128	67681	inject	20197	767681
1128	67682	inject	20197	767682
1128	67683	inject	20197	767683
1128	67684	inject	20197	767684
1128	67685	inject	20197	767685
1128	67686	inject	20197	767686
1128	67687	inject	20197	767687
1128	67688	inject	20197	767688
1128	67689	inject	20197	767689
1128	67690	inject	20197	767690
1128	67691	inject	20197	767691
1128	67692	inject	20197	767692
1128	67693	inject	20197	767693
1129	67694	inject	20198	767694
1129	67695	inject	20198	767695
1129	67696	inject	20198	767696
1129	67697	inject	20198	767697
1129	67698	inject	20198	767698
1129	67699	inject	20198	767699
1129	67700	inject	20198	767700
1129	67701	inject	20198	767701
1129	67702	inject	20198	767702
1129	67703	inject	20198	767703
1129	67704	inject	20198	767704
1129	67705	inject	20198	767705
1129	67706	inject	20198	767706
1129	67707	inject	20198	767707
1129	67708	inject	20198	767708
1129	67709	inject	20198	767709
1129	67710	inject	20198	767710
1129	67711	inject	20198	767711
1129	67712	inject	20198	767712
1129	67713	inject	20198	767713
1129	67714	inject	20198	767714
1129	67715	inject	20198	767715
1129	67716	inject	20198	767716
1129	67717	inject	20198	767717
1129	67718	inject	20198	767718
1129	67719	inject	20198	767719
1129	67720	inject	20198	767720
1129	67721	inject	20198	767721
1130	74000	inject	20199	774000
1130	74001	inject	20199	774001
1130	74002	inject	20199	774002
1130	74003	inject	20199	774003
1130	74004	inject	20199	774004
1130	74005	inject	20199	774005
1130	74006	inject	20199	774006
1130	74007	inject	20199	774007
1130	74008	inject	20199	774008
1130	74009	inject	20199	774009
1130	74010	inject	20199	774010
1130	74011	inject	20199	774011
1130	74012	inject	20199	774012
1130	74013	inject	20199	774013
1130	74014	inject	20199	774014
1130	74015	inject	20199	774015
1130	74016	inject	20199	774016
1130	74017	inject	20199	774017
1130	74018	inject	20199	774018
1130	74019	inject	20199	774019
1130	74020	inject	20199	774020
1130	74021	inject	20199	774021
1130	74022	inject	20199	774022
1130	74023	inject	20199	774023
1130	74024	inject	20199	774024
1130	74025	inject	20199	774025
1130	74026	inject	20199	774026
1130	74027	inject	20199	774027
1131	74028	inject	20200	774028
1131	74029	inject	20200	774029
1131	74030	inject	20200	774030
1131	74031	inject	20200	774031
1131	74032	inject	20200	774032
1131	74033	inject	20200	774033
1131	74034	inject	20200	774034
1131	74035	inject	20200	774035
1131	74036	inject	20200	774036
1131	74037	inject	20200	774037
1131	74038	inject	20200	774038
1131	74039	inject	20200	774039
1131	74040	inject	20200	774040
1131	74041	inject	20200	774041
1131	74042	inject	20200	774042
1131	74043	inject	20200	774043
1131	74044	inject	20200	774044
1131	74045	inject	20200	774045
1131	74046	inject	20200	774046
1131	74047	inject	20200	774047
1131	74048	inject	20200	774048
1131	74049	inject	20200	774049
1131	74050	inject	20200	774050
1131	74051	inject	20200	774051
1131	74052	inject	20200	774052
1131	74053	inject	20200	774053
1131	74054	inject	20200	774054
1131	74055	inject	20200	774055
1132	74056	inject	20201	774056
1132	74057	inject	20201	774057
1132	74058	inject	20201	774058
1132	74059	inject	20201	774059
1132	74060	inject	20201	774060
1132	74061	inject	20201	774061
1132	74062	inject	20201	774062
1132	74063	inject	20201	774063
1132	74064	inject	20201	774064
1132	74065	inject	20201	774065
1132	74066	inject	20201	774066
1132	74067	inject	20201	774067
1132	74068	inject	20201	774068
1132	74069	inject	20201	774069
1132	74070	inject	20201	774070
1132	74071	inject	20201	774071
1132	74072	inject	20201	774072
1132	74073	inject	20201	774073
1132	74074	inject	20201	774074
1132	74075	inject	20201	774075
1132	74076	inject	20201	774076
1132	74077	inject	20201	774077
1132	74078	inject	20201	774078
1132	74079	inject	20201	774079
1132	74080	inject	20201	774080
1132	74081	inject	20201	774081
1132	74082	inject	20201	774082
1132	74083	inject	20201	774083
1133	21546	matched	558	68676
1133	21547	matched	558	68677
1133	21548	inject	20202	721548
1133	21549	matched	558	68679
1133	21550	inject	20202	721550
1133	21551	matched	561	68736
1133	21552	matched	561	68737
1133	21553	inject	20202	721553
1133	21554	matched	558	68682
1133	21555	matched	558	68683
1133	21556	matched	558	68684
1133	21557	matched	558	68685
1133	21558	matched	561	68738
1133	21559	inject	20202	721559
1133	21560	matched	558	68686
1133	21561	matched	558	68687
1133	21562	inject	20202	721562
1133	21563	matched	558	68689
1133	21564	inject	20202	721564
1133	21565	matched	561	68740
1133	21566	matched	561	68741
1133	21567	matched	558	68691
1133	21568	matched	558	68692
1133	21569	matched	558	68693
1133	21570	matched	558	68694
1133	21571	inject	20202	721571
1133	21572	matched	561	68742
1133	21573	inject	20202	721573
1134	21574	inject	20203	721574
1134	21575	matched	558	68677
1134	21576	inject	20203	721576
1134	21577	matched	558	68679
1134	21578	inject	20203	721578
1134	21579	inject	20203	721579
1134	21580	inject	20203	721580
1134	21581	inject	20203	721581
1134	21582	matched	558	68682
1134	21583	matched	558	68683
1134	21584	matched	558	68684
1134	21585	matched	558	68685
1134	21586	inject	20203	721586
1134	21587	inject	20203	721587
1134	21588	inject	20203	721588
1134	21589	matched	558	68687
1134	21590	inject	20203	721590
1134	21591	matched	558	68689
1134	21592	inject	20203	721592
1134	21593	inject	20203	721593
1134	21594	inject	20203	721594
1134	21595	matched	559	68715
1134	21596	matched	558	68692
1134	21597	matched	558	68693
1134	21598	matched	558	68694
1134	21599	inject	20203	721599
1134	21600	inject	20203	721600
1134	21601	inject	20203	721601
1135	21602	inject	20204	721602
1135	21603	matched	558	68677
1135	21604	inject	20204	721604
1135	21605	matched	558	68679
1135	21606	inject	20204	721606
1135	21607	matched	561	68736
1135	21608	matched	561	68737
1135	21609	inject	20204	721609
1135	21610	matched	558	68682
1135	21611	matched	558	68683
1135	21612	matched	558	68684
1135	21613	matched	558	68685
1135	21614	matched	561	68738
1135	21615	inject	20204	721615
1135	21616	inject	20204	721616
1135	21617	matched	558	68687
1135	21618	inject	20204	721618
1135	21619	matched	558	68689
1135	21620	inject	20204	721620
1135	21621	matched	561	68740
1135	21622	matched	561	68741
1135	21623	matched	559	68715
1135	21624	matched	558	68692
1135	21625	matched	558	68693
1135	21626	matched	558	68694
1135	21627	inject	20204	721627
1135	21628	matched	561	68742
1135	21629	inject	20204	721629
2000	60056	inject	20205	760056
2000	60057	inject	20205	760057
2000	60058	inject	20205	760058
2000	60059	inject	20205	760059
2000	60060	inject	20205	760060
2000	60061	inject	20205	760061
2000	60062	inject	20205	760062
2000	60063	inject	20205	760063
2000	60064	inject	20205	760064
2000	60065	inject	20205	760065
2000	60066	inject	20205	760066
2000	60067	inject	20205	760067
2000	60068	inject	20205	760068
2000	60069	inject	20205	760069
2000	60070	matched	1391	114485
2000	60071	inject	20205	760071
2000	60072	inject	20205	760072
2000	60073	inject	20205	760073
2000	60074	inject	20205	760074
2000	60075	inject	20205	760075
2000	60076	inject	20205	760076
2000	60077	inject	20205	760077
2000	60078	inject	20205	760078
2000	60079	inject	20205	760079
2000	60080	inject	20205	760080
2000	60081	inject	20205	760081
2000	60082	inject	20205	760082
2000	60083	inject	20205	760083
2001	60170	inject	20206	760170
2001	60171	inject	20206	760171
2001	60172	inject	20206	760172
2001	60173	inject	20206	760173
2001	60174	inject	20206	760174
2001	60175	inject	20206	760175
2001	60176	inject	20206	760176
2001	60177	inject	20206	760177
2001	60178	inject	20206	760178
2001	60179	inject	20206	760179
2001	60180	inject	20206	760180
2001	60181	inject	20206	760181
2001	60182	inject	20206	760182
2001	60183	inject	20206	760183
2001	60184	inject	20206	760184
2001	60185	inject	20206	760185
2001	60186	inject	20206	760186
2001	60187	inject	20206	760187
2001	60188	inject	20206	760188
2001	60189	inject	20206	760189
2001	60190	inject	20206	760190
2001	60191	inject	20206	760191
2001	60192	inject	20206	760192
2001	60193	inject	20206	760193
2001	60194	inject	20206	760194
2001	60195	inject	20206	760195
2001	60196	inject	20206	760196
2001	60197	inject	20206	760197
2002	60000	inject	20207	760000
2002	60001	inject	20207	760001
2002	60002	inject	20207	760002
2002	60003	inject	20207	760003
2002	60004	inject	20207	760004
2002	60005	inject	20207	760005
2002	60006	inject	20207	760006
2002	60007	matched	1466	115555
2002	60008	matched	1466	115555
2002	60009	matched	1466	115555
2002	60010	matched	1466	115555
2002	60011	matched	1466	115555
2002	60012	matched	1466	115555
2002	60013	matched	1466	115555
2002	60014	inject	20207	760014
2002	60015	inject	20207	760015
2002	60016	inject	20207	760016
2002	60017	inject	20207	760017
2002	60018	inject	20207	760018
2002	60019	inject	20207	760019
2002	60020	inject	20207	760020
2002	60021	inject	20207	760021
2002	60022	matched	1466	115565
2002	60023	inject	20207	760023
2002	60024	inject	20207	760024
2002	60025	inject	20207	760025
2002	60026	inject	20207	760026
2002	60027	inject	20207	760027
2003	60028	inject	20208	760028
2003	60029	inject	20208	760029
2003	60030	inject	20208	760030
2003	60031	inject	20208	760031
2003	60032	inject	20208	760032
2003	60033	inject	20208	760033
2003	60034	inject	20208	760034
2003	60035	inject	20208	760035
2003	60036	inject	20208	760036
2003	60037	inject	20208	760037
2003	60038	inject	20208	760038
2003	60039	inject	20208	760039
2003	60040	inject	20208	760040
2003	60041	inject	20208	760041
2003	60042	inject	20208	760042
2003	60043	inject	20208	760043
2003	60044	inject	20208	760044
2003	60045	inject	20208	760045
2003	60046	inject	20208	760046
2003	60047	inject	20208	760047
2003	60048	inject	20208	760048
2003	60049	inject	20208	760049
2003	60050	inject	20208	760050
2003	60051	inject	20208	760051
2003	60052	inject	20208	760052
2003	60053	inject	20208	760053
2003	60054	inject	20208	760054
2003	60055	inject	20208	760055
2004	60084	matched	1017	109004
2004	60085	matched	1017	109005
2004	60086	matched	1017	109006
2004	60087	matched	1017	109006
2004	60088	matched	1017	109005
2004	60089	matched	1017	109004
2004	60090	matched	1017	109004
2004	60091	matched	1017	109009
2004	60092	matched	1017	109009
2004	60093	matched	1017	109009
2004	60094	matched	1017	109009
2004	60095	inject	20209	760095
2004	60096	matched	1017	109009
2004	60097	matched	1017	109009
2004	60098	matched	1017	109014
2004	60099	matched	1017	109015
2004	60100	matched	1017	109015
2004	60101	matched	1017	109016
2004	60102	matched	1017	109015
2004	60103	matched	1017	109016
2004	60104	matched	1017	109014
2004	60105	inject	20209	760105
2004	60106	inject	20209	760106
2004	60107	inject	20209	760107
2004	60108	inject	20209	760108
2004	60109	inject	20209	760109
2004	60110	inject	20209	760110
2004	60111	inject	20209	760111
2005	60112	inject	20210	760112
2005	60113	inject	20210	760113
2005	60114	inject	20210	760114
2005	60115	inject	20210	760115
2005	60116	inject	20210	760116
2005	60117	inject	20210	760117
2005	60118	inject	20210	760118
2005	60119	inject	20210	760119
2005	60120	inject	20210	760120
2005	60121	inject	20210	760121
2005	60122	inject	20210	760122
2005	60123	inject	20210	760123
2005	60124	inject	20210	760124
2005	60125	inject	20210	760125
2005	60126	inject	20210	760126
2005	60127	inject	20210	760127
2005	60128	inject	20210	760128
2005	60129	inject	20210	760129
2005	60130	inject	20210	760130
2005	60131	inject	20210	760131
2005	60132	inject	20210	760132
2005	60133	inject	20210	760133
2005	60134	inject	20210	760134
2005	60135	inject	20210	760135
2005	60136	inject	20210	760136
2005	60137	inject	20210	760137
2005	60138	inject	20210	760138
2005	60139	inject	20210	760139
2006	60140	inject	20211	760140
2006	60141	inject	20211	760141
2006	60142	inject	20211	760142
2006	60143	inject	20211	760143
2006	60144	inject	20211	760144
2006	60145	inject	20211	760145
2006	60146	inject	20211	760146
2006	60147	inject	20211	760147
2006	60148	inject	20211	760148
2006	60149	inject	20211	760149
2006	60150	inject	20211	760150
2006	60151	inject	20211	760151
2006	60152	inject	20211	760152
2006	60153	inject	20211	760153
2006	60154	inject	20211	760154
2006	60155	inject	20211	760155
2006	60156	inject	20211	760156
2006	60157	inject	20211	760157
2006	60158	inject	20211	760158
2006	60159	inject	20211	760159
2006	60160	inject	20211	760160
2006	60161	inject	20211	760161
2006	60162	inject	20211	760162
2006	60163	inject	20211	760163
2006	60164	inject	20211	760164
2006	60165	inject	20211	760165
2006	60166	inject	20211	760166
2006	60167	inject	20211	760167
2007	60200	inject	20212	760200
2007	60201	inject	20212	760201
2007	60202	inject	20212	760202
2007	60203	inject	20212	760203
2007	60204	inject	20212	760204
2007	60205	inject	20212	760205
2007	60206	inject	20212	760206
2007	60207	inject	20212	760207
2007	60208	inject	20212	760208
2007	60209	inject	20212	760209
2007	60210	inject	20212	760210
2007	60211	inject	20212	760211
2007	60212	inject	20212	760212
2007	60213	inject	20212	760213
2007	60214	inject	20212	760214
2007	60215	inject	20212	760215
2007	60216	inject	20212	760216
2007	60217	inject	20212	760217
2007	60218	inject	20212	760218
2007	60219	inject	20212	760219
2007	60220	inject	20212	760220
2007	60221	inject	20212	760221
2007	60222	inject	20212	760222
2007	60223	inject	20212	760223
2007	60224	inject	20212	760224
2007	60225	inject	20212	760225
2007	60226	inject	20212	760226
2007	60227	inject	20212	760227
2008	60230	inject	20213	760230
2008	60231	inject	20213	760231
2008	60232	inject	20213	760232
2008	60233	inject	20213	760233
2008	60234	inject	20213	760234
2008	60235	inject	20213	760235
2008	60236	inject	20213	760236
2008	60237	inject	20213	760237
2008	60238	inject	20213	760238
2008	60239	inject	20213	760239
2008	60240	inject	20213	760240
2008	60241	inject	20213	760241
2008	60242	inject	20213	760242
2008	60243	inject	20213	760243
2008	60244	inject	20213	760244
2008	60245	inject	20213	760245
2008	60246	inject	20213	760246
2008	60247	inject	20213	760247
2008	60248	inject	20213	760248
2008	60249	inject	20213	760249
2008	60250	inject	20213	760250
2008	60251	inject	20213	760251
2008	60252	inject	20213	760252
2008	60253	inject	20213	760253
2008	60254	inject	20213	760254
2008	60255	inject	20213	760255
2008	60256	inject	20213	760256
2008	60257	inject	20213	760257
2009	60260	inject	20214	760260
2009	60261	inject	20214	760261
2009	60262	inject	20214	760262
2009	60263	inject	20214	760263
2009	60264	inject	20214	760264
2009	60265	inject	20214	760265
2009	60266	inject	20214	760266
2009	60267	inject	20214	760267
2009	60268	inject	20214	760268
2009	60269	inject	20214	760269
2009	60270	inject	20214	760270
2009	60271	inject	20214	760271
2009	60272	inject	20214	760272
2009	60273	inject	20214	760273
2009	60274	inject	20214	760274
2009	60275	inject	20214	760275
2009	60276	inject	20214	760276
2009	60277	inject	20214	760277
2009	60278	inject	20214	760278
2009	60279	inject	20214	760279
2009	60280	inject	20214	760280
2009	60281	inject	20214	760281
2009	60282	inject	20214	760282
2009	60283	inject	20214	760283
2009	60284	inject	20214	760284
2009	60285	inject	20214	760285
2009	60286	inject	20214	760286
2009	60287	inject	20214	760287
2010	60290	inject	20215	760290
2010	60291	inject	20215	760291
2010	60292	inject	20215	760292
2010	60293	inject	20215	760293
2010	60294	inject	20215	760294
2010	60295	inject	20215	760295
2010	60296	inject	20215	760296
2010	60297	inject	20215	760297
2010	60298	inject	20215	760298
2010	60299	inject	20215	760299
2010	60300	inject	20215	760300
2010	60301	inject	20215	760301
2010	60302	inject	20215	760302
2010	60303	inject	20215	760303
2010	60304	inject	20215	760304
2010	60305	inject	20215	760305
2010	60306	inject	20215	760306
2010	60307	inject	20215	760307
2010	60308	inject	20215	760308
2010	60309	inject	20215	760309
2010	60310	inject	20215	760310
2010	60311	matched	1714	147753
2010	60312	matched	1714	147753
2010	60313	matched	1714	147753
2010	60314	matched	1714	147753
2010	60315	matched	1714	147753
2010	60316	matched	1714	147753
2010	60317	matched	1714	147753
2011	60318	inject	20216	760318
2011	60319	inject	20216	760319
2011	60320	inject	20216	760320
2011	60321	inject	20216	760321
2011	60322	inject	20216	760322
2011	60323	inject	20216	760323
2011	60324	inject	20216	760324
2011	60325	matched	1714	147753
2011	60326	matched	1714	147753
2011	60327	matched	1714	147753
2011	60328	matched	1714	147753
2011	60329	matched	1714	147753
2011	60330	matched	1714	147753
2011	60331	matched	1714	147753
2011	60332	inject	20216	760332
2011	60333	inject	20216	760333
2011	60334	inject	20216	760334
2011	60335	inject	20216	760335
2011	60336	inject	20216	760336
2011	60337	inject	20216	760337
2011	60338	inject	20216	760338
2011	60339	inject	20216	760339
2011	60340	inject	20216	760340
2011	60341	inject	20216	760341
2011	60342	inject	20216	760342
2011	60343	inject	20216	760343
2011	60344	inject	20216	760344
2011	60345	inject	20216	760345
2012	60346	matched	918	107528
2012	60347	matched	918	107529
2012	60348	matched	918	107530
2012	60349	matched	918	107531
2012	60350	inject	20217	760350
2012	60351	inject	20217	760351
2012	60352	inject	20217	760352
2012	60353	matched	918	107533
2012	60354	matched	918	107534
2012	60355	matched	918	107534
2012	60356	matched	918	107536
2012	60357	matched	918	107534
2012	60358	inject	20217	760358
2012	60359	inject	20217	760359
2012	60360	matched	918	107538
2012	60361	matched	918	107539
2012	60362	matched	918	107540
2012	60363	matched	918	107541
2012	60364	matched	919	107566
2012	60365	matched	918	107541
2012	60366	matched	919	107566
2012	60367	inject	20217	760367
2012	60368	inject	20217	760368
2012	60369	inject	20217	760369
2012	60370	inject	20217	760370
2012	60371	inject	20217	760371
2012	60372	inject	20217	760372
2012	60373	inject	20217	760373
2013	60374	inject	20218	760374
2013	60375	inject	20218	760375
2013	60376	matched	1199	111728
2013	60377	inject	20218	760377
2013	60378	inject	20218	760378
2013	60379	inject	20218	760379
2013	60380	inject	20218	760380
2013	60381	inject	20218	760381
2013	60382	inject	20218	760382
2013	60383	inject	20218	760383
2013	60384	inject	20218	760384
2013	60385	inject	20218	760385
2013	60386	inject	20218	760386
2013	60387	inject	20218	760387
2013	60388	inject	20218	760388
2013	60389	inject	20218	760389
2013	60390	inject	20218	760390
2013	60391	inject	20218	760391
2013	60392	inject	20218	760392
2013	60393	inject	20218	760393
2013	60394	inject	20218	760394
2013	60395	inject	20218	760395
2013	60396	inject	20218	760396
2013	60397	matched	1199	111730
2013	60398	inject	20218	760398
2013	60399	inject	20218	760399
2013	60400	inject	20218	760400
2013	60401	inject	20218	760401
2014	60706	inject	20219	760706
2014	60707	inject	20219	760707
2014	60708	inject	20219	760708
2014	60709	inject	20219	760709
2014	60710	inject	20219	760710
2014	60711	inject	20219	760711
2014	60712	inject	20219	760712
2014	60713	inject	20219	760713
2014	60714	inject	20219	760714
2014	60715	inject	20219	760715
2014	60716	inject	20219	760716
2014	60717	inject	20219	760717
2014	60718	inject	20219	760718
2014	60719	inject	20219	760719
2014	60720	inject	20219	760720
2014	60721	inject	20219	760721
2014	60722	inject	20219	760722
2014	60723	inject	20219	760723
2014	60724	inject	20219	760724
2014	60725	inject	20219	760725
2014	60726	inject	20219	760726
2014	60727	inject	20219	760727
2014	60728	inject	20219	760728
2014	60729	inject	20219	760729
2014	60730	inject	20219	760730
2014	60731	inject	20219	760731
2014	60732	inject	20219	760732
2014	60733	inject	20219	760733
2015	60734	inject	20220	760734
2015	60735	inject	20220	760735
2015	60736	inject	20220	760736
2015	60737	inject	20220	760737
2015	60738	inject	20220	760738
2015	60739	inject	20220	760739
2015	60740	inject	20220	760740
2015	60741	inject	20220	760741
2015	60742	inject	20220	760742
2015	60743	inject	20220	760743
2015	60744	inject	20220	760744
2015	60745	inject	20220	760745
2015	60746	inject	20220	760746
2015	60747	inject	20220	760747
2015	60748	inject	20220	760748
2015	60749	inject	20220	760749
2015	60750	inject	20220	760750
2015	60751	inject	20220	760751
2015	60752	inject	20220	760752
2015	60753	inject	20220	760753
2015	60754	inject	20220	760754
2015	60755	inject	20220	760755
2015	60756	inject	20220	760756
2015	60757	inject	20220	760757
2015	60758	inject	20220	760758
2015	60759	inject	20220	760759
2015	60760	inject	20220	760760
2015	60761	inject	20220	760761
2016	60762	matched	1001	108772
2016	60763	matched	995	108677
2016	60764	matched	1000	108761
2016	60765	matched	1000	108761
2016	60766	matched	995	108680
2016	60767	matched	995	108680
2016	60768	matched	995	108677
2016	60769	inject	20221	760769
2016	60770	matched	1002	108789
2016	60771	inject	20221	760771
2016	60772	inject	20221	760772
2016	60773	inject	20221	760773
2016	60774	inject	20221	760774
2016	60775	inject	20221	760775
2016	60776	matched	1001	108776
2016	60777	matched	995	108687
2016	60778	inject	20221	760778
2016	60779	matched	1000	108765
2016	60780	inject	20221	760780
2016	60781	matched	1000	108765
2016	60782	matched	1000	108765
2016	60783	matched	1000	108766
2016	60784	matched	999	108755
2016	60785	matched	1000	108766
2016	60786	matched	1000	108766
2016	60787	inject	20221	760787
2016	60788	matched	1000	108766
2016	60789	matched	999	108755
2017	60790	inject	20222	760790
2017	60791	inject	20222	760791
2017	60792	inject	20222	760792
2017	60793	inject	20222	760793
2017	60794	inject	20222	760794
2017	60795	inject	20222	760795
2017	60796	inject	20222	760796
2017	60797	inject	20222	760797
2017	60798	inject	20222	760798
2017	60799	inject	20222	760799
2017	60800	inject	20222	760800
2017	60801	inject	20222	760801
2017	60802	inject	20222	760802
2017	60803	inject	20222	760803
2017	60804	inject	20222	760804
2017	60805	inject	20222	760805
2017	60806	inject	20222	760806
2017	60807	inject	20222	760807
2017	60808	inject	20222	760808
2017	60809	inject	20222	760809
2017	60810	inject	20222	760810
2017	60811	inject	20222	760811
2017	60812	inject	20222	760812
2017	60813	inject	20222	760813
2017	60814	inject	20222	760814
2017	60815	inject	20222	760815
2017	60816	inject	20222	760816
2017	60817	inject	20222	760817
2018	60818	inject	20223	760818
2018	60819	inject	20223	760819
2018	60820	inject	20223	760820
2018	60821	inject	20223	760821
2018	60822	inject	20223	760822
2018	60823	inject	20223	760823
2018	60824	inject	20223	760824
2018	60825	inject	20223	760825
2018	60826	inject	20223	760826
2018	60827	inject	20223	760827
2018	60828	inject	20223	760828
2018	60829	inject	20223	760829
2018	60830	inject	20223	760830
2018	60831	inject	20223	760831
2018	60832	inject	20223	760832
2018	60833	inject	20223	760833
2018	60834	inject	20223	760834
2018	60835	inject	20223	760835
2018	60836	inject	20223	760836
2018	60837	inject	20223	760837
2018	60838	inject	20223	760838
2018	60839	inject	20223	760839
2018	60840	inject	20223	760840
2018	60841	inject	20223	760841
2018	60842	inject	20223	760842
2018	60843	inject	20223	760843
2018	60844	inject	20223	760844
2018	60845	inject	20223	760845
2019	60846	inject	20224	760846
2019	60847	inject	20224	760847
2019	60848	inject	20224	760848
2019	60849	inject	20224	760849
2019	60850	inject	20224	760850
2019	60851	inject	20224	760851
2019	60852	inject	20224	760852
2019	60853	inject	20224	760853
2019	60854	inject	20224	760854
2019	60855	inject	20224	760855
2019	60856	inject	20224	760856
2019	60857	inject	20224	760857
2019	60858	inject	20224	760858
2019	60859	inject	20224	760859
2019	60860	inject	20224	760860
2019	60861	inject	20224	760861
2019	60862	inject	20224	760862
2019	60863	inject	20224	760863
2019	60864	inject	20224	760864
2019	60865	inject	20224	760865
2019	60866	inject	20224	760866
2019	60867	inject	20224	760867
2019	60868	inject	20224	760868
2019	60869	inject	20224	760869
2019	60870	inject	20224	760870
2019	60871	inject	20224	760871
2019	60872	inject	20224	760872
2019	60873	inject	20224	760873
2020	60878	inject	20225	760878
2020	60879	inject	20225	760879
2020	60880	inject	20225	760880
2020	60881	inject	20225	760881
2020	60882	inject	20225	760882
2020	60883	inject	20225	760883
2020	60884	inject	20225	760884
2020	60885	inject	20225	760885
2020	60886	inject	20225	760886
2020	60887	inject	20225	760887
2020	60888	inject	20225	760888
2020	60889	inject	20225	760889
2020	60890	inject	20225	760890
2020	60891	inject	20225	760891
2020	60892	inject	20225	760892
2020	60893	inject	20225	760893
2020	60894	inject	20225	760894
2020	60895	inject	20225	760895
2020	60896	inject	20225	760896
2020	60897	inject	20225	760897
2020	60898	inject	20225	760898
2020	60899	inject	20225	760899
2020	60900	inject	20225	760900
2020	60901	inject	20225	760901
2020	60902	inject	20225	760902
2020	60903	inject	20225	760903
2020	60904	inject	20225	760904
2020	60905	inject	20225	760905
2021	60906	inject	20226	760906
2021	60907	inject	20226	760907
2021	60908	inject	20226	760908
2021	60909	inject	20226	760909
2021	60910	inject	20226	760910
2021	60911	inject	20226	760911
2021	60912	inject	20226	760912
2021	60913	inject	20226	760913
2021	60914	inject	20226	760914
2021	60915	inject	20226	760915
2021	60916	inject	20226	760916
2021	60917	inject	20226	760917
2021	60918	inject	20226	760918
2021	60919	inject	20226	760919
2021	60920	inject	20226	760920
2021	60921	inject	20226	760921
2021	60922	inject	20226	760922
2021	60923	inject	20226	760923
2021	60924	inject	20226	760924
2021	60925	inject	20226	760925
2021	60926	inject	20226	760926
2021	60927	inject	20226	760927
2021	60928	inject	20226	760928
2021	60929	inject	20226	760929
2021	60930	inject	20226	760930
2021	60931	inject	20226	760931
2021	60932	inject	20226	760932
2021	60933	inject	20226	760933
2022	60934	inject	20227	760934
2022	60935	inject	20227	760935
2022	60936	inject	20227	760936
2022	60937	inject	20227	760937
2022	60938	inject	20227	760938
2022	60939	inject	20227	760939
2022	60940	inject	20227	760940
2022	60941	inject	20227	760941
2022	60942	inject	20227	760942
2022	60943	inject	20227	760943
2022	60944	inject	20227	760944
2022	60945	inject	20227	760945
2022	60946	inject	20227	760946
2022	60947	inject	20227	760947
2022	60948	inject	20227	760948
2022	60949	inject	20227	760949
2022	60950	inject	20227	760950
2022	60951	inject	20227	760951
2022	60952	inject	20227	760952
2022	60953	inject	20227	760953
2022	60954	inject	20227	760954
2022	60955	inject	20227	760955
2022	60956	inject	20227	760956
2022	60957	inject	20227	760957
2022	60958	inject	20227	760958
2022	60959	inject	20227	760959
2022	60960	inject	20227	760960
2022	60961	inject	20227	760961
2023	60962	inject	20228	760962
2023	60963	inject	20228	760963
2023	60964	inject	20228	760964
2023	60965	inject	20228	760965
2023	60966	inject	20228	760966
2023	60967	inject	20228	760967
2023	60968	inject	20228	760968
2023	60969	inject	20228	760969
2023	60970	inject	20228	760970
2023	60971	inject	20228	760971
2023	60972	inject	20228	760972
2023	60973	inject	20228	760973
2023	60974	inject	20228	760974
2023	60975	inject	20228	760975
2023	60976	inject	20228	760976
2023	60977	inject	20228	760977
2023	60978	inject	20228	760978
2023	60979	inject	20228	760979
2023	60980	inject	20228	760980
2023	60981	inject	20228	760981
2023	60982	inject	20228	760982
2023	60983	inject	20228	760983
2023	60984	inject	20228	760984
2023	60985	inject	20228	760985
2023	60986	inject	20228	760986
2023	60987	inject	20228	760987
2023	60988	inject	20228	760988
2023	60989	inject	20228	760989
2024	60990	inject	20229	760990
2024	60991	inject	20229	760991
2024	60992	inject	20229	760992
2024	60993	inject	20229	760993
2024	60994	inject	20229	760994
2024	60995	inject	20229	760995
2024	60996	inject	20229	760996
2024	60997	inject	20229	760997
2024	60998	inject	20229	760998
2024	60999	inject	20229	760999
2024	61000	inject	20229	761000
2024	61001	inject	20229	761001
2024	61002	inject	20229	761002
2024	61003	inject	20229	761003
2024	61004	inject	20229	761004
2024	61005	inject	20229	761005
2024	61006	inject	20229	761006
2024	61007	inject	20229	761007
2024	61008	inject	20229	761008
2024	61009	inject	20229	761009
2024	61010	inject	20229	761010
2024	61011	inject	20229	761011
2024	61012	inject	20229	761012
2024	61013	inject	20229	761013
2024	61014	inject	20229	761014
2024	61015	inject	20229	761015
2024	61016	inject	20229	761016
2024	61017	inject	20229	761017
2031	61018	inject	20230	761018
2031	61019	inject	20230	761019
2031	61020	inject	20230	761020
2031	61021	inject	20230	761021
2031	61022	inject	20230	761022
2031	61023	inject	20230	761023
2031	61024	inject	20230	761024
2031	61025	inject	20230	761025
2031	61026	inject	20230	761026
2031	61027	inject	20230	761027
2031	61028	inject	20230	761028
2031	61029	inject	20230	761029
2031	61030	inject	20230	761030
2031	61031	inject	20230	761031
2031	61032	inject	20230	761032
2031	61033	inject	20230	761033
2031	61034	inject	20230	761034
2031	61035	inject	20230	761035
2031	61036	inject	20230	761036
2031	61037	inject	20230	761037
2031	61038	inject	20230	761038
2031	61039	inject	20230	761039
2031	61040	inject	20230	761040
2031	61041	inject	20230	761041
2031	61042	inject	20230	761042
2031	61043	inject	20230	761043
2031	61044	inject	20230	761044
2031	61045	inject	20230	761045
2032	61046	inject	20231	761046
2032	61047	inject	20231	761047
2032	61048	inject	20231	761048
2032	61049	inject	20231	761049
2032	61050	inject	20231	761050
2032	61051	inject	20231	761051
2032	61052	inject	20231	761052
2032	61053	inject	20231	761053
2032	61054	inject	20231	761054
2032	61055	inject	20231	761055
2032	61056	inject	20231	761056
2032	61057	inject	20231	761057
2032	61058	inject	20231	761058
2032	61059	inject	20231	761059
2032	61060	inject	20231	761060
2032	61061	inject	20231	761061
2032	61062	inject	20231	761062
2032	61063	inject	20231	761063
2032	61064	inject	20231	761064
2032	61065	inject	20231	761065
2032	61066	inject	20231	761066
2032	61067	inject	20231	761067
2032	61068	inject	20231	761068
2032	61069	inject	20231	761069
2032	61070	inject	20231	761070
2032	61071	inject	20231	761071
2032	61072	inject	20231	761072
2032	61073	inject	20231	761073
2033	61074	inject	20232	761074
2033	61075	inject	20232	761075
2033	61076	inject	20232	761076
2033	61077	inject	20232	761077
2033	61078	inject	20232	761078
2033	61079	inject	20232	761079
2033	61080	inject	20232	761080
2033	61081	inject	20232	761081
2033	61082	inject	20232	761082
2033	61083	inject	20232	761083
2033	61084	inject	20232	761084
2033	61085	inject	20232	761085
2033	61086	inject	20232	761086
2033	61087	inject	20232	761087
2033	61088	inject	20232	761088
2033	61089	inject	20232	761089
2033	61090	inject	20232	761090
2033	61091	inject	20232	761091
2033	61092	inject	20232	761092
2033	61093	inject	20232	761093
2033	61094	inject	20232	761094
2033	61095	inject	20232	761095
2033	61096	inject	20232	761096
2033	61097	inject	20232	761097
2033	61098	inject	20232	761098
2033	61099	inject	20232	761099
2033	61100	inject	20232	761100
2033	61101	inject	20232	761101
2034	61102	matched	984	108512
2034	61103	matched	984	108513
2034	61104	inject	20233	761104
2034	61105	inject	20233	761105
2034	61106	matched	984	108513
2034	61107	inject	20233	761107
2034	61108	inject	20233	761108
2034	61109	inject	20233	761109
2034	61110	matched	984	108517
2034	61111	inject	20233	761111
2034	61112	inject	20233	761112
2034	61113	inject	20233	761113
2034	61114	inject	20233	761114
2034	61115	inject	20233	761115
2034	61116	matched	984	108522
2034	61117	matched	984	108523
2034	61118	matched	984	108523
2034	61119	inject	20233	761119
2034	61120	inject	20233	761120
2034	61121	matched	984	108524
2034	61122	inject	20233	761122
2034	61123	inject	20233	761123
2034	61124	inject	20233	761124
2034	61125	inject	20233	761125
2034	61126	inject	20233	761126
2034	61127	inject	20233	761127
2034	61128	inject	20233	761128
2034	61129	inject	20233	761129
2035	61130	inject	20234	761130
2035	61131	inject	20234	761131
2035	61132	inject	20234	761132
2035	61133	inject	20234	761133
2035	61134	inject	20234	761134
2035	61135	inject	20234	761135
2035	61136	inject	20234	761136
2035	61137	inject	20234	761137
2035	61138	inject	20234	761138
2035	61139	inject	20234	761139
2035	61140	inject	20234	761140
2035	61141	inject	20234	761141
2035	61142	inject	20234	761142
2035	61143	inject	20234	761143
2035	61144	inject	20234	761144
2035	61145	inject	20234	761145
2035	61146	inject	20234	761146
2035	61147	inject	20234	761147
2035	61148	inject	20234	761148
2035	61149	inject	20234	761149
2035	61150	inject	20234	761150
2035	61151	inject	20234	761151
2035	61152	inject	20234	761152
2035	61153	inject	20234	761153
2035	61154	inject	20234	761154
2035	61155	inject	20234	761155
2035	61156	inject	20234	761156
2035	61157	inject	20234	761157
2036	61158	inject	20235	761158
2036	61159	inject	20235	761159
2036	61160	inject	20235	761160
2036	61161	inject	20235	761161
2036	61162	inject	20235	761162
2036	61163	inject	20235	761163
2036	61164	inject	20235	761164
2036	61165	inject	20235	761165
2036	61166	inject	20235	761166
2036	61167	inject	20235	761167
2036	61168	inject	20235	761168
2036	61169	inject	20235	761169
2036	61170	inject	20235	761170
2036	61171	inject	20235	761171
2036	61172	inject	20235	761172
2036	61173	inject	20235	761173
2036	61174	inject	20235	761174
2036	61175	inject	20235	761175
2036	61176	inject	20235	761176
2036	61177	inject	20235	761177
2036	61178	inject	20235	761178
2036	61179	inject	20235	761179
2036	61180	inject	20235	761180
2036	61181	inject	20235	761181
2036	61182	inject	20235	761182
2036	61183	inject	20235	761183
2036	61184	inject	20235	761184
2036	61185	inject	20235	761185
2037	61186	inject	20236	761186
2037	61187	inject	20236	761187
2037	61188	inject	20236	761188
2037	61189	inject	20236	761189
2037	61190	inject	20236	761190
2037	61191	inject	20236	761191
2037	61192	inject	20236	761192
2037	61193	inject	20236	761193
2037	61194	inject	20236	761194
2037	61195	inject	20236	761195
2037	61196	inject	20236	761196
2037	61197	inject	20236	761197
2037	61198	inject	20236	761198
2037	61199	inject	20236	761199
2037	61200	inject	20236	761200
2037	61201	inject	20236	761201
2037	61202	inject	20236	761202
2037	61203	inject	20236	761203
2037	61204	inject	20236	761204
2037	61205	inject	20236	761205
2037	61206	inject	20236	761206
2037	61207	inject	20236	761207
2037	61208	inject	20236	761208
2037	61209	inject	20236	761209
2037	61210	inject	20236	761210
2037	61211	inject	20236	761211
2037	61212	inject	20236	761212
2037	61213	inject	20236	761213
2038	61214	inject	20237	761214
2038	61215	inject	20237	761215
2038	61216	inject	20237	761216
2038	61217	inject	20237	761217
2038	61218	inject	20237	761218
2038	61219	inject	20237	761219
2038	61220	inject	20237	761220
2038	61221	matched	1281	112899
2038	61222	matched	1281	112899
2038	61223	matched	1281	112899
2038	61224	matched	1281	112899
2038	61225	inject	20237	761225
2038	61226	inject	20237	761226
2038	61227	inject	20237	761227
2038	61228	inject	20237	761228
2038	61229	inject	20237	761229
2038	61230	inject	20237	761230
2038	61231	inject	20237	761231
2038	61232	inject	20237	761232
2038	61233	inject	20237	761233
2038	61234	inject	20237	761234
2038	61235	inject	20237	761235
2038	61236	inject	20237	761236
2038	61237	matched	1285	112973
2038	61238	inject	20237	761238
2038	61239	inject	20237	761239
2038	61240	inject	20237	761240
2038	61241	inject	20237	761241
2039	61242	inject	20238	761242
2039	61243	inject	20238	761243
2039	61244	inject	20238	761244
2039	61245	inject	20238	761245
2039	61246	inject	20238	761246
2039	61247	inject	20238	761247
2039	61248	inject	20238	761248
2039	61249	inject	20238	761249
2039	61250	inject	20238	761250
2039	61251	inject	20238	761251
2039	61252	inject	20238	761252
2039	61253	inject	20238	761253
2039	61254	inject	20238	761254
2039	61255	inject	20238	761255
2039	61256	inject	20238	761256
2039	61257	inject	20238	761257
2039	61258	inject	20238	761258
2039	61259	inject	20238	761259
2039	61260	inject	20238	761260
2039	61261	inject	20238	761261
2039	61262	inject	20238	761262
2039	61263	inject	20238	761263
2039	61264	inject	20238	761264
2039	61265	inject	20238	761265
2039	61266	inject	20238	761266
2039	61267	inject	20238	761267
2039	61268	inject	20238	761268
2039	61269	inject	20238	761269
2040	61270	inject	20239	761270
2040	61271	inject	20239	761271
2040	61272	inject	20239	761272
2040	61273	inject	20239	761273
2040	61274	inject	20239	761274
2040	61275	inject	20239	761275
2040	61276	inject	20239	761276
2040	61277	inject	20239	761277
2040	61278	inject	20239	761278
2040	61279	inject	20239	761279
2040	61280	inject	20239	761280
2040	61281	inject	20239	761281
2040	61282	inject	20239	761282
2040	61283	inject	20239	761283
2040	61284	inject	20239	761284
2040	61285	inject	20239	761285
2040	61286	inject	20239	761286
2040	61287	inject	20239	761287
2040	61288	inject	20239	761288
2040	61289	inject	20239	761289
2040	61290	inject	20239	761290
2040	61291	inject	20239	761291
2040	61292	inject	20239	761292
2040	61293	inject	20239	761293
2040	61294	inject	20239	761294
2040	61295	inject	20239	761295
2040	61296	inject	20239	761296
2040	61297	inject	20239	761297
3000	70000	inject	20240	770000
3000	70001	inject	20240	770001
3000	70002	inject	20240	770002
3000	70003	inject	20240	770003
3000	70004	inject	20240	770004
3000	70005	inject	20240	770005
3000	70006	inject	20240	770006
3000	70007	inject	20240	770007
3000	70008	inject	20240	770008
3000	70009	inject	20240	770009
3000	70010	inject	20240	770010
3000	70011	inject	20240	770011
3000	70012	inject	20240	770012
3000	70013	inject	20240	770013
3000	70014	inject	20240	770014
3000	70015	inject	20240	770015
3000	70016	inject	20240	770016
3000	70017	inject	20240	770017
3000	70018	inject	20240	770018
3000	70019	inject	20240	770019
3000	70020	inject	20240	770020
3000	70021	inject	20240	770021
3000	70022	inject	20240	770022
3000	70023	inject	20240	770023
3000	70024	inject	20240	770024
3000	70025	inject	20240	770025
3000	70026	inject	20240	770026
3000	70027	inject	20240	770027
3002	70060	inject	20241	770060
3002	70061	inject	20241	770061
3002	70062	inject	20241	770062
3002	70063	inject	20241	770063
3002	70064	inject	20241	770064
3002	70065	inject	20241	770065
3002	70066	inject	20241	770066
3002	70067	inject	20241	770067
3002	70068	inject	20241	770068
3002	70069	inject	20241	770069
3002	70070	inject	20241	770070
3002	70071	inject	20241	770071
3002	70072	inject	20241	770072
3002	70073	inject	20241	770073
3002	70074	inject	20241	770074
3002	70075	inject	20241	770075
3002	70076	inject	20241	770076
3002	70077	inject	20241	770077
3002	70078	inject	20241	770078
3002	70079	inject	20241	770079
3002	70080	inject	20241	770080
3002	70081	inject	20241	770081
3002	70082	inject	20241	770082
3002	70083	inject	20241	770083
3002	70084	inject	20241	770084
3002	70085	inject	20241	770085
3002	70086	inject	20241	770086
3002	70087	inject	20241	770087
3003	70090	inject	20242	770090
3003	70091	inject	20242	770091
3003	70092	inject	20242	770092
3003	70093	inject	20242	770093
3003	70094	inject	20242	770094
3003	70095	inject	20242	770095
3003	70096	inject	20242	770096
3003	70097	inject	20242	770097
3003	70098	inject	20242	770098
3003	70099	inject	20242	770099
3003	70100	inject	20242	770100
3003	70101	inject	20242	770101
3003	70102	inject	20242	770102
3003	70103	inject	20242	770103
3003	70104	inject	20242	770104
3003	70105	inject	20242	770105
3003	70106	inject	20242	770106
3003	70107	inject	20242	770107
3003	70108	inject	20242	770108
3003	70109	inject	20242	770109
3003	70110	inject	20242	770110
3003	70111	inject	20242	770111
3003	70112	inject	20242	770112
3003	70113	inject	20242	770113
3003	70114	inject	20242	770114
3003	70115	inject	20242	770115
3003	70116	inject	20242	770116
3003	70117	inject	20242	770117
3010	70550	inject	20243	770550
3010	70551	inject	20243	770551
3010	70552	inject	20243	770552
3010	70553	inject	20243	770553
3010	70554	inject	20243	770554
3010	70555	inject	20243	770555
3010	70556	inject	20243	770556
3010	70557	inject	20243	770557
3010	70558	inject	20243	770558
3010	70559	inject	20243	770559
3010	70560	inject	20243	770560
3010	70561	inject	20243	770561
3010	70562	inject	20243	770562
3010	70563	inject	20243	770563
3010	70564	inject	20243	770564
3010	70565	inject	20243	770565
3010	70566	inject	20243	770566
3010	70567	inject	20243	770567
3010	70568	inject	20243	770568
3010	70569	inject	20243	770569
3010	70570	inject	20243	770570
3010	70571	inject	20243	770571
3010	70572	inject	20243	770572
3010	70573	inject	20243	770573
3010	70574	inject	20243	770574
3010	70575	inject	20243	770575
3010	70576	inject	20243	770576
3010	70577	inject	20243	770577
3011	70580	inject	20244	770580
3011	70581	inject	20244	770581
3011	70582	inject	20244	770582
3011	70583	inject	20244	770583
3011	70584	inject	20244	770584
3011	70585	inject	20244	770585
3011	70586	inject	20244	770586
3011	70587	inject	20244	770587
3011	70588	inject	20244	770588
3011	70589	inject	20244	770589
3011	70590	inject	20244	770590
3011	70591	inject	20244	770591
3012	70610	inject	20245	770610
3012	70611	inject	20245	770611
3012	70612	inject	20245	770612
3012	70613	inject	20245	770613
3012	70614	inject	20245	770614
3012	70615	inject	20245	770615
3012	70616	inject	20245	770616
3012	70617	inject	20245	770617
3012	70618	inject	20245	770618
3012	70619	inject	20245	770619
3012	70620	inject	20245	770620
3012	70621	inject	20245	770621
3012	70622	inject	20245	770622
3012	70623	inject	20245	770623
3012	70624	inject	20245	770624
3012	70625	inject	20245	770625
3012	70626	inject	20245	770626
3012	70627	inject	20245	770627
3012	70628	inject	20245	770628
3012	70629	inject	20245	770629
3012	70630	inject	20245	770630
3012	70631	inject	20245	770631
3012	70632	inject	20245	770632
3012	70633	inject	20245	770633
3012	70634	inject	20245	770634
3012	70635	inject	20245	770635
3012	70636	inject	20245	770636
3012	70637	inject	20245	770637
3013	70640	inject	20246	770640
3013	70641	inject	20246	770641
3013	70642	inject	20246	770642
3013	70643	inject	20246	770643
3013	70644	inject	20246	770644
3013	70645	inject	20246	770645
3013	70646	inject	20246	770646
3013	70647	inject	20246	770647
3013	70648	inject	20246	770648
3013	70649	inject	20246	770649
3013	70650	inject	20246	770650
3013	70651	inject	20246	770651
3013	70652	inject	20246	770652
3013	70653	inject	20246	770653
3013	70654	inject	20246	770654
3013	70655	inject	20246	770655
3013	70656	inject	20246	770656
3013	70657	inject	20246	770657
3013	70658	inject	20246	770658
3013	70659	inject	20246	770659
3013	70660	inject	20246	770660
3013	70661	inject	20246	770661
3013	70662	inject	20246	770662
3013	70663	inject	20246	770663
3013	70664	inject	20246	770664
3013	70665	inject	20246	770665
3013	70666	inject	20246	770666
3013	70667	inject	20246	770667
3014	70120	inject	20247	770120
3014	70121	inject	20247	770121
3014	70122	inject	20247	770122
3014	70123	inject	20247	770123
3014	70124	inject	20247	770124
3014	70125	inject	20247	770125
3014	70126	inject	20247	770126
3014	70127	inject	20247	770127
3014	70128	inject	20247	770128
3014	70129	inject	20247	770129
3014	70130	inject	20247	770130
3014	70131	inject	20247	770131
3014	70132	inject	20247	770132
3014	70133	inject	20247	770133
3014	70134	inject	20247	770134
3014	70135	inject	20247	770135
3014	70136	inject	20247	770136
3014	70137	inject	20247	770137
3014	70138	inject	20247	770138
3014	70139	inject	20247	770139
3014	70140	inject	20247	770140
3014	70141	inject	20247	770141
3014	70142	inject	20247	770142
3014	70143	inject	20247	770143
3014	70144	inject	20247	770144
3014	70145	inject	20247	770145
3014	70146	inject	20247	770146
3014	70147	inject	20247	770147
3016	70180	inject	20248	770180
3016	70181	inject	20248	770181
3016	70182	inject	20248	770182
3016	70183	inject	20248	770183
3016	70184	inject	20248	770184
3016	70185	inject	20248	770185
3016	70186	inject	20248	770186
3016	70187	inject	20248	770187
3016	70188	inject	20248	770188
3016	70189	inject	20248	770189
3016	70190	inject	20248	770190
3016	70191	inject	20248	770191
3016	70192	inject	20248	770192
3016	70193	inject	20248	770193
3016	70194	inject	20248	770194
3016	70195	inject	20248	770195
3016	70196	inject	20248	770196
3016	70197	inject	20248	770197
3016	70198	inject	20248	770198
3016	70199	inject	20248	770199
3016	70200	inject	20248	770200
3016	70201	inject	20248	770201
3016	70202	inject	20248	770202
3016	70203	inject	20248	770203
3016	70204	inject	20248	770204
3016	70205	inject	20248	770205
3016	70206	inject	20248	770206
3016	70207	inject	20248	770207
3017	70210	inject	20249	770210
3017	70211	inject	20249	770211
3017	70212	inject	20249	770212
3017	70213	inject	20249	770213
3017	70214	inject	20249	770214
3017	70215	inject	20249	770215
3017	70216	inject	20249	770216
3017	70217	inject	20249	770217
3017	70218	inject	20249	770218
3017	70219	inject	20249	770219
3017	70220	inject	20249	770220
3017	70221	inject	20249	770221
3017	70222	inject	20249	770222
3017	70223	inject	20249	770223
3017	70224	inject	20249	770224
3017	70225	inject	20249	770225
3017	70226	inject	20249	770226
3017	70227	inject	20249	770227
3017	70228	inject	20249	770228
3017	70229	inject	20249	770229
3017	70230	inject	20249	770230
3017	70231	inject	20249	770231
3017	70232	inject	20249	770232
3017	70233	inject	20249	770233
3017	70234	inject	20249	770234
3017	70235	inject	20249	770235
3017	70236	inject	20249	770236
3017	70237	inject	20249	770237
3018	70238	inject	20250	770238
3018	70239	inject	20250	770239
3018	70240	inject	20250	770240
3018	70241	inject	20250	770241
3018	70242	inject	20250	770242
3018	70243	inject	20250	770243
3018	70244	inject	20250	770244
3018	70245	inject	20250	770245
3018	70246	inject	20250	770246
3018	70247	inject	20250	770247
3018	70248	inject	20250	770248
3018	70249	inject	20250	770249
3018	70250	inject	20250	770250
3018	70251	inject	20250	770251
3018	70252	inject	20250	770252
3018	70253	inject	20250	770253
3018	70254	inject	20250	770254
3018	70255	inject	20250	770255
3018	70256	inject	20250	770256
3018	70257	inject	20250	770257
3018	70258	inject	20250	770258
3018	70259	inject	20250	770259
3018	70260	inject	20250	770260
3018	70261	inject	20250	770261
3018	70262	inject	20250	770262
3018	70263	inject	20250	770263
3018	70264	inject	20250	770264
3018	70265	inject	20250	770265
3019	70266	inject	20251	770266
3019	70267	inject	20251	770267
3019	70268	inject	20251	770268
3019	70269	inject	20251	770269
3019	70270	inject	20251	770270
3019	70271	inject	20251	770271
3019	70272	inject	20251	770272
3019	70273	inject	20251	770273
3019	70274	inject	20251	770274
3019	70275	inject	20251	770275
3019	70276	inject	20251	770276
3019	70277	inject	20251	770277
3020	70278	inject	20252	770278
3020	70279	inject	20252	770279
3020	70280	inject	20252	770280
3020	70281	inject	20252	770281
3020	70282	inject	20252	770282
3020	70283	inject	20252	770283
3020	70284	inject	20252	770284
3020	70285	inject	20252	770285
3020	70286	inject	20252	770286
3020	70287	inject	20252	770287
3020	70288	inject	20252	770288
3020	70289	inject	20252	770289
3020	70290	inject	20252	770290
3020	70291	inject	20252	770291
3020	70292	inject	20252	770292
3020	70293	inject	20252	770293
3020	70294	inject	20252	770294
3020	70295	inject	20252	770295
3020	70296	inject	20252	770296
3020	70297	inject	20252	770297
3020	70298	inject	20252	770298
3020	70299	inject	20252	770299
3020	70300	inject	20252	770300
3020	70301	inject	20252	770301
3020	70302	inject	20252	770302
3020	70303	inject	20252	770303
3020	70304	inject	20252	770304
3020	70305	inject	20252	770305
3021	70306	inject	20253	770306
3021	70307	inject	20253	770307
3021	70308	inject	20253	770308
3021	70309	inject	20253	770309
3021	70310	inject	20253	770310
3021	70311	inject	20253	770311
3021	70312	inject	20253	770312
3021	70313	inject	20253	770313
3021	70314	inject	20253	770314
3021	70315	inject	20253	770315
3021	70316	inject	20253	770316
3021	70317	inject	20253	770317
3021	70318	inject	20253	770318
3021	70319	inject	20253	770319
3021	70320	inject	20253	770320
3021	70321	inject	20253	770321
3021	70322	inject	20253	770322
3021	70323	inject	20253	770323
3021	70324	inject	20253	770324
3021	70325	inject	20253	770325
3021	70326	inject	20253	770326
3021	70327	inject	20253	770327
3021	70328	inject	20253	770328
3021	70329	inject	20253	770329
3021	70330	inject	20253	770330
3021	70331	inject	20253	770331
3021	70332	inject	20253	770332
3021	70333	inject	20253	770333
3022	70334	inject	20254	770334
3022	70335	inject	20254	770335
3022	70336	inject	20254	770336
3022	70337	inject	20254	770337
3022	70338	inject	20254	770338
3022	70339	inject	20254	770339
3022	70340	inject	20254	770340
3022	70341	inject	20254	770341
3022	70342	inject	20254	770342
3022	70343	inject	20254	770343
3022	70344	inject	20254	770344
3022	70345	inject	20254	770345
3022	70346	inject	20254	770346
3022	70347	inject	20254	770347
3022	70348	inject	20254	770348
3022	70349	inject	20254	770349
3022	70350	inject	20254	770350
3022	70351	inject	20254	770351
3022	70352	inject	20254	770352
3022	70353	inject	20254	770353
3022	70354	inject	20254	770354
3022	70355	inject	20254	770355
3022	70356	inject	20254	770356
3022	70357	inject	20254	770357
3022	70358	inject	20254	770358
3022	70359	inject	20254	770359
3022	70360	inject	20254	770360
3022	70361	inject	20254	770361
3023	70362	inject	20255	770362
3023	70363	inject	20255	770363
3023	70364	inject	20255	770364
3023	70365	inject	20255	770365
3023	70366	inject	20255	770366
3023	70367	inject	20255	770367
3023	70368	inject	20255	770368
3023	70369	inject	20255	770369
3023	70370	inject	20255	770370
3023	70371	inject	20255	770371
3023	70372	inject	20255	770372
3023	70373	inject	20255	770373
3024	70374	inject	20256	770374
3024	70375	inject	20256	770375
3024	70376	inject	20256	770376
3024	70377	inject	20256	770377
3024	70378	inject	20256	770378
3024	70379	inject	20256	770379
3024	70380	inject	20256	770380
3024	70381	inject	20256	770381
3024	70382	inject	20256	770382
3024	70383	inject	20256	770383
3024	70384	inject	20256	770384
3024	70385	inject	20256	770385
3024	70386	inject	20256	770386
3024	70387	inject	20256	770387
3024	70388	inject	20256	770388
3024	70389	inject	20256	770389
3024	70390	inject	20256	770390
3024	70391	inject	20256	770391
3024	70392	inject	20256	770392
3024	70393	inject	20256	770393
3024	70394	inject	20256	770394
3024	70395	inject	20256	770395
3024	70396	inject	20256	770396
3024	70397	inject	20256	770397
3024	70398	inject	20256	770398
3024	70399	inject	20256	770399
3024	70400	inject	20256	770400
3024	70401	inject	20256	770401
3025	70402	inject	20257	770402
3025	70403	inject	20257	770403
3025	70404	inject	20257	770404
3025	70405	inject	20257	770405
3025	70406	inject	20257	770406
3025	70407	inject	20257	770407
3025	70408	inject	20257	770408
3025	70409	inject	20257	770409
3025	70410	inject	20257	770410
3025	70411	inject	20257	770411
3025	70412	inject	20257	770412
3025	70413	inject	20257	770413
3025	70414	inject	20257	770414
3025	70415	inject	20257	770415
3025	70416	inject	20257	770416
3025	70417	inject	20257	770417
3025	70418	inject	20257	770418
3025	70419	inject	20257	770419
3025	70420	inject	20257	770420
3025	70421	inject	20257	770421
3025	70422	inject	20257	770422
3025	70423	inject	20257	770423
3025	70424	inject	20257	770424
3025	70425	inject	20257	770425
3025	70426	inject	20257	770426
3025	70427	inject	20257	770427
3025	70428	inject	20257	770428
3025	70429	inject	20257	770429
3026	70430	inject	20258	770430
3026	70431	inject	20258	770431
3026	70432	inject	20258	770432
3026	70433	inject	20258	770433
3026	70434	inject	20258	770434
3026	70435	inject	20258	770435
3026	70436	inject	20258	770436
3026	70437	inject	20258	770437
3026	70438	inject	20258	770438
3026	70439	inject	20258	770439
3026	70440	inject	20258	770440
3026	70441	inject	20258	770441
3026	70442	inject	20258	770442
3026	70443	inject	20258	770443
3026	70444	inject	20258	770444
3026	70445	inject	20258	770445
3026	70446	inject	20258	770446
3026	70447	inject	20258	770447
3026	70448	inject	20258	770448
3026	70449	inject	20258	770449
3026	70450	inject	20258	770450
3026	70451	inject	20258	770451
3026	70452	inject	20258	770452
3026	70453	inject	20258	770453
3026	70454	inject	20258	770454
3026	70455	inject	20258	770455
3026	70456	inject	20258	770456
3026	70457	inject	20258	770457
3027	70460	inject	20259	770460
3027	70461	inject	20259	770461
3027	70462	inject	20259	770462
3027	70463	inject	20259	770463
3027	70464	inject	20259	770464
3027	70465	inject	20259	770465
3027	70466	inject	20259	770466
3027	70467	inject	20259	770467
3027	70468	inject	20259	770468
3027	70469	inject	20259	770469
3027	70470	inject	20259	770470
3027	70471	inject	20259	770471
3028	70490	inject	20260	770490
3028	70491	inject	20260	770491
3028	70492	inject	20260	770492
3028	70493	inject	20260	770493
3028	70494	inject	20260	770494
3028	70495	inject	20260	770495
3028	70496	inject	20260	770496
3028	70497	inject	20260	770497
3028	70498	inject	20260	770498
3028	70499	inject	20260	770499
3028	70500	inject	20260	770500
3028	70501	inject	20260	770501
3028	70502	inject	20260	770502
3028	70503	inject	20260	770503
3028	70504	inject	20260	770504
3028	70505	inject	20260	770505
3028	70506	inject	20260	770506
3028	70507	inject	20260	770507
3028	70508	inject	20260	770508
3028	70509	inject	20260	770509
3028	70510	inject	20260	770510
3028	70511	inject	20260	770511
3028	70512	inject	20260	770512
3028	70513	inject	20260	770513
3028	70514	inject	20260	770514
3028	70515	inject	20260	770515
3028	70516	inject	20260	770516
3028	70517	inject	20260	770517
3029	70520	inject	20261	770520
3029	70521	inject	20261	770521
3029	70522	inject	20261	770522
3029	70523	inject	20261	770523
3029	70524	inject	20261	770524
3029	70525	inject	20261	770525
3029	70526	inject	20261	770526
3029	70527	inject	20261	770527
3029	70528	inject	20261	770528
3029	70529	inject	20261	770529
3029	70530	inject	20261	770530
3029	70531	inject	20261	770531
3029	70532	inject	20261	770532
3029	70533	inject	20261	770533
3029	70534	inject	20261	770534
3029	70535	inject	20261	770535
3029	70536	inject	20261	770536
3029	70537	inject	20261	770537
3029	70538	inject	20261	770538
3029	70539	inject	20261	770539
3029	70540	inject	20261	770540
3029	70541	inject	20261	770541
3029	70542	inject	20261	770542
3029	70543	inject	20261	770543
3029	70544	inject	20261	770544
3029	70545	inject	20261	770545
3029	70546	inject	20261	770546
3029	70547	inject	20261	770547
4020	75240	inject	20262	775240
4020	75241	inject	20262	775241
4020	75242	inject	20262	775242
4020	75243	inject	20262	775243
4020	75244	inject	20262	775244
4020	75245	inject	20262	775245
4020	75246	inject	20262	775246
4020	75247	inject	20262	775247
4020	75248	inject	20262	775248
4020	75249	inject	20262	775249
4020	75250	inject	20262	775250
4020	75251	inject	20262	775251
4020	75252	inject	20262	775252
4020	75253	inject	20262	775253
4020	75254	inject	20262	775254
4020	75255	inject	20262	775255
4020	75256	inject	20262	775256
4020	75257	inject	20262	775257
4020	75258	inject	20262	775258
4020	75259	inject	20262	775259
4020	75260	inject	20262	775260
4020	75261	inject	20262	775261
4020	75262	inject	20262	775262
4020	75263	inject	20262	775263
4020	75264	inject	20262	775264
4020	75265	inject	20262	775265
4020	75266	inject	20262	775266
4020	75267	inject	20262	775267
4021	75270	inject	20263	775270
4021	75271	inject	20263	775271
4021	75272	inject	20263	775272
4021	75273	inject	20263	775273
4021	75274	inject	20263	775274
4021	75275	inject	20263	775275
4021	75276	inject	20263	775276
4021	75277	inject	20263	775277
4021	75278	inject	20263	775278
4021	75279	inject	20263	775279
4021	75280	inject	20263	775280
4021	75281	inject	20263	775281
4021	75282	inject	20263	775282
4021	75283	inject	20263	775283
4021	75284	inject	20263	775284
4021	75285	inject	20263	775285
4021	75286	inject	20263	775286
4021	75287	inject	20263	775287
4021	75288	inject	20263	775288
4021	75289	inject	20263	775289
4021	75290	inject	20263	775290
4021	75291	inject	20263	775291
4021	75292	inject	20263	775292
4021	75293	inject	20263	775293
4021	75294	inject	20263	775294
4021	75295	inject	20263	775295
4021	75296	inject	20263	775296
4021	75297	inject	20263	775297
4030	75000	inject	20264	775000
4030	75001	inject	20264	775001
4030	75002	inject	20264	775002
4030	75003	inject	20264	775003
4030	75004	inject	20264	775004
4030	75005	inject	20264	775005
4030	75006	inject	20264	775006
4030	75007	inject	20264	775007
4030	75008	inject	20264	775008
4030	75009	inject	20264	775009
4030	75010	inject	20264	775010
4030	75011	inject	20264	775011
4030	75012	inject	20264	775012
4030	75013	inject	20264	775013
4030	75014	inject	20264	775014
4030	75015	inject	20264	775015
4030	75016	inject	20264	775016
4030	75017	inject	20264	775017
4030	75018	inject	20264	775018
4030	75019	inject	20264	775019
4030	75020	inject	20264	775020
4030	75021	inject	20264	775021
4030	75022	inject	20264	775022
4030	75023	inject	20264	775023
4030	75024	inject	20264	775024
4030	75025	inject	20264	775025
4030	75026	inject	20264	775026
4030	75027	inject	20264	775027
4031	75030	inject	20265	775030
4031	75031	inject	20265	775031
4031	75032	inject	20265	775032
4031	75033	inject	20265	775033
4031	75034	inject	20265	775034
4031	75035	inject	20265	775035
4031	75036	inject	20265	775036
4031	75037	inject	20265	775037
4031	75038	inject	20265	775038
4031	75039	inject	20265	775039
4031	75040	inject	20265	775040
4031	75041	inject	20265	775041
4031	75042	inject	20265	775042
4031	75043	inject	20265	775043
4031	75044	inject	20265	775044
4031	75045	inject	20265	775045
4031	75046	inject	20265	775046
4031	75047	inject	20265	775047
4031	75048	inject	20265	775048
4031	75049	inject	20265	775049
4031	75050	inject	20265	775050
4031	75051	inject	20265	775051
4031	75052	inject	20265	775052
4031	75053	inject	20265	775053
4031	75054	inject	20265	775054
4031	75055	inject	20265	775055
4031	75056	inject	20265	775056
4031	75057	inject	20265	775057
4040	75060	inject	20266	775060
4040	75061	inject	20266	775061
4040	75062	inject	20266	775062
4040	75063	inject	20266	775063
4040	75064	inject	20266	775064
4040	75065	inject	20266	775065
4040	75066	inject	20266	775066
4040	75067	inject	20266	775067
4040	75068	inject	20266	775068
4040	75069	inject	20266	775069
4040	75070	inject	20266	775070
4040	75071	inject	20266	775071
4040	75072	inject	20266	775072
4040	75073	inject	20266	775073
4040	75074	inject	20266	775074
4040	75075	inject	20266	775075
4040	75076	inject	20266	775076
4040	75077	inject	20266	775077
4040	75078	inject	20266	775078
4040	75079	inject	20266	775079
4040	75080	inject	20266	775080
4040	75081	inject	20266	775081
4040	75082	inject	20266	775082
4040	75083	inject	20266	775083
4040	75084	inject	20266	775084
4040	75085	inject	20266	775085
4040	75086	inject	20266	775086
4040	75087	inject	20266	775087
4041	75090	inject	20267	775090
4041	75091	inject	20267	775091
4041	75092	inject	20267	775092
4041	75093	inject	20267	775093
4041	75094	inject	20267	775094
4041	75095	inject	20267	775095
4041	75096	inject	20267	775096
4041	75097	inject	20267	775097
4041	75098	inject	20267	775098
4041	75099	inject	20267	775099
4041	75100	inject	20267	775100
4041	75101	inject	20267	775101
4041	75102	inject	20267	775102
4041	75103	inject	20267	775103
4041	75104	inject	20267	775104
4041	75105	inject	20267	775105
4041	75106	inject	20267	775106
4041	75107	inject	20267	775107
4041	75108	inject	20267	775108
4041	75109	inject	20267	775109
4041	75110	inject	20267	775110
4041	75111	inject	20267	775111
4041	75112	inject	20267	775112
4041	75113	inject	20267	775113
4041	75114	inject	20267	775114
4041	75115	inject	20267	775115
4041	75116	inject	20267	775116
4041	75117	inject	20267	775117
4042	75120	inject	20268	775120
4042	75121	inject	20268	775121
4042	75122	inject	20268	775122
4042	75123	inject	20268	775123
4042	75124	inject	20268	775124
4042	75125	inject	20268	775125
4042	75126	inject	20268	775126
4042	75127	inject	20268	775127
4042	75128	inject	20268	775128
4042	75129	inject	20268	775129
4042	75130	inject	20268	775130
4042	75131	inject	20268	775131
4042	75132	inject	20268	775132
4042	75133	inject	20268	775133
4042	75134	inject	20268	775134
4042	75135	inject	20268	775135
4042	75136	inject	20268	775136
4042	75137	inject	20268	775137
4042	75138	inject	20268	775138
4042	75139	inject	20268	775139
4042	75140	inject	20268	775140
4042	75141	inject	20268	775141
4042	75142	inject	20268	775142
4042	75143	inject	20268	775143
4042	75144	inject	20268	775144
4042	75145	inject	20268	775145
4042	75146	inject	20268	775146
4042	75147	inject	20268	775147
4043	75150	inject	20269	775150
4043	75151	inject	20269	775151
4043	75152	inject	20269	775152
4043	75153	inject	20269	775153
4043	75154	inject	20269	775154
4043	75155	inject	20269	775155
4043	75156	inject	20269	775156
4043	75157	inject	20269	775157
4043	75158	inject	20269	775158
4043	75159	inject	20269	775159
4043	75160	inject	20269	775160
4043	75161	inject	20269	775161
4043	75162	inject	20269	775162
4043	75163	inject	20269	775163
4043	75164	inject	20269	775164
4043	75165	inject	20269	775165
4043	75166	inject	20269	775166
4043	75167	inject	20269	775167
4043	75168	inject	20269	775168
4043	75169	inject	20269	775169
4043	75170	inject	20269	775170
4043	75171	inject	20269	775171
4043	75172	inject	20269	775172
4043	75173	inject	20269	775173
4043	75174	inject	20269	775174
4043	75175	inject	20269	775175
4043	75176	inject	20269	775176
4043	75177	inject	20269	775177
4044	75180	inject	20270	775180
4044	75181	inject	20270	775181
4044	75182	inject	20270	775182
4044	75183	inject	20270	775183
4044	75184	inject	20270	775184
4044	75185	inject	20270	775185
4044	75186	inject	20270	775186
4044	75187	inject	20270	775187
4044	75188	inject	20270	775188
4044	75189	inject	20270	775189
4044	75190	inject	20270	775190
4044	75191	inject	20270	775191
4044	75192	inject	20270	775192
4044	75193	inject	20270	775193
4044	75194	inject	20270	775194
4044	75195	inject	20270	775195
4044	75196	inject	20270	775196
4044	75197	inject	20270	775197
4044	75198	inject	20270	775198
4044	75199	inject	20270	775199
4044	75200	inject	20270	775200
4044	75201	inject	20270	775201
4044	75202	inject	20270	775202
4044	75203	inject	20270	775203
4044	75204	inject	20270	775204
4044	75205	inject	20270	775205
4044	75206	inject	20270	775206
4044	75207	inject	20270	775207
4045	75210	inject	20271	775210
4045	75211	inject	20271	775211
4045	75212	inject	20271	775212
4045	75213	inject	20271	775213
4045	75214	inject	20271	775214
4045	75215	inject	20271	775215
4045	75216	inject	20271	775216
4045	75217	inject	20271	775217
4045	75218	inject	20271	775218
4045	75219	inject	20271	775219
4045	75220	inject	20271	775220
4045	75221	inject	20271	775221
4045	75222	inject	20271	775222
4045	75223	inject	20271	775223
4045	75224	inject	20271	775224
4045	75225	inject	20271	775225
4045	75226	inject	20271	775226
4045	75227	inject	20271	775227
4045	75228	inject	20271	775228
4045	75229	inject	20271	775229
4045	75230	inject	20271	775230
4045	75231	inject	20271	775231
4045	75232	inject	20271	775232
4045	75233	inject	20271	775233
4045	75234	inject	20271	775234
4045	75235	inject	20271	775235
4045	75236	inject	20271	775236
4045	75237	inject	20271	775237
4046	75300	inject	20272	775300
4046	75301	inject	20272	775301
4046	75302	inject	20272	775302
4046	75303	inject	20272	775303
4046	75304	inject	20272	775304
4046	75305	inject	20272	775305
4046	75306	inject	20272	775306
4046	75307	inject	20272	775307
4046	75308	inject	20272	775308
4046	75309	inject	20272	775309
4046	75310	inject	20272	775310
4046	75311	inject	20272	775311
4046	75312	inject	20272	775312
4046	75313	inject	20272	775313
4046	75314	inject	20272	775314
4046	75315	inject	20272	775315
4046	75316	inject	20272	775316
4046	75317	inject	20272	775317
4046	75318	inject	20272	775318
4046	75319	inject	20272	775319
4046	75320	inject	20272	775320
4046	75321	inject	20272	775321
4046	75322	inject	20272	775322
4046	75323	inject	20272	775323
4046	75324	inject	20272	775324
4046	75325	inject	20272	775325
4046	75326	inject	20272	775326
4046	75327	inject	20272	775327
4047	75330	inject	20273	775330
4047	75331	inject	20273	775331
4047	75332	inject	20273	775332
4047	75333	inject	20273	775333
4047	75334	inject	20273	775334
4047	75335	inject	20273	775335
4047	75336	inject	20273	775336
4047	75337	inject	20273	775337
4047	75338	inject	20273	775338
4047	75339	inject	20273	775339
4047	75340	inject	20273	775340
4047	75341	inject	20273	775341
4047	75342	inject	20273	775342
4047	75343	inject	20273	775343
4047	75344	inject	20273	775344
4047	75345	inject	20273	775345
4047	75346	inject	20273	775346
4047	75347	inject	20273	775347
4047	75348	inject	20273	775348
4047	75349	inject	20273	775349
4047	75350	inject	20273	775350
4047	75351	inject	20273	775351
4047	75352	inject	20273	775352
4047	75353	inject	20273	775353
4047	75354	inject	20273	775354
4047	75355	inject	20273	775355
4047	75356	inject	20273	775356
4047	75357	inject	20273	775357
4048	75360	inject	20274	775360
4048	75361	inject	20274	775361
4048	75362	inject	20274	775362
4048	75363	inject	20274	775363
4048	75364	inject	20274	775364
4048	75365	inject	20274	775365
4048	75366	inject	20274	775366
4048	75367	inject	20274	775367
4048	75368	inject	20274	775368
4048	75369	inject	20274	775369
4048	75370	inject	20274	775370
4048	75371	inject	20274	775371
4048	75372	inject	20274	775372
4048	75373	inject	20274	775373
4048	75374	inject	20274	775374
4048	75375	inject	20274	775375
4048	75376	inject	20274	775376
4048	75377	inject	20274	775377
4048	75378	inject	20274	775378
4048	75379	inject	20274	775379
4048	75380	inject	20274	775380
4048	75381	inject	20274	775381
4048	75382	inject	20274	775382
4048	75383	inject	20274	775383
4048	75384	inject	20274	775384
4048	75385	inject	20274	775385
4048	75386	inject	20274	775386
4048	75387	inject	20274	775387
4049	75390	inject	20275	775390
4049	75391	inject	20275	775391
4049	75392	inject	20275	775392
4049	75393	inject	20275	775393
4049	75394	inject	20275	775394
4049	75395	inject	20275	775395
4049	75396	inject	20275	775396
4049	75397	inject	20275	775397
4049	75398	inject	20275	775398
4049	75399	inject	20275	775399
4049	75400	inject	20275	775400
4049	75401	inject	20275	775401
4049	75402	inject	20275	775402
4049	75403	inject	20275	775403
4049	75404	inject	20275	775404
4049	75405	inject	20275	775405
4049	75406	inject	20275	775406
4049	75407	inject	20275	775407
4049	75408	inject	20275	775408
4049	75409	inject	20275	775409
4049	75410	inject	20275	775410
4049	75411	inject	20275	775411
4049	75412	inject	20275	775412
4049	75413	inject	20275	775413
4049	75414	inject	20275	775414
4049	75415	inject	20275	775415
4049	75416	inject	20275	775416
4049	75417	inject	20275	775417
10000	40060	inject	20276	740060
10000	40061	inject	20276	740061
10000	40062	matched	1004	108809
10000	40063	matched	1004	108809
10000	40064	inject	20276	740064
10000	40065	inject	20276	740065
10000	40066	inject	20276	740066
10000	40067	inject	20276	740067
10000	40068	inject	20276	740068
10000	40069	inject	20276	740069
10000	40070	inject	20276	740070
10000	40071	inject	20276	740071
10000	40072	inject	20276	740072
10000	40073	inject	20276	740073
10000	40074	inject	20276	740074
10000	40075	inject	20276	740075
10000	40076	inject	20276	740076
10000	40077	inject	20276	740077
10000	40078	inject	20276	740078
10000	40079	inject	20276	740079
10000	40080	inject	20276	740080
10000	40081	inject	20276	740081
10000	40082	inject	20276	740082
10000	40083	inject	20276	740083
10000	40084	inject	20276	740084
10000	40085	inject	20276	740085
10000	40086	inject	20276	740086
10000	40087	inject	20276	740087
10001	40000	inject	20277	740000
10001	40001	inject	20277	740001
10001	40002	matched	1004	108809
10001	40003	inject	20277	740003
10001	40004	inject	20277	740004
10001	40005	inject	20277	740005
10001	40006	inject	20277	740006
10001	40007	inject	20277	740007
10001	40008	inject	20277	740008
10001	40009	inject	20277	740009
10001	40010	inject	20277	740010
10001	40011	inject	20277	740011
10001	40012	inject	20277	740012
10001	40013	inject	20277	740013
10001	40014	inject	20277	740014
10001	40015	inject	20277	740015
10001	40016	inject	20277	740016
10001	40017	inject	20277	740017
10001	40018	inject	20277	740018
10001	40019	inject	20277	740019
10001	40020	inject	20277	740020
10001	40021	inject	20277	740021
10001	40022	inject	20277	740022
10001	40023	inject	20277	740023
10001	40024	inject	20277	740024
10001	40025	inject	20277	740025
10001	40026	inject	20277	740026
10001	40027	matched	1004	108809
10002	40030	inject	20278	740030
10002	40031	inject	20278	740031
10002	40032	matched	1004	108809
10002	40033	inject	20278	740033
10002	40034	inject	20278	740034
10002	40035	inject	20278	740035
10002	40036	inject	20278	740036
10002	40037	inject	20278	740037
10002	40038	inject	20278	740038
10002	40039	inject	20278	740039
10002	40040	inject	20278	740040
10002	40041	inject	20278	740041
10002	40042	inject	20278	740042
10002	40043	inject	20278	740043
10002	40044	inject	20278	740044
10002	40045	inject	20278	740045
10002	40046	inject	20278	740046
10002	40047	inject	20278	740047
10002	40048	inject	20278	740048
10002	40049	inject	20278	740049
10002	40050	inject	20278	740050
10002	40051	inject	20278	740051
10002	40052	inject	20278	740052
10002	40053	inject	20278	740053
10002	40054	inject	20278	740054
10002	40055	inject	20278	740055
10002	40056	inject	20278	740056
10002	40057	inject	20278	740057
10003	40088	inject	20279	740088
10003	40089	inject	20279	740089
10003	40090	matched	1004	108809
10003	40091	inject	20279	740091
10003	40092	inject	20279	740092
10003	40093	matched	1004	108809
10003	40094	inject	20279	740094
10003	40095	inject	20279	740095
10003	40096	inject	20279	740096
10003	40097	inject	20279	740097
10003	40098	inject	20279	740098
10003	40099	inject	20279	740099
10003	40100	inject	20279	740100
10003	40101	inject	20279	740101
10003	40102	inject	20279	740102
10003	40103	inject	20279	740103
10003	40104	inject	20279	740104
10003	40105	inject	20279	740105
10003	40106	inject	20279	740106
10003	40107	inject	20279	740107
10003	40108	inject	20279	740108
10003	40109	inject	20279	740109
10003	40110	inject	20279	740110
10003	40111	inject	20279	740111
10003	40112	inject	20279	740112
10003	40113	inject	20279	740113
10003	40114	inject	20279	740114
10003	40115	matched	1004	108809
10004	40116	inject	20280	740116
10004	40117	inject	20280	740117
10004	40118	matched	1004	108809
10004	40119	inject	20280	740119
10004	40120	inject	20280	740120
10004	40121	inject	20280	740121
10004	40122	inject	20280	740122
10004	40123	inject	20280	740123
10004	40124	inject	20280	740124
10004	40125	inject	20280	740125
10004	40126	inject	20280	740126
10004	40127	inject	20280	740127
10004	40128	inject	20280	740128
10004	40129	inject	20280	740129
10004	40130	inject	20280	740130
10004	40131	inject	20280	740131
10004	40132	inject	20280	740132
10004	40133	inject	20280	740133
10004	40134	inject	20280	740134
10004	40135	inject	20280	740135
10004	40136	inject	20280	740136
10004	40137	inject	20280	740137
10004	40138	inject	20280	740138
10004	40139	inject	20280	740139
10004	40140	inject	20280	740140
10004	40141	inject	20280	740141
10004	40142	inject	20280	740142
10004	40143	inject	20280	740143
10005	40144	inject	20281	740144
10005	40145	inject	20281	740145
10005	40146	inject	20281	740146
10005	40147	inject	20281	740147
10005	40148	inject	20281	740148
10005	40149	inject	20281	740149
10005	40150	inject	20281	740150
10005	40151	inject	20281	740151
10005	40152	inject	20281	740152
10005	40153	inject	20281	740153
10005	40154	inject	20281	740154
10005	40155	inject	20281	740155
10005	40156	inject	20281	740156
10005	40157	inject	20281	740157
10005	40158	inject	20281	740158
10005	40159	inject	20281	740159
10005	40160	inject	20281	740160
10005	40161	inject	20281	740161
10005	40162	inject	20281	740162
10005	40163	inject	20281	740163
10005	40164	inject	20281	740164
10005	40165	inject	20281	740165
10005	40166	inject	20281	740166
10005	40167	inject	20281	740167
10005	40168	inject	20281	740168
10005	40169	inject	20281	740169
10005	40170	inject	20281	740170
10005	40171	matched	1004	108809
10006	40172	inject	20282	740172
10006	40173	inject	20282	740173
10006	40174	matched	1004	108809
10006	40175	inject	20282	740175
10006	40176	matched	1004	108809
10006	40177	matched	1004	108809
10006	40178	inject	20282	740178
10006	40179	inject	20282	740179
10006	40180	inject	20282	740180
10006	40181	inject	20282	740181
10006	40182	inject	20282	740182
10006	40183	inject	20282	740183
10006	40184	inject	20282	740184
10006	40185	inject	20282	740185
10006	40186	inject	20282	740186
10006	40187	inject	20282	740187
10006	40188	inject	20282	740188
10006	40189	inject	20282	740189
10006	40190	inject	20282	740190
10006	40191	inject	20282	740191
10006	40192	inject	20282	740192
10006	40193	inject	20282	740193
10006	40194	inject	20282	740194
10006	40195	inject	20282	740195
10006	40196	inject	20282	740196
10006	40197	inject	20282	740197
10006	40198	inject	20282	740198
10006	40199	matched	1004	108809
10007	40200	inject	20283	740200
10007	40201	inject	20283	740201
10007	40202	matched	1004	108809
10007	40203	matched	1004	108809
10007	40204	matched	1004	108809
10007	40205	matched	1004	108809
10007	40206	inject	20283	740206
10007	40207	inject	20283	740207
10007	40208	inject	20283	740208
10007	40209	inject	20283	740209
10007	40210	inject	20283	740210
10007	40211	inject	20283	740211
10007	40212	inject	20283	740212
10007	40213	inject	20283	740213
10007	40214	inject	20283	740214
10007	40215	inject	20283	740215
10007	40216	inject	20283	740216
10007	40217	inject	20283	740217
10007	40218	inject	20283	740218
10007	40219	inject	20283	740219
10007	40220	inject	20283	740220
10007	40221	inject	20283	740221
10007	40222	inject	20283	740222
10007	40223	inject	20283	740223
10007	40224	matched	1004	108809
10007	40225	inject	20283	740225
10007	40226	inject	20283	740226
10007	40227	matched	1004	108809
10008	40228	inject	20284	740228
10008	40229	inject	20284	740229
10008	40230	inject	20284	740230
10008	40231	inject	20284	740231
10008	40232	inject	20284	740232
10008	40233	inject	20284	740233
10008	40234	inject	20284	740234
10008	40235	inject	20284	740235
10008	40236	inject	20284	740236
10008	40237	inject	20284	740237
10008	40238	inject	20284	740238
10008	40239	inject	20284	740239
10008	40240	inject	20284	740240
10008	40241	inject	20284	740241
10008	40242	inject	20284	740242
10008	40243	inject	20284	740243
10008	40244	inject	20284	740244
10008	40245	inject	20284	740245
10008	40246	inject	20284	740246
10008	40247	inject	20284	740247
10008	40248	inject	20284	740248
10008	40249	inject	20284	740249
10008	40250	inject	20284	740250
10008	40251	inject	20284	740251
10008	40252	inject	20284	740252
10008	40253	inject	20284	740253
10008	40254	inject	20284	740254
10008	40255	inject	20284	740255
10009	40256	inject	20285	740256
10009	40257	inject	20285	740257
10009	40258	inject	20285	740258
10009	40259	inject	20285	740259
10009	40260	inject	20285	740260
10009	40261	inject	20285	740261
10009	40262	inject	20285	740262
10009	40263	inject	20285	740263
10009	40264	inject	20285	740264
10009	40265	inject	20285	740265
10009	40266	inject	20285	740266
10009	40267	inject	20285	740267
10009	40268	inject	20285	740268
10009	40269	inject	20285	740269
10009	40270	inject	20285	740270
10009	40271	inject	20285	740271
10009	40272	inject	20285	740272
10009	40273	inject	20285	740273
10009	40274	inject	20285	740274
10009	40275	inject	20285	740275
10009	40276	inject	20285	740276
10009	40277	inject	20285	740277
10009	40278	inject	20285	740278
10009	40279	inject	20285	740279
10009	40280	inject	20285	740280
10009	40281	inject	20285	740281
10009	40282	inject	20285	740282
10009	40283	inject	20285	740283
10010	40284	inject	20286	740284
10010	40285	inject	20286	740285
10010	40286	matched	1004	108809
10010	40287	inject	20286	740287
10010	40288	matched	1004	108809
10010	40289	inject	20286	740289
10010	40290	inject	20286	740290
10010	40291	inject	20286	740291
10010	40292	inject	20286	740292
10010	40293	inject	20286	740293
10010	40294	inject	20286	740294
10010	40295	inject	20286	740295
10010	40296	inject	20286	740296
10010	40297	inject	20286	740297
10010	40298	inject	20286	740298
10010	40299	inject	20286	740299
10010	40300	inject	20286	740300
10010	40301	inject	20286	740301
10010	40302	inject	20286	740302
10010	40303	inject	20286	740303
10010	40304	inject	20286	740304
10010	40305	inject	20286	740305
10010	40306	inject	20286	740306
10010	40307	inject	20286	740307
10010	40308	inject	20286	740308
10010	40309	inject	20286	740309
10010	40310	inject	20286	740310
10010	40311	matched	1004	108809
10011	40312	inject	20287	740312
10011	40313	inject	20287	740313
10011	40314	matched	1004	108809
10011	40315	inject	20287	740315
10011	40316	matched	1004	108809
10011	40317	matched	1004	108809
10011	40318	inject	20287	740318
10011	40319	inject	20287	740319
10011	40320	inject	20287	740320
10011	40321	inject	20287	740321
10011	40322	inject	20287	740322
10011	40323	inject	20287	740323
10011	40324	inject	20287	740324
10011	40325	inject	20287	740325
10011	40326	inject	20287	740326
10011	40327	inject	20287	740327
10011	40328	inject	20287	740328
10011	40329	inject	20287	740329
10011	40330	inject	20287	740330
10011	40331	inject	20287	740331
10011	40332	inject	20287	740332
10011	40333	inject	20287	740333
10011	40334	inject	20287	740334
10011	40335	inject	20287	740335
10011	40336	inject	20287	740336
10011	40337	inject	20287	740337
10011	40338	inject	20287	740338
10011	40339	matched	1004	108809
10012	40340	inject	20288	740340
10012	40341	inject	20288	740341
10012	40342	matched	1004	108809
10012	40343	matched	1004	108809
10012	40344	matched	1004	108809
10012	40345	matched	1004	108809
10012	40346	inject	20288	740346
10012	40347	inject	20288	740347
10012	40348	inject	20288	740348
10012	40349	inject	20288	740349
10012	40350	inject	20288	740350
10012	40351	inject	20288	740351
10012	40352	inject	20288	740352
10012	40353	inject	20288	740353
10012	40354	inject	20288	740354
10012	40355	inject	20288	740355
10012	40356	inject	20288	740356
10012	40357	inject	20288	740357
10012	40358	inject	20288	740358
10012	40359	inject	20288	740359
10012	40360	inject	20288	740360
10012	40361	inject	20288	740361
10012	40362	inject	20288	740362
10012	40363	inject	20288	740363
10012	40364	inject	20288	740364
10012	40365	inject	20288	740365
10012	40366	inject	20288	740366
10012	40367	matched	1004	108809
10013	40370	inject	20289	740370
10013	40371	inject	20289	740371
10013	40372	matched	1004	108809
10013	40373	inject	20289	740373
10013	40374	matched	1004	108809
10013	40375	matched	1004	108809
10013	40376	inject	20289	740376
10013	40377	inject	20289	740377
10013	40378	inject	20289	740378
10013	40379	inject	20289	740379
10013	40380	inject	20289	740380
10013	40381	inject	20289	740381
10013	40382	inject	20289	740382
10013	40383	inject	20289	740383
10013	40384	inject	20289	740384
10013	40385	inject	20289	740385
10013	40386	inject	20289	740386
10013	40387	inject	20289	740387
10013	40388	inject	20289	740388
10013	40389	inject	20289	740389
10013	40390	inject	20289	740390
10013	40391	inject	20289	740391
10013	40392	inject	20289	740392
10013	40393	inject	20289	740393
10013	40394	matched	1004	108809
10013	40395	inject	20289	740395
10013	40396	inject	20289	740396
10013	40397	matched	1004	108809
10014	40400	matched	1714	147753
10014	40401	inject	20290	740401
10014	40402	matched	1714	147753
10014	40403	inject	20290	740403
10014	40404	matched	1714	147753
10014	40405	matched	1714	147753
10014	40406	inject	20290	740406
10014	40407	inject	20290	740407
10014	40408	inject	20290	740408
10014	40409	inject	20290	740409
10014	40410	inject	20290	740410
10014	40411	inject	20290	740411
10014	40412	inject	20290	740412
10014	40413	inject	20290	740413
10014	40414	inject	20290	740414
10014	40415	inject	20290	740415
10014	40416	inject	20290	740416
10014	40417	inject	20290	740417
10014	40418	inject	20290	740418
10014	40419	inject	20290	740419
10014	40420	inject	20290	740420
10014	40421	inject	20290	740421
10014	40422	inject	20290	740422
10014	40423	inject	20290	740423
10014	40424	matched	1714	147753
10014	40425	inject	20290	740425
10014	40426	inject	20290	740426
10014	40427	inject	20290	740427
10015	40428	inject	20291	740428
10015	40429	inject	20291	740429
10015	40430	matched	1004	108809
10015	40431	matched	1004	108809
10015	40432	matched	1004	108809
10015	40433	inject	20291	740433
10015	40434	inject	20291	740434
10015	40435	inject	20291	740435
10015	40436	inject	20291	740436
10015	40437	inject	20291	740437
10015	40438	inject	20291	740438
10015	40439	inject	20291	740439
10015	40440	inject	20291	740440
10015	40441	inject	20291	740441
10015	40442	inject	20291	740442
10015	40443	inject	20291	740443
10015	40444	inject	20291	740444
10015	40445	inject	20291	740445
10015	40446	inject	20291	740446
10015	40447	inject	20291	740447
10015	40448	inject	20291	740448
10015	40449	inject	20291	740449
10015	40450	inject	20291	740450
10015	40451	inject	20291	740451
10015	40452	inject	20291	740452
10015	40453	inject	20291	740453
10015	40454	inject	20291	740454
10015	40455	matched	1004	108809
10016	40456	inject	20292	740456
10016	40457	inject	20292	740457
10016	40458	matched	1004	108809
10016	40459	inject	20292	740459
10016	40460	matched	1004	108809
10016	40461	inject	20292	740461
10016	40462	inject	20292	740462
10016	40463	inject	20292	740463
10016	40464	inject	20292	740464
10016	40465	inject	20292	740465
10016	40466	inject	20292	740466
10016	40467	inject	20292	740467
10016	40468	inject	20292	740468
10016	40469	inject	20292	740469
10016	40470	inject	20292	740470
10016	40471	inject	20292	740471
10016	40472	inject	20292	740472
10016	40473	inject	20292	740473
10016	40474	inject	20292	740474
10016	40475	inject	20292	740475
10016	40476	inject	20292	740476
10016	40477	inject	20292	740477
10016	40478	inject	20292	740478
10016	40479	inject	20292	740479
10016	40480	inject	20292	740480
10016	40481	inject	20292	740481
10016	40482	inject	20292	740482
10016	40483	matched	1004	108809
10017	40484	inject	20293	740484
10017	40485	inject	20293	740485
10017	40486	matched	1004	108809
10017	40487	matched	1004	108809
10017	40488	matched	1004	108809
10017	40489	inject	20293	740489
10017	40490	inject	20293	740490
10017	40491	inject	20293	740491
10017	40492	inject	20293	740492
10017	40493	inject	20293	740493
10017	40494	inject	20293	740494
10017	40495	inject	20293	740495
10017	40496	inject	20293	740496
10017	40497	inject	20293	740497
10017	40498	inject	20293	740498
10017	40499	inject	20293	740499
10017	40500	inject	20293	740500
10017	40501	inject	20293	740501
10017	40502	inject	20293	740502
10017	40503	inject	20293	740503
10017	40504	inject	20293	740504
10017	40505	inject	20293	740505
10017	40506	inject	20293	740506
10017	40507	inject	20293	740507
10017	40508	inject	20293	740508
10017	40509	inject	20293	740509
10017	40510	inject	20293	740510
10017	40511	matched	1004	108809
10018	40512	inject	20294	740512
10018	40513	inject	20294	740513
10018	40514	matched	1004	108809
10018	40515	matched	1004	108809
10018	40516	matched	1004	108809
10018	40517	inject	20294	740517
10018	40518	inject	20294	740518
10018	40519	inject	20294	740519
10018	40520	inject	20294	740520
10018	40521	inject	20294	740521
10018	40522	inject	20294	740522
10018	40523	inject	20294	740523
10018	40524	inject	20294	740524
10018	40525	inject	20294	740525
10018	40526	inject	20294	740526
10018	40527	inject	20294	740527
10018	40528	inject	20294	740528
10018	40529	inject	20294	740529
10018	40530	inject	20294	740530
10018	40531	inject	20294	740531
10018	40532	inject	20294	740532
10018	40533	inject	20294	740533
10018	40534	inject	20294	740534
10018	40535	inject	20294	740535
10018	40536	inject	20294	740536
10018	40537	inject	20294	740537
10018	40538	inject	20294	740538
10018	40539	matched	1004	108809
10019	40540	inject	20295	740540
10019	40541	inject	20295	740541
10019	40542	matched	1004	108809
10019	40543	matched	1004	108809
10019	40544	matched	1004	108809
10019	40545	inject	20295	740545
10019	40546	inject	20295	740546
10019	40547	inject	20295	740547
10019	40548	inject	20295	740548
10019	40549	inject	20295	740549
10019	40550	inject	20295	740550
10019	40551	inject	20295	740551
10019	40552	inject	20295	740552
10019	40553	inject	20295	740553
10019	40554	inject	20295	740554
10019	40555	inject	20295	740555
10019	40556	inject	20295	740556
10019	40557	inject	20295	740557
10019	40558	inject	20295	740558
10019	40559	inject	20295	740559
10019	40560	inject	20295	740560
10019	40561	inject	20295	740561
10019	40562	inject	20295	740562
10019	40563	inject	20295	740563
10019	40564	inject	20295	740564
10019	40565	inject	20295	740565
10019	40566	inject	20295	740566
10019	40567	matched	1004	108809
10020	40568	inject	20296	740568
10020	40569	inject	20296	740569
10020	40570	inject	20296	740570
10020	40571	inject	20296	740571
10020	40572	inject	20296	740572
10020	40573	inject	20296	740573
10020	40574	inject	20296	740574
10020	40575	inject	20296	740575
10020	40576	inject	20296	740576
10020	40577	inject	20296	740577
10020	40578	inject	20296	740578
10020	40579	inject	20296	740579
10020	40580	inject	20296	740580
10020	40581	inject	20296	740581
10020	40582	inject	20296	740582
10020	40583	inject	20296	740583
10020	40584	inject	20296	740584
10020	40585	inject	20296	740585
10020	40586	inject	20296	740586
10020	40587	inject	20296	740587
10020	40588	inject	20296	740588
10020	40589	inject	20296	740589
10020	40590	inject	20296	740590
10020	40591	inject	20296	740591
10020	40592	inject	20296	740592
10020	40593	inject	20296	740593
10020	40594	inject	20296	740594
10020	40595	inject	20296	740595
10021	40596	inject	20297	740596
10021	40597	inject	20297	740597
10021	40598	inject	20297	740598
10021	40599	inject	20297	740599
10021	40600	inject	20297	740600
10021	40601	inject	20297	740601
10021	40602	inject	20297	740602
10021	40603	inject	20297	740603
10021	40604	inject	20297	740604
10021	40605	inject	20297	740605
10021	40606	inject	20297	740606
10021	40607	inject	20297	740607
10021	40608	inject	20297	740608
10021	40609	inject	20297	740609
10021	40610	inject	20297	740610
10021	40611	inject	20297	740611
10021	40612	inject	20297	740612
10021	40613	inject	20297	740613
10021	40614	inject	20297	740614
10021	40615	inject	20297	740615
10021	40616	inject	20297	740616
10021	40617	inject	20297	740617
10021	40618	inject	20297	740618
10021	40619	inject	20297	740619
10021	40620	inject	20297	740620
10021	40621	inject	20297	740621
10021	40622	inject	20297	740622
10021	40623	inject	20297	740623
10022	40624	inject	20298	740624
10022	40625	inject	20298	740625
10022	40626	matched	1004	108809
10022	40627	inject	20298	740627
10022	40628	matched	1004	108809
10022	40629	inject	20298	740629
10022	40630	inject	20298	740630
10022	40631	inject	20298	740631
10022	40632	inject	20298	740632
10022	40633	inject	20298	740633
10022	40634	inject	20298	740634
10022	40635	inject	20298	740635
10022	40636	inject	20298	740636
10022	40637	inject	20298	740637
10022	40638	inject	20298	740638
10022	40639	inject	20298	740639
10022	40640	inject	20298	740640
10022	40641	inject	20298	740641
10022	40642	inject	20298	740642
10022	40643	inject	20298	740643
10022	40644	inject	20298	740644
10022	40645	inject	20298	740645
10022	40646	inject	20298	740646
10022	40647	inject	20298	740647
10022	40648	inject	20298	740648
10022	40649	inject	20298	740649
10022	40650	inject	20298	740650
10022	40651	inject	20298	740651
10023	40652	inject	20299	740652
10023	40653	inject	20299	740653
10023	40654	matched	1004	108809
10023	40655	matched	1004	108809
10023	40656	matched	1004	108809
10023	40657	matched	1004	108809
10023	40658	inject	20299	740658
10023	40659	inject	20299	740659
10023	40660	inject	20299	740660
10023	40661	inject	20299	740661
10023	40662	inject	20299	740662
10023	40663	inject	20299	740663
10023	40664	inject	20299	740664
10023	40665	inject	20299	740665
10023	40666	inject	20299	740666
10023	40667	inject	20299	740667
10023	40668	inject	20299	740668
10023	40669	inject	20299	740669
10023	40670	inject	20299	740670
10023	40671	inject	20299	740671
10023	40672	inject	20299	740672
10023	40673	inject	20299	740673
10023	40674	inject	20299	740674
10023	40675	inject	20299	740675
10023	40676	inject	20299	740676
10023	40677	inject	20299	740677
10023	40678	inject	20299	740678
10023	40679	matched	1004	108809
10024	40680	inject	20300	740680
10024	40681	inject	20300	740681
10024	40682	matched	1004	108809
10024	40683	matched	1004	108809
10024	40684	matched	1004	108809
10024	40685	matched	1004	108809
10024	40686	inject	20300	740686
10024	40687	inject	20300	740687
10024	40688	inject	20300	740688
10024	40689	inject	20300	740689
10024	40690	inject	20300	740690
10024	40691	inject	20300	740691
10024	40692	inject	20300	740692
10024	40693	inject	20300	740693
10024	40694	inject	20300	740694
10024	40695	inject	20300	740695
10024	40696	inject	20300	740696
10024	40697	inject	20300	740697
10024	40698	inject	20300	740698
10024	40699	inject	20300	740699
10024	40700	inject	20300	740700
10024	40701	inject	20300	740701
10024	40702	inject	20300	740702
10024	40703	inject	20300	740703
10024	40704	inject	20300	740704
10024	40705	inject	20300	740705
10024	40706	inject	20300	740706
10024	40707	matched	1004	108809
10025	40708	inject	20301	740708
10025	40709	inject	20301	740709
10025	40710	matched	1004	108809
10025	40711	matched	1004	108809
10025	40712	matched	1004	108809
10025	40713	inject	20301	740713
10025	40714	inject	20301	740714
10025	40715	inject	20301	740715
10025	40716	inject	20301	740716
10025	40717	inject	20301	740717
10025	40718	inject	20301	740718
10025	40719	inject	20301	740719
10025	40720	inject	20301	740720
10025	40721	inject	20301	740721
10025	40722	inject	20301	740722
10025	40723	inject	20301	740723
10025	40724	inject	20301	740724
10025	40725	inject	20301	740725
10025	40726	inject	20301	740726
10025	40727	inject	20301	740727
10025	40728	inject	20301	740728
10025	40729	inject	20301	740729
10025	40730	inject	20301	740730
10025	40731	inject	20301	740731
10025	40732	inject	20301	740732
10025	40733	inject	20301	740733
10025	40734	inject	20301	740734
10025	40735	matched	1004	108809
10026	40736	inject	20302	740736
10026	40737	inject	20302	740737
10026	40738	inject	20302	740738
10026	40739	inject	20302	740739
10026	40740	inject	20302	740740
10026	40741	matched	1004	108809
10026	40742	inject	20302	740742
10026	40743	matched	2074	229761
10026	40744	inject	20302	740744
10026	40745	inject	20302	740745
10026	40746	inject	20302	740746
10026	40747	inject	20302	740747
10026	40748	inject	20302	740748
10026	40749	inject	20302	740749
10026	40750	inject	20302	740750
10026	40751	inject	20302	740751
10026	40752	inject	20302	740752
10026	40753	matched	2074	229773
10026	40754	inject	20302	740754
10026	40755	inject	20302	740755
10026	40756	inject	20302	740756
10026	40757	inject	20302	740757
10026	40758	inject	20302	740758
10026	40759	inject	20302	740759
10026	40760	inject	20302	740760
10026	40761	inject	20302	740761
10026	40762	inject	20302	740762
10026	40763	matched	1004	108809
10027	40764	inject	20303	740764
10027	40765	inject	20303	740765
10027	40766	inject	20303	740766
10027	40767	inject	20303	740767
10027	40768	matched	2017	228691
10027	40769	inject	20303	740769
10027	40770	inject	20303	740770
10027	40771	matched	2017	228689
10027	40772	inject	20303	740772
10027	40773	inject	20303	740773
10027	40774	inject	20303	740774
10027	40775	inject	20303	740775
10027	40776	inject	20303	740776
10027	40777	matched	2018	228711
10027	40778	inject	20303	740778
10027	40779	inject	20303	740779
10027	40780	inject	20303	740780
10027	40781	matched	2017	228701
10027	40782	inject	20303	740782
10027	40783	inject	20303	740783
10027	40784	inject	20303	740784
10027	40785	inject	20303	740785
10027	40786	inject	20303	740786
10027	40787	inject	20303	740787
10027	40788	inject	20303	740788
10027	40789	inject	20303	740789
10027	40790	inject	20303	740790
10027	40791	inject	20303	740791
10028	40792	inject	20304	740792
10028	40793	inject	20304	740793
10028	40794	matched	1004	108809
10028	40795	matched	1004	108809
10028	40796	matched	1004	108809
10028	40797	inject	20304	740797
10028	40798	inject	20304	740798
10028	40799	matched	2055	229393
10028	40800	inject	20304	740800
10028	40801	inject	20304	740801
10028	40802	inject	20304	740802
10028	40803	inject	20304	740803
10028	40804	inject	20304	740804
10028	40805	inject	20304	740805
10028	40806	inject	20304	740806
10028	40807	inject	20304	740807
10028	40808	inject	20304	740808
10028	40809	inject	20304	740809
10028	40810	inject	20304	740810
10028	40811	inject	20304	740811
10028	40812	inject	20304	740812
10028	40813	inject	20304	740813
10028	40814	inject	20304	740814
10028	40815	inject	20304	740815
10028	40816	inject	20304	740816
10028	40817	inject	20304	740817
10028	40818	inject	20304	740818
10028	40819	inject	20304	740819
10029	40820	inject	20305	740820
10029	40821	inject	20305	740821
10029	40822	matched	1004	108809
10029	40823	matched	1004	108809
10029	40824	inject	20305	740824
10029	40825	matched	1004	108809
10029	40826	matched	1004	108809
10029	40827	inject	20305	740827
10029	40828	inject	20305	740828
10029	40829	inject	20305	740829
10029	40830	inject	20305	740830
10029	40831	inject	20305	740831
10029	40832	matched	1004	108809
10029	40833	matched	1004	108809
10029	40834	inject	20305	740834
10029	40835	inject	20305	740835
10029	40836	matched	1004	108809
10029	40837	matched	1004	108809
10029	40838	inject	20305	740838
10029	40839	matched	1004	108809
10029	40840	matched	1004	108809
10029	40841	inject	20305	740841
10029	40842	inject	20305	740842
10029	40843	inject	20305	740843
10029	40844	matched	1004	108809
10029	40845	inject	20305	740845
10029	40846	matched	1004	108809
10029	40847	matched	1004	108809
10030	40848	inject	20306	740848
10030	40849	inject	20306	740849
10030	40850	matched	1004	108809
10030	40851	matched	1004	108809
10030	40852	matched	1004	108809
10030	40853	matched	1004	108809
10030	40854	inject	20306	740854
10030	40855	inject	20306	740855
10030	40856	inject	20306	740856
10030	40857	inject	20306	740857
10030	40858	inject	20306	740858
10030	40859	inject	20306	740859
10030	40860	inject	20306	740860
10030	40861	inject	20306	740861
10030	40862	inject	20306	740862
10030	40863	inject	20306	740863
10030	40864	inject	20306	740864
10030	40865	inject	20306	740865
10030	40866	inject	20306	740866
10030	40867	inject	20306	740867
10030	40868	inject	20306	740868
10030	40869	inject	20306	740869
10030	40870	inject	20306	740870
10030	40871	inject	20306	740871
10030	40872	inject	20306	740872
10030	40873	inject	20306	740873
10030	40874	inject	20306	740874
10030	40875	matched	1004	108809
10031	40876	inject	20307	740876
10031	40877	inject	20307	740877
10031	40878	matched	1004	108809
10031	40879	matched	1004	108809
10031	40880	matched	1004	108809
10031	40881	matched	1004	108809
10031	40882	inject	20307	740882
10031	40883	inject	20307	740883
10031	40884	inject	20307	740884
10031	40885	inject	20307	740885
10031	40886	inject	20307	740886
10031	40887	inject	20307	740887
10031	40888	inject	20307	740888
10031	40889	inject	20307	740889
10031	40890	inject	20307	740890
10031	40891	inject	20307	740891
10031	40892	inject	20307	740892
10031	40893	inject	20307	740893
10031	40894	inject	20307	740894
10031	40895	inject	20307	740895
10031	40896	inject	20307	740896
10031	40897	inject	20307	740897
10031	40898	inject	20307	740898
10031	40899	inject	20307	740899
10031	40900	inject	20307	740900
10031	40901	inject	20307	740901
10031	40902	inject	20307	740902
10031	40903	matched	1004	108809
10032	40904	inject	20308	740904
10032	40905	inject	20308	740905
10032	40906	matched	1004	108809
10032	40907	matched	1004	108809
10032	40908	matched	1004	108809
10032	40909	inject	20308	740909
10032	40910	inject	20308	740910
10032	40911	inject	20308	740911
10032	40912	inject	20308	740912
10032	40913	inject	20308	740913
10032	40914	inject	20308	740914
10032	40915	inject	20308	740915
10032	40916	inject	20308	740916
10032	40917	inject	20308	740917
10032	40918	inject	20308	740918
10032	40919	inject	20308	740919
10032	40920	inject	20308	740920
10032	40921	inject	20308	740921
10032	40922	inject	20308	740922
10032	40923	inject	20308	740923
10032	40924	inject	20308	740924
10032	40925	inject	20308	740925
10032	40926	inject	20308	740926
10032	40927	inject	20308	740927
10032	40928	inject	20308	740928
10032	40929	inject	20308	740929
10032	40930	inject	20308	740930
10032	40931	inject	20308	740931
10033	40932	inject	20309	740932
10033	40933	inject	20309	740933
10033	40934	inject	20309	740934
10033	40935	inject	20309	740935
10033	40936	inject	20309	740936
10033	40937	matched	1004	108809
10033	40938	inject	20309	740938
10033	40939	inject	20309	740939
10033	40940	inject	20309	740940
10033	40941	inject	20309	740941
10033	40942	inject	20309	740942
10033	40943	inject	20309	740943
10033	40944	inject	20309	740944
10033	40945	inject	20309	740945
10033	40946	inject	20309	740946
10033	40947	inject	20309	740947
10033	40948	matched	1004	108809
10033	40949	inject	20309	740949
10033	40950	matched	1004	108809
10033	40951	inject	20309	740951
10033	40952	matched	1004	108809
10033	40953	inject	20309	740953
10033	40954	inject	20309	740954
10033	40955	inject	20309	740955
10033	40956	inject	20309	740956
10033	40957	inject	20309	740957
10033	40958	inject	20309	740958
10033	40959	matched	1004	108809
10034	40960	inject	20310	740960
10034	40961	inject	20310	740961
10034	40962	matched	1004	108809
10034	40963	matched	1004	108809
10034	40964	matched	1004	108809
10034	40965	matched	1004	108809
10034	40966	inject	20310	740966
10034	40967	inject	20310	740967
10034	40968	inject	20310	740968
10034	40969	inject	20310	740969
10034	40970	inject	20310	740970
10034	40971	inject	20310	740971
10034	40972	inject	20310	740972
10034	40973	inject	20310	740973
10034	40974	inject	20310	740974
10034	40975	inject	20310	740975
10034	40976	inject	20310	740976
10034	40977	matched	1995	228305
10034	40978	inject	20310	740978
10034	40979	inject	20310	740979
10034	40980	inject	20310	740980
10034	40981	inject	20310	740981
10034	40982	inject	20310	740982
10034	40983	inject	20310	740983
10034	40984	inject	20310	740984
10034	40985	inject	20310	740985
10034	40986	inject	20310	740986
10034	40987	matched	1004	108809
10035	40988	inject	20311	740988
10035	40989	inject	20311	740989
10035	40990	inject	20311	740990
10035	40991	inject	20311	740991
10035	40992	inject	20311	740992
10035	40993	inject	20311	740993
10035	40994	inject	20311	740994
10035	40995	inject	20311	740995
10035	40996	inject	20311	740996
10035	40997	inject	20311	740997
10035	40998	inject	20311	740998
10035	40999	inject	20311	740999
10035	41000	inject	20311	741000
10035	41001	inject	20311	741001
10035	41002	inject	20311	741002
10035	41003	inject	20311	741003
10035	41004	inject	20311	741004
10035	41005	inject	20311	741005
10035	41006	inject	20311	741006
10035	41007	inject	20311	741007
10035	41008	inject	20311	741008
10035	41009	inject	20311	741009
10035	41010	inject	20311	741010
10035	41011	inject	20311	741011
10035	41012	inject	20311	741012
10035	41013	inject	20311	741013
10035	41014	inject	20311	741014
10035	41015	inject	20311	741015
10036	41016	inject	20312	741016
10036	41017	inject	20312	741017
10036	41018	matched	1004	108809
10036	41019	matched	1004	108809
10036	41020	matched	1004	108809
10036	41021	inject	20312	741021
10036	41022	inject	20312	741022
10036	41023	inject	20312	741023
10036	41024	inject	20312	741024
10036	41025	inject	20312	741025
10036	41026	inject	20312	741026
10036	41027	inject	20312	741027
10036	41028	inject	20312	741028
10036	41029	inject	20312	741029
10036	41030	inject	20312	741030
10036	41031	inject	20312	741031
10036	41032	inject	20312	741032
10036	41033	inject	20312	741033
10036	41034	inject	20312	741034
10036	41035	inject	20312	741035
10036	41036	inject	20312	741036
10036	41037	inject	20312	741037
10036	41038	inject	20312	741038
10036	41039	inject	20312	741039
10036	41040	matched	1004	108809
10036	41041	inject	20312	741041
10036	41042	inject	20312	741042
10036	41043	matched	1004	108809
10037	41044	inject	20313	741044
10037	41045	matched	1993	228263
10037	41046	matched	1004	108809
10037	41047	matched	1004	108809
10037	41048	matched	1004	108809
10037	41049	matched	1004	108809
10037	41050	inject	20313	741050
10037	41051	matched	1993	228257
10037	41052	inject	20313	741052
10037	41053	inject	20313	741053
10037	41054	inject	20313	741054
10037	41055	inject	20313	741055
10037	41056	inject	20313	741056
10037	41057	inject	20313	741057
10037	41058	inject	20313	741058
10037	41059	inject	20313	741059
10037	41060	inject	20313	741060
10037	41061	inject	20313	741061
10037	41062	inject	20313	741062
10037	41063	inject	20313	741063
10037	41064	inject	20313	741064
10037	41065	matched	1993	228269
10037	41066	inject	20313	741066
10037	41067	inject	20313	741067
10037	41068	inject	20313	741068
10037	41069	matched	1993	228268
10037	41070	inject	20313	741070
10037	41071	inject	20313	741071
10038	41072	inject	20314	741072
10038	41073	inject	20314	741073
10038	41074	matched	1004	108809
10038	41075	matched	1004	108809
10038	41076	matched	1004	108809
10038	41077	matched	1004	108809
10038	41078	inject	20314	741078
10038	41079	inject	20314	741079
10038	41080	inject	20314	741080
10038	41081	inject	20314	741081
10038	41082	inject	20314	741082
10038	41083	inject	20314	741083
10038	41084	inject	20314	741084
10038	41085	inject	20314	741085
10038	41086	inject	20314	741086
10038	41087	inject	20314	741087
10038	41088	inject	20314	741088
10038	41089	inject	20314	741089
10038	41090	inject	20314	741090
10038	41091	inject	20314	741091
10038	41092	inject	20314	741092
10038	41093	inject	20314	741093
10038	41094	inject	20314	741094
10038	41095	inject	20314	741095
10038	41096	inject	20314	741096
10038	41097	inject	20314	741097
10038	41098	inject	20314	741098
10038	41099	matched	1004	108809
10039	41100	inject	20315	741100
10039	41101	inject	20315	741101
10039	41102	inject	20315	741102
10039	41103	inject	20315	741103
10039	41104	inject	20315	741104
10039	41105	inject	20315	741105
10039	41106	inject	20315	741106
10039	41107	inject	20315	741107
10039	41108	inject	20315	741108
10039	41109	inject	20315	741109
10039	41110	inject	20315	741110
10039	41111	inject	20315	741111
10039	41112	inject	20315	741112
10039	41113	inject	20315	741113
10039	41114	inject	20315	741114
10039	41115	inject	20315	741115
10039	41116	inject	20315	741116
10039	41117	inject	20315	741117
10039	41118	inject	20315	741118
10039	41119	inject	20315	741119
10039	41120	inject	20315	741120
10039	41121	inject	20315	741121
10039	41122	inject	20315	741122
10039	41123	inject	20315	741123
10039	41124	inject	20315	741124
10039	41125	inject	20315	741125
10039	41126	inject	20315	741126
10039	41127	inject	20315	741127
10040	41128	inject	20316	741128
10040	41129	inject	20316	741129
10040	41130	inject	20316	741130
10040	41131	inject	20316	741131
10040	41132	inject	20316	741132
10040	41133	inject	20316	741133
10040	41134	inject	20316	741134
10040	41135	inject	20316	741135
10040	41136	inject	20316	741136
10040	41137	inject	20316	741137
10040	41138	matched	1004	108809
10040	41139	inject	20316	741139
10040	41140	matched	1004	108809
10040	41141	matched	1004	108809
10040	41142	matched	1004	108809
10040	41143	inject	20316	741143
10040	41144	inject	20316	741144
10040	41145	inject	20316	741145
10040	41146	inject	20316	741146
10040	41147	inject	20316	741147
10041	41148	inject	20317	741148
10041	41149	inject	20317	741149
10041	41150	inject	20317	741150
10041	41151	inject	20317	741151
10041	41152	inject	20317	741152
10041	41153	inject	20317	741153
10041	41154	inject	20317	741154
10041	41155	inject	20317	741155
10041	41156	inject	20317	741156
10041	41157	inject	20317	741157
10041	41158	inject	20317	741158
10041	41159	inject	20317	741159
10041	41160	inject	20317	741160
10041	41161	inject	20317	741161
10041	41162	inject	20317	741162
10041	41163	inject	20317	741163
10041	41164	inject	20317	741164
10041	41165	inject	20317	741165
10041	41166	inject	20317	741166
10041	41167	inject	20317	741167
10042	41168	inject	20318	741168
10042	41169	inject	20318	741169
10042	41170	inject	20318	741170
10042	41171	inject	20318	741171
10042	41172	inject	20318	741172
10042	41173	inject	20318	741173
10042	41174	inject	20318	741174
10042	41175	inject	20318	741175
10042	41176	inject	20318	741176
10042	41177	inject	20318	741177
10042	41178	inject	20318	741178
10042	41179	inject	20318	741179
10042	41180	matched	1004	108809
10042	41181	matched	1004	108809
10042	41182	matched	1004	108809
10042	41183	inject	20318	741183
10042	41184	inject	20318	741184
10042	41185	inject	20318	741185
10042	41186	inject	20318	741186
10042	41187	inject	20318	741187
10043	41188	inject	20319	741188
10043	41189	inject	20319	741189
10043	41190	inject	20319	741190
10043	41191	inject	20319	741191
10043	41192	inject	20319	741192
10043	41193	inject	20319	741193
10043	41194	inject	20319	741194
10043	41195	inject	20319	741195
10043	41196	inject	20319	741196
10043	41197	inject	20319	741197
10043	41198	inject	20319	741198
10043	41199	inject	20319	741199
10043	41200	inject	20319	741200
10043	41201	matched	1004	108809
10043	41202	inject	20319	741202
10043	41203	inject	20319	741203
10043	41204	inject	20319	741204
10043	41205	inject	20319	741205
10043	41206	inject	20319	741206
10043	41207	inject	20319	741207
10044	41208	inject	20320	741208
10044	41209	inject	20320	741209
10044	41210	matched	1004	108809
10044	41211	inject	20320	741211
10044	41212	matched	1004	108809
10044	41213	inject	20320	741213
10044	41214	inject	20320	741214
10044	41215	inject	20320	741215
10044	41216	inject	20320	741216
10044	41217	inject	20320	741217
10044	41218	inject	20320	741218
10044	41219	inject	20320	741219
10044	41220	inject	20320	741220
10044	41221	inject	20320	741221
10044	41222	inject	20320	741222
10044	41223	inject	20320	741223
10044	41224	inject	20320	741224
10044	41225	inject	20320	741225
10044	41226	inject	20320	741226
10044	41227	inject	20320	741227
10044	41228	inject	20320	741228
10044	41229	inject	20320	741229
10044	41230	inject	20320	741230
10044	41231	inject	20320	741231
10044	41232	inject	20320	741232
10044	41233	inject	20320	741233
10044	41234	inject	20320	741234
10044	41235	inject	20320	741235
10045	41236	inject	20321	741236
10045	41237	inject	20321	741237
10045	41238	matched	1004	108809
10045	41239	matched	1004	108809
10045	41240	matched	1004	108809
10045	41241	matched	1004	108809
10045	41242	inject	20321	741242
10045	41243	inject	20321	741243
10045	41244	inject	20321	741244
10045	41245	inject	20321	741245
10045	41246	inject	20321	741246
10045	41247	inject	20321	741247
10045	41248	inject	20321	741248
10045	41249	inject	20321	741249
10045	41250	inject	20321	741250
10045	41251	inject	20321	741251
10045	41252	inject	20321	741252
10045	41253	inject	20321	741253
10045	41254	inject	20321	741254
10045	41255	inject	20321	741255
10045	41256	inject	20321	741256
10045	41257	inject	20321	741257
10045	41258	inject	20321	741258
10045	41259	inject	20321	741259
10045	41260	inject	20321	741260
10045	41261	inject	20321	741261
10045	41262	inject	20321	741262
10045	41263	matched	1004	108809
10046	41264	inject	20322	741264
10046	41265	inject	20322	741265
10046	41266	matched	1004	108809
10046	41267	matched	1004	108809
10046	41268	matched	1004	108809
10046	41269	matched	1004	108809
10046	41270	inject	20322	741270
10046	41271	matched	1997	228333
10046	41272	inject	20322	741272
10046	41273	inject	20322	741273
10046	41274	inject	20322	741274
10046	41275	inject	20322	741275
10046	41276	inject	20322	741276
10046	41277	inject	20322	741277
10046	41278	inject	20322	741278
10046	41279	inject	20322	741279
10046	41280	inject	20322	741280
10046	41281	inject	20322	741281
10046	41282	inject	20322	741282
10046	41283	inject	20322	741283
10046	41284	inject	20322	741284
10046	41285	inject	20322	741285
10046	41286	inject	20322	741286
10046	41287	inject	20322	741287
10046	41288	inject	20322	741288
10046	41289	inject	20322	741289
10046	41290	inject	20322	741290
10046	41291	matched	1998	228359
10047	41292	matched	1971	227824
10047	41293	matched	1971	227825
10047	41294	matched	1971	227826
10047	41295	inject	20323	741295
10047	41296	matched	1971	227828
10047	41297	matched	1971	227829
10047	41298	matched	1971	227829
10047	41299	matched	1971	227831
10047	41300	inject	20323	741300
10047	41301	matched	1004	108809
10047	41302	matched	1971	227834
10047	41303	matched	1971	227835
10047	41304	matched	1004	108809
10047	41305	matched	1971	227837
10047	41306	matched	1971	227838
10047	41307	matched	1971	227839
10047	41308	matched	1971	227840
10047	41309	matched	1971	227841
10047	41310	matched	1971	227842
10047	41311	matched	1971	227843
10048	41312	inject	20324	741312
10048	41313	inject	20324	741313
10048	41314	inject	20324	741314
10048	41315	inject	20324	741315
10048	41316	inject	20324	741316
10048	41317	inject	20324	741317
10048	41318	inject	20324	741318
10048	41319	inject	20324	741319
10048	41320	inject	20324	741320
10048	41321	inject	20324	741321
10048	41322	inject	20324	741322
10048	41323	inject	20324	741323
10048	41324	inject	20324	741324
10048	41325	inject	20324	741325
10048	41326	inject	20324	741326
10048	41327	inject	20324	741327
10048	41328	inject	20324	741328
10048	41329	inject	20324	741329
10048	41330	inject	20324	741330
10048	41331	inject	20324	741331
10048	41332	inject	20324	741332
10048	41333	inject	20324	741333
10048	41334	inject	20324	741334
10048	41335	inject	20324	741335
10048	41336	inject	20324	741336
10048	41337	inject	20324	741337
10048	41338	inject	20324	741338
10048	41339	inject	20324	741339
10049	41340	inject	20325	741340
10049	41341	inject	20325	741341
10049	41342	matched	1004	108809
10049	41343	inject	20325	741343
10049	41344	matched	1004	108809
10049	41345	matched	1004	108809
10049	41346	inject	20325	741346
10049	41347	inject	20325	741347
10049	41348	inject	20325	741348
10049	41349	inject	20325	741349
10049	41350	inject	20325	741350
10049	41351	inject	20325	741351
10049	41352	inject	20325	741352
10049	41353	inject	20325	741353
10049	41354	inject	20325	741354
10049	41355	inject	20325	741355
10049	41356	inject	20325	741356
10049	41357	inject	20325	741357
10049	41358	inject	20325	741358
10049	41359	inject	20325	741359
10049	41360	inject	20325	741360
10049	41361	inject	20325	741361
10049	41362	inject	20325	741362
10049	41363	inject	20325	741363
10049	41364	matched	1004	108809
10049	41365	inject	20325	741365
10049	41366	inject	20325	741366
10049	41367	matched	1004	108809
10050	41368	inject	20326	741368
10050	41369	inject	20326	741369
10050	41370	matched	1004	108809
10050	41371	matched	1004	108809
10050	41372	matched	1004	108809
10050	41373	matched	1004	108809
10050	41374	inject	20326	741374
10050	41375	inject	20326	741375
10050	41376	inject	20326	741376
10050	41377	inject	20326	741377
10050	41378	inject	20326	741378
10050	41379	inject	20326	741379
10050	41380	inject	20326	741380
10050	41381	inject	20326	741381
10050	41382	inject	20326	741382
10050	41383	inject	20326	741383
10050	41384	inject	20326	741384
10050	41385	inject	20326	741385
10050	41386	inject	20326	741386
10050	41387	inject	20326	741387
10050	41388	inject	20326	741388
10050	41389	inject	20326	741389
10050	41390	inject	20326	741390
10050	41391	inject	20326	741391
10050	41392	inject	20326	741392
10050	41393	inject	20326	741393
10050	41394	inject	20326	741394
10050	41395	matched	1004	108809
10051	41396	inject	20327	741396
10051	41397	inject	20327	741397
10051	41398	matched	1004	108809
10051	41399	inject	20327	741399
10051	41400	matched	1004	108809
10051	41401	matched	1004	108809
10051	41402	inject	20327	741402
10051	41403	inject	20327	741403
10051	41404	inject	20327	741404
10051	41405	inject	20327	741405
10051	41406	inject	20327	741406
10051	41407	inject	20327	741407
10051	41408	inject	20327	741408
10051	41409	inject	20327	741409
10051	41410	inject	20327	741410
10051	41411	inject	20327	741411
10051	41412	inject	20327	741412
10051	41413	inject	20327	741413
10051	41414	inject	20327	741414
10051	41415	inject	20327	741415
10051	41416	inject	20327	741416
10051	41417	inject	20327	741417
10051	41418	inject	20327	741418
10051	41419	inject	20327	741419
10051	41420	inject	20327	741420
10051	41421	inject	20327	741421
10051	41422	inject	20327	741422
10051	41423	matched	1004	108809
10052	41424	inject	20328	741424
10052	41425	inject	20328	741425
10052	41426	inject	20328	741426
10052	41427	matched	1004	108809
10052	41428	matched	1004	108809
10052	41429	matched	1004	108809
10052	41430	inject	20328	741430
10052	41431	inject	20328	741431
10052	41432	inject	20328	741432
10052	41433	inject	20328	741433
10052	41434	inject	20328	741434
10052	41435	inject	20328	741435
10052	41436	inject	20328	741436
10052	41437	inject	20328	741437
10052	41438	inject	20328	741438
10052	41439	inject	20328	741439
10052	41440	inject	20328	741440
10052	41441	inject	20328	741441
10052	41442	inject	20328	741442
10052	41443	inject	20328	741443
10052	41444	inject	20328	741444
10052	41445	inject	20328	741445
10052	41446	inject	20328	741446
10052	41447	inject	20328	741447
10052	41448	inject	20328	741448
10052	41449	inject	20328	741449
10052	41450	inject	20328	741450
10052	41451	matched	1004	108809
10053	41452	inject	20329	741452
10053	41453	inject	20329	741453
10053	41454	matched	6797	416322
10053	41455	inject	20329	741455
10053	41456	inject	20329	741456
10053	41457	inject	20329	741457
10053	41458	inject	20329	741458
10053	41459	inject	20329	741459
10053	41460	inject	20329	741460
10053	41461	inject	20329	741461
10053	41462	matched	6797	416330
10053	41463	matched	6797	416331
10053	41464	matched	6797	416332
10053	41465	matched	6797	416333
10053	41466	matched	6797	416334
10053	41467	matched	6797	416335
10053	41468	matched	6797	416336
10053	41469	matched	6797	416337
10053	41470	matched	6797	416335
10053	41471	matched	6797	416339
10054	41472	inject	20330	741472
10054	41473	inject	20330	741473
10054	41474	matched	1004	108809
10054	41475	matched	1004	108809
10054	41476	matched	1004	108809
10054	41477	matched	1004	108809
10054	41478	inject	20330	741478
10054	41479	inject	20330	741479
10054	41480	inject	20330	741480
10054	41481	inject	20330	741481
10054	41482	inject	20330	741482
10054	41483	inject	20330	741483
10054	41484	inject	20330	741484
10054	41485	inject	20330	741485
10054	41486	inject	20330	741486
10054	41487	inject	20330	741487
10054	41488	inject	20330	741488
10054	41489	inject	20330	741489
10054	41490	inject	20330	741490
10054	41491	inject	20330	741491
10054	41492	inject	20330	741492
10054	41493	inject	20330	741493
10054	41494	inject	20330	741494
10054	41495	inject	20330	741495
10054	41496	inject	20330	741496
10054	41497	inject	20330	741497
10054	41498	inject	20330	741498
10054	41499	matched	1004	108809
10055	41500	inject	20331	741500
10055	41501	inject	20331	741501
10055	41502	matched	1004	108809
10055	41503	matched	1004	108809
10055	41504	matched	1004	108809
10055	41505	matched	1004	108809
10055	41506	inject	20331	741506
10055	41507	inject	20331	741507
10055	41508	inject	20331	741508
10055	41509	inject	20331	741509
10055	41510	inject	20331	741510
10055	41511	inject	20331	741511
10055	41512	inject	20331	741512
10055	41513	inject	20331	741513
10055	41514	inject	20331	741514
10055	41515	inject	20331	741515
10055	41516	inject	20331	741516
10055	41517	inject	20331	741517
10055	41518	inject	20331	741518
10055	41519	inject	20331	741519
10055	41520	inject	20331	741520
10055	41521	inject	20331	741521
10055	41522	inject	20331	741522
10055	41523	inject	20331	741523
10055	41524	inject	20331	741524
10055	41525	inject	20331	741525
10055	41526	inject	20331	741526
10055	41527	matched	1004	108809
10056	41528	inject	20332	741528
10056	41529	inject	20332	741529
10056	41530	inject	20332	741530
10056	41531	inject	20332	741531
10056	41532	inject	20332	741532
10056	41533	inject	20332	741533
10056	41534	inject	20332	741534
10056	41535	inject	20332	741535
10056	41536	inject	20332	741536
10056	41537	inject	20332	741537
10056	41538	inject	20332	741538
10056	41539	inject	20332	741539
10056	41540	inject	20332	741540
10056	41541	inject	20332	741541
10056	41542	inject	20332	741542
10056	41543	inject	20332	741543
10056	41544	inject	20332	741544
10056	41545	inject	20332	741545
10056	41546	inject	20332	741546
10056	41547	inject	20332	741547
10057	41548	inject	20333	741548
10057	41549	inject	20333	741549
10057	41550	inject	20333	741550
10057	41551	inject	20333	741551
10058	41552	inject	20334	741552
10058	41553	inject	20334	741553
10058	41554	matched	1004	108809
10058	41555	inject	20334	741555
10058	41556	matched	1004	108809
10058	41557	matched	1004	108809
10058	41558	matched	2020	228785
10058	41559	inject	20334	741559
10058	41560	inject	20334	741560
10058	41561	inject	20334	741561
10058	41562	inject	20334	741562
10058	41563	inject	20334	741563
10058	41564	matched	2020	228786
10058	41565	matched	2020	228787
10058	41566	inject	20334	741566
10058	41567	inject	20334	741567
10058	41568	inject	20334	741568
10058	41569	inject	20334	741569
10058	41570	inject	20334	741570
10058	41571	inject	20334	741571
10058	41572	matched	2020	228789
10058	41573	inject	20334	741573
10058	41574	inject	20334	741574
10058	41575	inject	20334	741575
10058	41576	matched	1004	108809
10058	41577	inject	20334	741577
10058	41578	matched	2020	228790
10058	41579	matched	2020	228791
10059	41580	inject	20335	741580
10059	41581	inject	20335	741581
10059	41582	inject	20335	741582
10059	41583	inject	20335	741583
10059	41584	inject	20335	741584
10059	41585	matched	2036	229036
10059	41586	matched	2036	229037
10059	41587	matched	2035	229017
10059	41588	inject	20335	741588
10059	41589	inject	20335	741589
10059	41590	inject	20335	741590
10059	41591	inject	20335	741591
10059	41592	matched	2036	229038
10059	41593	matched	2036	229039
10059	41594	inject	20335	741594
10059	41595	inject	20335	741595
10059	41596	inject	20335	741596
10059	41597	inject	20335	741597
10059	41598	inject	20335	741598
10059	41599	inject	20335	741599
10059	41600	matched	2036	229041
10059	41601	inject	20335	741601
10059	41602	inject	20335	741602
10059	41603	inject	20335	741603
10059	41604	inject	20335	741604
10059	41605	inject	20335	741605
10059	41606	inject	20335	741606
10059	41607	matched	2036	229043
10060	41608	inject	20336	741608
10060	41609	matched	2015	228655
10060	41610	inject	20336	741610
10060	41611	inject	20336	741611
10060	41612	inject	20336	741612
10060	41613	inject	20336	741613
10060	41614	inject	20336	741614
10060	41615	matched	2015	228653
10060	41616	inject	20336	741616
10060	41617	inject	20336	741617
10060	41618	inject	20336	741618
10060	41619	inject	20336	741619
10060	41620	inject	20336	741620
10060	41621	inject	20336	741621
10060	41622	inject	20336	741622
10060	41623	inject	20336	741623
10060	41624	inject	20336	741624
10060	41625	inject	20336	741625
10060	41626	inject	20336	741626
10060	41627	inject	20336	741627
10060	41628	inject	20336	741628
10060	41629	inject	20336	741629
10060	41630	inject	20336	741630
10060	41631	inject	20336	741631
10060	41632	inject	20336	741632
10060	41633	inject	20336	741633
10060	41634	inject	20336	741634
10060	41635	inject	20336	741635
20000	20336	inject	20337	720336
20000	20337	inject	20337	720337
20000	20338	inject	20337	720338
20000	20339	inject	20337	720339
20000	20340	inject	20337	720340
20000	20341	inject	20337	720341
20000	20342	inject	20337	720342
20000	20343	inject	20337	720343
20000	20344	inject	20337	720344
20000	20345	inject	20337	720345
20000	20346	inject	20337	720346
20000	20347	inject	20337	720347
20000	20348	inject	20337	720348
20000	20349	inject	20337	720349
20000	20350	inject	20337	720350
20000	20351	inject	20337	720351
20000	20352	inject	20337	720352
20000	20353	inject	20337	720353
20000	20354	inject	20337	720354
20000	20355	inject	20337	720355
20000	20356	inject	20337	720356
20000	20357	inject	20337	720357
20000	20358	inject	20337	720358
20000	20359	inject	20337	720359
20001	20440	inject	20338	720440
20001	20441	inject	20338	720441
20001	20442	inject	20338	720442
20001	20443	inject	20338	720443
20001	20444	inject	20338	720444
20001	20445	inject	20338	720445
20001	20446	inject	20338	720446
20001	20447	inject	20338	720447
20001	20448	inject	20338	720448
20001	20449	inject	20338	720449
20001	20450	inject	20338	720450
20001	20451	inject	20338	720451
20001	20452	inject	20338	720452
20001	20453	inject	20338	720453
20001	20454	inject	20338	720454
20001	20455	inject	20338	720455
20001	20456	inject	20338	720456
20001	20457	inject	20338	720457
20001	20458	inject	20338	720458
20001	20459	inject	20338	720459
20001	20460	inject	20338	720460
20001	20461	inject	20338	720461
20001	20462	inject	20338	720462
20001	20463	inject	20338	720463
20002	20464	inject	20339	720464
20002	20465	inject	20339	720465
20002	20466	inject	20339	720466
20002	20467	inject	20339	720467
20002	20468	inject	20339	720468
20002	20469	inject	20339	720469
20002	20470	inject	20339	720470
20002	20471	inject	20339	720471
20002	20472	inject	20339	720472
20002	20473	inject	20339	720473
20002	20474	inject	20339	720474
20002	20475	inject	20339	720475
20002	20476	inject	20339	720476
20002	20477	inject	20339	720477
20002	20478	inject	20339	720478
20002	20479	inject	20339	720479
20002	20480	inject	20339	720480
20002	20481	inject	20339	720481
20002	20482	inject	20339	720482
20002	20483	inject	20339	720483
20002	20484	inject	20339	720484
20002	20485	inject	20339	720485
20002	20486	inject	20339	720486
20002	20487	inject	20339	720487
20003	20360	inject	20340	720360
20003	20361	inject	20340	720361
20003	20362	inject	20340	720362
20003	20363	inject	20340	720363
20003	20364	inject	20340	720364
20003	20365	inject	20340	720365
20003	20366	inject	20340	720366
20003	20367	inject	20340	720367
20003	20368	inject	20340	720368
20003	20369	inject	20340	720369
20003	20370	inject	20340	720370
20003	20371	inject	20340	720371
20003	20372	inject	20340	720372
20003	20373	inject	20340	720373
20003	20374	inject	20340	720374
20003	20375	inject	20340	720375
20003	20376	inject	20340	720376
20003	20377	inject	20340	720377
20003	20378	inject	20340	720378
20003	20379	inject	20340	720379
20003	20380	inject	20340	720380
20003	20381	inject	20340	720381
20003	20382	inject	20340	720382
20003	20383	inject	20340	720383
20006	20000	inject	20341	720000
20006	20001	inject	20341	720001
20006	20002	inject	20341	720002
20006	20003	inject	20341	720003
20006	20004	inject	20341	720004
20006	20005	inject	20341	720005
20006	20006	inject	20341	720006
20006	20007	inject	20341	720007
20006	20008	inject	20341	720008
20006	20009	inject	20341	720009
20006	20010	inject	20341	720010
20006	20011	inject	20341	720011
20006	20012	inject	20341	720012
20006	20013	inject	20341	720013
20006	20014	inject	20341	720014
20006	20015	inject	20341	720015
20006	20016	inject	20341	720016
20006	20017	inject	20341	720017
20006	20018	inject	20341	720018
20006	20019	inject	20341	720019
20006	20020	inject	20341	720020
20006	20021	inject	20341	720021
20006	20022	inject	20341	720022
20006	20023	inject	20341	720023
20007	20024	inject	20342	720024
20007	20025	inject	20342	720025
20007	20026	inject	20342	720026
20007	20027	inject	20342	720027
20007	20028	inject	20342	720028
20007	20029	inject	20342	720029
20007	20030	inject	20342	720030
20007	20031	inject	20342	720031
20007	20032	inject	20342	720032
20007	20033	inject	20342	720033
20007	20034	inject	20342	720034
20007	20035	inject	20342	720035
20007	20036	inject	20342	720036
20007	20037	inject	20342	720037
20007	20038	inject	20342	720038
20007	20039	inject	20342	720039
20007	20040	inject	20342	720040
20007	20041	inject	20342	720041
20007	20042	inject	20342	720042
20007	20043	inject	20342	720043
20007	20044	inject	20342	720044
20007	20045	inject	20342	720045
20007	20046	inject	20342	720046
20007	20047	inject	20342	720047
20007	20048	inject	20342	720048
20007	20049	inject	20342	720049
20007	20050	inject	20342	720050
20007	20051	inject	20342	720051
20007	20052	inject	20342	720052
20007	20053	inject	20342	720053
20007	20054	inject	20342	720054
20007	20055	inject	20342	720055
20008	20056	inject	20343	720056
20008	20057	inject	20343	720057
20008	20058	inject	20343	720058
20008	20059	inject	20343	720059
20008	20060	inject	20343	720060
20008	20061	inject	20343	720061
20008	20062	inject	20343	720062
20008	20063	inject	20343	720063
20008	20064	inject	20343	720064
20008	20065	inject	20343	720065
20008	20066	inject	20343	720066
20008	20067	inject	20343	720067
20008	20068	inject	20343	720068
20008	20069	inject	20343	720069
20008	20070	inject	20343	720070
20008	20071	inject	20343	720071
20008	20072	inject	20343	720072
20008	20073	inject	20343	720073
20008	20074	inject	20343	720074
20008	20075	inject	20343	720075
20008	20076	inject	20343	720076
20008	20077	inject	20343	720077
20008	20078	inject	20343	720078
20008	20079	inject	20343	720079
20008	20080	inject	20343	720080
20008	20081	inject	20343	720081
20008	20082	inject	20343	720082
20008	20083	inject	20343	720083
20008	20084	inject	20343	720084
20008	20085	inject	20343	720085
20008	20086	inject	20343	720086
20008	20087	inject	20343	720087
20009	20088	inject	20344	720088
20009	20089	inject	20344	720089
20009	20090	inject	20344	720090
20009	20091	inject	20344	720091
20009	20092	inject	20344	720092
20009	20093	inject	20344	720093
20009	20094	inject	20344	720094
20009	20095	inject	20344	720095
20009	20096	inject	20344	720096
20009	20097	inject	20344	720097
20009	20098	inject	20344	720098
20009	20099	inject	20344	720099
20009	20100	inject	20344	720100
20009	20101	inject	20344	720101
20009	20102	inject	20344	720102
20009	20103	inject	20344	720103
20009	20104	inject	20344	720104
20009	20105	inject	20344	720105
20009	20106	inject	20344	720106
20009	20107	inject	20344	720107
20009	20108	inject	20344	720108
20009	20109	inject	20344	720109
20009	20110	inject	20344	720110
20009	20111	inject	20344	720111
20009	20112	inject	20344	720112
20009	20113	inject	20344	720113
20009	20114	inject	20344	720114
20009	20115	inject	20344	720115
20009	20116	inject	20344	720116
20009	20117	inject	20344	720117
20009	20118	inject	20344	720118
20009	20119	inject	20344	720119
20010	20120	inject	20345	720120
20010	20121	inject	20345	720121
20010	20122	inject	20345	720122
20010	20123	inject	20345	720123
20010	20124	inject	20345	720124
20010	20125	inject	20345	720125
20010	20126	inject	20345	720126
20010	20127	inject	20345	720127
20010	20128	inject	20345	720128
20010	20129	inject	20345	720129
20010	20130	inject	20345	720130
20010	20131	inject	20345	720131
20010	20132	inject	20345	720132
20010	20133	inject	20345	720133
20010	20134	inject	20345	720134
20010	20135	inject	20345	720135
20010	20136	inject	20345	720136
20010	20137	inject	20345	720137
20010	20138	inject	20345	720138
20010	20139	inject	20345	720139
20010	20140	inject	20345	720140
20010	20141	inject	20345	720141
20010	20142	inject	20345	720142
20010	20143	inject	20345	720143
20011	20144	inject	20346	720144
20011	20145	inject	20346	720145
20011	20146	inject	20346	720146
20011	20147	inject	20346	720147
20011	20148	inject	20346	720148
20011	20149	matched	2210	268289
20011	20150	inject	20346	720150
20011	20151	inject	20346	720151
20011	20152	inject	20346	720152
20011	20153	inject	20346	720153
20011	20154	inject	20346	720154
20011	20155	inject	20346	720155
20011	20156	inject	20346	720156
20011	20157	matched	2209	268275
20011	20158	matched	2209	268276
20011	20159	matched	2209	268277
20011	20160	matched	2210	268292
20011	20161	matched	2210	268293
20011	20162	inject	20346	720162
20011	20163	inject	20346	720163
20011	20164	inject	20346	720164
20011	20165	inject	20346	720165
20011	20166	inject	20346	720166
20011	20167	inject	20346	720167
20012	20168	inject	20347	720168
20012	20169	inject	20347	720169
20012	20170	inject	20347	720170
20012	20171	inject	20347	720171
20012	20172	inject	20347	720172
20012	20173	inject	20347	720173
20012	20174	inject	20347	720174
20012	20175	inject	20347	720175
20012	20176	inject	20347	720176
20012	20177	inject	20347	720177
20012	20178	inject	20347	720178
20012	20179	inject	20347	720179
20012	20180	inject	20347	720180
20012	20181	inject	20347	720181
20012	20182	inject	20347	720182
20012	20183	inject	20347	720183
20012	20184	inject	20347	720184
20012	20185	inject	20347	720185
20012	20186	inject	20347	720186
20012	20187	inject	20347	720187
20012	20188	inject	20347	720188
20012	20189	inject	20347	720189
20012	20190	inject	20347	720190
20012	20191	inject	20347	720191
20013	20192	inject	20348	720192
20013	20193	inject	20348	720193
20013	20194	inject	20348	720194
20013	20195	inject	20348	720195
20013	20196	inject	20348	720196
20013	20197	inject	20348	720197
20013	20198	inject	20348	720198
20013	20199	inject	20348	720199
20013	20200	inject	20348	720200
20013	20201	inject	20348	720201
20013	20202	inject	20348	720202
20013	20203	inject	20348	720203
20013	20204	inject	20348	720204
20013	20205	inject	20348	720205
20013	20206	inject	20348	720206
20013	20207	inject	20348	720207
20013	20208	inject	20348	720208
20013	20209	inject	20348	720209
20013	20210	inject	20348	720210
20013	20211	inject	20348	720211
20013	20212	inject	20348	720212
20013	20213	inject	20348	720213
20013	20214	inject	20348	720214
20013	20215	inject	20348	720215
20014	20216	inject	20349	720216
20014	20217	inject	20349	720217
20014	20218	inject	20349	720218
20014	20219	inject	20349	720219
20014	20220	inject	20349	720220
20014	20221	inject	20349	720221
20014	20222	inject	20349	720222
20014	20223	inject	20349	720223
20014	20224	inject	20349	720224
20014	20225	inject	20349	720225
20014	20226	inject	20349	720226
20014	20227	inject	20349	720227
20014	20228	inject	20349	720228
20014	20229	inject	20349	720229
20014	20230	inject	20349	720230
20014	20231	inject	20349	720231
20014	20232	inject	20349	720232
20014	20233	inject	20349	720233
20014	20234	inject	20349	720234
20014	20235	inject	20349	720235
20014	20236	inject	20349	720236
20014	20237	inject	20349	720237
20014	20238	inject	20349	720238
20014	20239	inject	20349	720239
20015	20240	inject	20350	720240
20015	20241	inject	20350	720241
20015	20242	inject	20350	720242
20015	20243	inject	20350	720243
20015	20244	inject	20350	720244
20015	20245	inject	20350	720245
20015	20246	inject	20350	720246
20015	20247	inject	20350	720247
20015	20248	inject	20350	720248
20015	20249	inject	20350	720249
20015	20250	inject	20350	720250
20015	20251	inject	20350	720251
20015	20252	inject	20350	720252
20015	20253	inject	20350	720253
20015	20254	inject	20350	720254
20015	20255	inject	20350	720255
20015	20256	inject	20350	720256
20015	20257	inject	20350	720257
20015	20258	inject	20350	720258
20015	20259	inject	20350	720259
20015	20260	inject	20350	720260
20015	20261	inject	20350	720261
20015	20262	inject	20350	720262
20015	20263	inject	20350	720263
20016	20264	inject	20351	720264
20016	20265	inject	20351	720265
20016	20266	inject	20351	720266
20016	20267	inject	20351	720267
20016	20268	inject	20351	720268
20016	20269	inject	20351	720269
20016	20270	inject	20351	720270
20016	20271	inject	20351	720271
20016	20272	inject	20351	720272
20016	20273	inject	20351	720273
20016	20274	inject	20351	720274
20016	20275	inject	20351	720275
20016	20276	inject	20351	720276
20016	20277	inject	20351	720277
20016	20278	inject	20351	720278
20016	20279	inject	20351	720279
20016	20280	inject	20351	720280
20016	20281	inject	20351	720281
20016	20282	inject	20351	720282
20016	20283	inject	20351	720283
20016	20284	inject	20351	720284
20016	20285	inject	20351	720285
20016	20286	inject	20351	720286
20016	20287	inject	20351	720287
20017	20288	inject	20352	720288
20017	20289	inject	20352	720289
20017	20290	inject	20352	720290
20017	20291	inject	20352	720291
20017	20292	inject	20352	720292
20017	20293	inject	20352	720293
20017	20294	inject	20352	720294
20017	20295	inject	20352	720295
20017	20296	inject	20352	720296
20017	20297	inject	20352	720297
20017	20298	inject	20352	720298
20017	20299	inject	20352	720299
20017	20300	inject	20352	720300
20017	20301	inject	20352	720301
20017	20302	inject	20352	720302
20017	20303	inject	20352	720303
20017	20304	inject	20352	720304
20017	20305	inject	20352	720305
20017	20306	inject	20352	720306
20017	20307	inject	20352	720307
20017	20308	inject	20352	720308
20017	20309	inject	20352	720309
20017	20310	inject	20352	720310
20017	20311	inject	20352	720311
20018	20312	inject	20353	720312
20018	20313	inject	20353	720313
20018	20314	inject	20353	720314
20018	20315	inject	20353	720315
20018	20316	inject	20353	720316
20018	20317	inject	20353	720317
20018	20318	inject	20353	720318
20018	20319	inject	20353	720319
20018	20320	inject	20353	720320
20018	20321	inject	20353	720321
20018	20322	inject	20353	720322
20018	20323	inject	20353	720323
20018	20324	inject	20353	720324
20018	20325	inject	20353	720325
20018	20326	inject	20353	720326
20018	20327	inject	20353	720327
20018	20328	inject	20353	720328
20018	20329	inject	20353	720329
20018	20330	inject	20353	720330
20018	20331	inject	20353	720331
20018	20332	inject	20353	720332
20018	20333	inject	20353	720333
20018	20334	inject	20353	720334
20018	20335	inject	20353	720335
20019	20384	inject	20354	720384
20019	20385	inject	20354	720385
20019	20386	inject	20354	720386
20019	20387	inject	20354	720387
20019	20388	inject	20354	720388
20019	20389	inject	20354	720389
20019	20390	inject	20354	720390
20019	20391	inject	20354	720391
20019	20392	inject	20354	720392
20019	20393	inject	20354	720393
20019	20394	inject	20354	720394
20019	20395	inject	20354	720395
20019	20396	inject	20354	720396
20019	20397	inject	20354	720397
20019	20398	inject	20354	720398
20019	20399	inject	20354	720399
20019	20400	inject	20354	720400
20019	20401	inject	20354	720401
20019	20402	inject	20354	720402
20019	20403	inject	20354	720403
20019	20404	inject	20354	720404
20019	20405	inject	20354	720405
20019	20406	inject	20354	720406
20019	20407	inject	20354	720407
20020	20408	inject	20355	720408
20020	20409	inject	20355	720409
20020	20410	inject	20355	720410
20020	20411	inject	20355	720411
20020	20412	inject	20355	720412
20020	20413	inject	20355	720413
20020	20414	inject	20355	720414
20020	20415	inject	20355	720415
20020	20416	inject	20355	720416
20020	20417	inject	20355	720417
20020	20418	inject	20355	720418
20020	20419	inject	20355	720419
20020	20420	inject	20355	720420
20020	20421	inject	20355	720421
20020	20422	inject	20355	720422
20020	20423	inject	20355	720423
20020	20424	inject	20355	720424
20020	20425	inject	20355	720425
20020	20426	inject	20355	720426
20020	20427	inject	20355	720427
20020	20428	inject	20355	720428
20020	20429	inject	20355	720429
20020	20430	inject	20355	720430
20020	20431	inject	20355	720431
20020	20432	inject	20355	720432
20020	20433	inject	20355	720433
20020	20434	inject	20355	720434
20020	20435	inject	20355	720435
20020	20436	inject	20355	720436
20020	20437	inject	20355	720437
20020	20438	inject	20355	720438
20020	20439	inject	20355	720439
20021	20488	inject	20356	720488
20021	20489	inject	20356	720489
20021	20490	inject	20356	720490
20021	20491	inject	20356	720491
20021	20492	inject	20356	720492
20021	20493	inject	20356	720493
20021	20494	inject	20356	720494
20021	20495	inject	20356	720495
20021	20496	inject	20356	720496
20021	20497	inject	20356	720497
20021	20498	inject	20356	720498
20021	20499	inject	20356	720499
20021	20500	inject	20356	720500
20021	20501	inject	20356	720501
20021	20502	inject	20356	720502
20021	20503	inject	20356	720503
20021	20504	inject	20356	720504
20021	20505	inject	20356	720505
20021	20506	inject	20356	720506
20021	20507	inject	20356	720507
20021	20508	inject	20356	720508
20021	20509	inject	20356	720509
20021	20510	inject	20356	720510
20021	20511	inject	20356	720511
20022	20512	inject	20357	720512
20022	20513	inject	20357	720513
20022	20514	inject	20357	720514
20022	20515	inject	20357	720515
20022	20516	inject	20357	720516
20022	20517	inject	20357	720517
20022	20518	inject	20357	720518
20022	20519	inject	20357	720519
20022	20520	inject	20357	720520
20022	20521	inject	20357	720521
20022	20522	inject	20357	720522
20022	20523	inject	20357	720523
20022	20524	inject	20357	720524
20022	20525	inject	20357	720525
20022	20526	inject	20357	720526
20022	20527	inject	20357	720527
20022	20528	inject	20357	720528
20022	20529	inject	20357	720529
20022	20530	inject	20357	720530
20022	20531	inject	20357	720531
20022	20532	inject	20357	720532
20022	20533	inject	20357	720533
20022	20534	inject	20357	720534
20022	20535	inject	20357	720535
20023	20536	inject	20358	720536
20023	20537	inject	20358	720537
20023	20538	inject	20358	720538
20023	20539	inject	20358	720539
20023	20540	inject	20358	720540
20023	20541	inject	20358	720541
20023	20542	inject	20358	720542
20023	20543	inject	20358	720543
20023	20544	inject	20358	720544
20023	20545	inject	20358	720545
20023	20546	inject	20358	720546
20023	20547	inject	20358	720547
20023	20548	inject	20358	720548
20023	20549	inject	20358	720549
20023	20550	inject	20358	720550
20023	20551	inject	20358	720551
20023	20552	inject	20358	720552
20023	20553	inject	20358	720553
20023	20554	inject	20358	720554
20023	20555	inject	20358	720555
20023	20556	inject	20358	720556
20023	20557	inject	20358	720557
20023	20558	inject	20358	720558
20023	20559	inject	20358	720559
20024	20560	inject	20359	720560
20024	20561	inject	20359	720561
20024	20562	inject	20359	720562
20024	20563	inject	20359	720563
20024	20564	inject	20359	720564
20024	20565	inject	20359	720565
20024	20566	inject	20359	720566
20024	20567	inject	20359	720567
20024	20568	inject	20359	720568
20024	20569	inject	20359	720569
20024	20570	inject	20359	720570
20024	20571	inject	20359	720571
20024	20572	inject	20359	720572
20024	20573	inject	20359	720573
20024	20574	inject	20359	720574
20024	20575	inject	20359	720575
20024	20576	inject	20359	720576
20024	20577	inject	20359	720577
20024	20578	inject	20359	720578
20024	20579	inject	20359	720579
20025	20580	inject	20360	720580
20025	20581	inject	20360	720581
20025	20582	inject	20360	720582
20025	20583	inject	20360	720583
20025	20584	inject	20360	720584
20025	20585	inject	20360	720585
20025	20586	inject	20360	720586
20025	20587	inject	20360	720587
20025	20588	inject	20360	720588
20025	20589	inject	20360	720589
20025	20590	inject	20360	720590
20025	20591	inject	20360	720591
20025	20592	inject	20360	720592
20025	20593	inject	20360	720593
20025	20594	inject	20360	720594
20025	20595	inject	20360	720595
20025	20596	inject	20360	720596
20025	20597	inject	20360	720597
20025	20598	inject	20360	720598
20025	20599	inject	20360	720599
20026	20600	inject	20361	720600
20026	20601	inject	20361	720601
20026	20602	inject	20361	720602
20026	20603	inject	20361	720603
20026	20604	inject	20361	720604
20026	20605	inject	20361	720605
20026	20606	inject	20361	720606
20026	20607	inject	20361	720607
20026	20608	inject	20361	720608
20026	20609	inject	20361	720609
20026	20610	inject	20361	720610
20026	20611	inject	20361	720611
20026	20612	inject	20361	720612
20026	20613	inject	20361	720613
20026	20614	inject	20361	720614
20026	20615	inject	20361	720615
20026	20616	inject	20361	720616
20026	20617	inject	20361	720617
20026	20618	inject	20361	720618
20026	20619	inject	20361	720619
20026	20620	inject	20361	720620
20026	20621	inject	20361	720621
20026	20622	inject	20361	720622
20026	20623	inject	20361	720623
20026	20624	inject	20361	720624
20026	20625	inject	20361	720625
20026	20626	inject	20361	720626
20026	20627	inject	20361	720627
20027	20628	inject	20362	720628
20027	20629	inject	20362	720629
20027	20630	inject	20362	720630
20027	20631	inject	20362	720631
20027	20632	inject	20362	720632
20027	20633	inject	20362	720633
20027	20634	inject	20362	720634
20027	20635	inject	20362	720635
20027	20636	inject	20362	720636
20027	20637	inject	20362	720637
20027	20638	inject	20362	720638
20027	20639	inject	20362	720639
20027	20640	inject	20362	720640
20027	20641	inject	20362	720641
20027	20642	inject	20362	720642
20027	20643	inject	20362	720643
20027	20644	inject	20362	720644
20027	20645	inject	20362	720645
20027	20646	inject	20362	720646
20027	20647	inject	20362	720647
20027	20648	inject	20362	720648
20027	20649	inject	20362	720649
20027	20650	inject	20362	720650
20027	20651	inject	20362	720651
20028	20652	inject	20363	720652
20028	20653	inject	20363	720653
20028	20654	inject	20363	720654
20028	20655	inject	20363	720655
20028	20656	inject	20363	720656
20028	20657	inject	20363	720657
20028	20658	inject	20363	720658
20028	20659	inject	20363	720659
20028	20660	inject	20363	720660
20028	20661	inject	20363	720661
20028	20662	inject	20363	720662
20028	20663	inject	20363	720663
20028	20664	inject	20363	720664
20028	20665	inject	20363	720665
20028	20666	inject	20363	720666
20028	20667	inject	20363	720667
20028	20668	inject	20363	720668
20028	20669	inject	20363	720669
20028	20670	inject	20363	720670
20028	20671	inject	20363	720671
20028	20672	inject	20363	720672
20028	20673	inject	20363	720673
20028	20674	inject	20363	720674
20028	20675	inject	20363	720675
20028	20676	inject	20363	720676
20028	20677	inject	20363	720677
20028	20678	inject	20363	720678
20028	20679	inject	20363	720679
20029	20680	inject	20364	720680
20029	20681	inject	20364	720681
20029	20682	inject	20364	720682
20029	20683	inject	20364	720683
20029	20684	inject	20364	720684
20029	20685	inject	20364	720685
20029	20686	inject	20364	720686
20029	20687	inject	20364	720687
20029	20688	inject	20364	720688
20029	20689	inject	20364	720689
20029	20690	inject	20364	720690
20029	20691	inject	20364	720691
20029	20692	inject	20364	720692
20029	20693	inject	20364	720693
20029	20694	inject	20364	720694
20029	20695	inject	20364	720695
20029	20696	inject	20364	720696
20029	20697	inject	20364	720697
20029	20698	inject	20364	720698
20029	20699	inject	20364	720699
20029	20700	inject	20364	720700
20029	20701	inject	20364	720701
20029	20702	inject	20364	720702
20029	20703	inject	20364	720703
20030	20704	inject	20365	720704
20030	20705	inject	20365	720705
20030	20706	inject	20365	720706
20030	20707	inject	20365	720707
20030	20708	inject	20365	720708
20030	20709	inject	20365	720709
20030	20710	inject	20365	720710
20030	20711	inject	20365	720711
20030	20712	inject	20365	720712
20030	20713	inject	20365	720713
20030	20714	inject	20365	720714
20030	20715	inject	20365	720715
20030	20716	inject	20365	720716
20030	20717	inject	20365	720717
20030	20718	inject	20365	720718
20030	20719	inject	20365	720719
20030	20720	inject	20365	720720
20030	20721	inject	20365	720721
20030	20722	inject	20365	720722
20030	20723	inject	20365	720723
20030	20724	inject	20365	720724
20030	20725	inject	20365	720725
20030	20726	inject	20365	720726
20030	20727	inject	20365	720727
20031	20728	inject	20366	720728
20031	20729	inject	20366	720729
20031	20730	inject	20366	720730
20031	20731	inject	20366	720731
20031	20732	inject	20366	720732
20031	20733	inject	20366	720733
20031	20734	inject	20366	720734
20031	20735	inject	20366	720735
20031	20736	inject	20366	720736
20031	20737	inject	20366	720737
20031	20738	inject	20366	720738
20031	20739	inject	20366	720739
20031	20740	inject	20366	720740
20031	20741	inject	20366	720741
20031	20742	inject	20366	720742
20031	20743	inject	20366	720743
20031	20744	inject	20366	720744
20031	20745	inject	20366	720745
20031	20746	inject	20366	720746
20031	20747	inject	20366	720747
20031	20748	inject	20366	720748
20031	20749	inject	20366	720749
20031	20750	inject	20366	720750
20031	20751	inject	20366	720751
20032	20752	inject	20367	720752
20032	20753	inject	20367	720753
20032	20754	inject	20367	720754
20032	20755	inject	20367	720755
20032	20756	inject	20367	720756
20032	20757	inject	20367	720757
20032	20758	inject	20367	720758
20032	20759	inject	20367	720759
20032	20760	inject	20367	720760
20032	20761	inject	20367	720761
20032	20762	inject	20367	720762
20032	20763	inject	20367	720763
20032	20764	inject	20367	720764
20032	20765	inject	20367	720765
20032	20766	inject	20367	720766
20032	20767	inject	20367	720767
20032	20768	inject	20367	720768
20032	20769	inject	20367	720769
20032	20770	inject	20367	720770
20032	20771	inject	20367	720771
20032	20772	inject	20367	720772
20032	20773	inject	20367	720773
20032	20774	inject	20367	720774
20032	20775	inject	20367	720775
20033	20776	inject	20368	720776
20033	20777	inject	20368	720777
20033	20778	inject	20368	720778
20033	20779	inject	20368	720779
20033	20780	inject	20368	720780
20033	20781	inject	20368	720781
20033	20782	inject	20368	720782
20033	20783	inject	20368	720783
20033	20784	inject	20368	720784
20033	20785	inject	20368	720785
20033	20786	inject	20368	720786
20033	20787	inject	20368	720787
20033	20788	inject	20368	720788
20033	20789	inject	20368	720789
20033	20790	inject	20368	720790
20033	20791	inject	20368	720791
20033	20792	inject	20368	720792
20033	20793	inject	20368	720793
20033	20794	inject	20368	720794
20033	20795	inject	20368	720795
20033	20796	inject	20368	720796
20033	20797	inject	20368	720797
20033	20798	inject	20368	720798
20033	20799	inject	20368	720799
20034	20800	inject	20369	720800
20034	20801	inject	20369	720801
20034	20802	inject	20369	720802
20034	20803	inject	20369	720803
20034	20804	inject	20369	720804
20034	20805	inject	20369	720805
20034	20806	inject	20369	720806
20034	20807	inject	20369	720807
20034	20808	inject	20369	720808
20034	20809	inject	20369	720809
20034	20810	inject	20369	720810
20034	20811	inject	20369	720811
20034	20812	inject	20369	720812
20034	20813	inject	20369	720813
20034	20814	inject	20369	720814
20034	20815	inject	20369	720815
20034	20816	inject	20369	720816
20034	20817	inject	20369	720817
20034	20818	inject	20369	720818
20034	20819	inject	20369	720819
20034	20820	inject	20369	720820
20034	20821	inject	20369	720821
20034	20822	inject	20369	720822
20034	20823	inject	20369	720823
20034	20824	inject	20369	720824
20034	20825	inject	20369	720825
20034	20826	inject	20369	720826
20034	20827	inject	20369	720827
20035	20828	inject	20370	720828
20035	20829	inject	20370	720829
20035	20830	inject	20370	720830
20035	20831	inject	20370	720831
20035	20832	inject	20370	720832
20035	20833	inject	20370	720833
20035	20834	inject	20370	720834
20035	20835	inject	20370	720835
20035	20836	inject	20370	720836
20035	20837	inject	20370	720837
20035	20838	inject	20370	720838
20035	20839	inject	20370	720839
20035	20840	inject	20370	720840
20035	20841	inject	20370	720841
20035	20842	inject	20370	720842
20035	20843	inject	20370	720843
20035	20844	inject	20370	720844
20035	20845	inject	20370	720845
20035	20846	inject	20370	720846
20035	20847	inject	20370	720847
20035	20848	inject	20370	720848
20035	20849	inject	20370	720849
20035	20850	inject	20370	720850
20035	20851	inject	20370	720851
20036	20852	inject	20371	720852
20036	20853	inject	20371	720853
20036	20854	inject	20371	720854
20036	20855	inject	20371	720855
20036	20856	inject	20371	720856
20036	20857	inject	20371	720857
20036	20858	inject	20371	720858
20036	20859	inject	20371	720859
20036	20860	inject	20371	720860
20036	20861	inject	20371	720861
20036	20862	inject	20371	720862
20036	20863	inject	20371	720863
20036	20864	inject	20371	720864
20036	20865	inject	20371	720865
20036	20866	inject	20371	720866
20036	20867	inject	20371	720867
20036	20868	inject	20371	720868
20036	20869	inject	20371	720869
20036	20870	inject	20371	720870
20036	20871	inject	20371	720871
20036	20872	inject	20371	720872
20036	20873	inject	20371	720873
20036	20874	inject	20371	720874
20036	20875	inject	20371	720875
20036	20876	inject	20371	720876
20036	20877	inject	20371	720877
20036	20878	inject	20371	720878
20036	20879	inject	20371	720879
20036	20880	inject	20371	720880
20036	20881	inject	20371	720881
20036	20882	inject	20371	720882
20036	20883	inject	20371	720883
20036	20884	inject	20371	720884
20036	20885	inject	20371	720885
20036	20886	inject	20371	720886
20036	20887	inject	20371	720887
20037	20888	matched	2205	268184
20037	20889	matched	2205	268185
20037	20890	inject	20372	720890
20037	20891	matched	2206	268208
20037	20892	inject	20372	720892
20037	20893	inject	20372	720893
20037	20894	matched	2205	268189
20037	20895	matched	2205	268190
20037	20896	inject	20372	720896
20037	20897	matched	2206	268211
20037	20898	inject	20372	720898
20037	20899	inject	20372	720899
20037	20900	matched	2205	268194
20037	20901	inject	20372	720901
20037	20902	inject	20372	720902
20037	20903	matched	2206	268214
20037	20904	inject	20372	720904
20037	20905	inject	20372	720905
20037	20906	matched	2205	268199
20037	20907	matched	2205	268200
20037	20908	inject	20372	720908
20037	20909	matched	2206	268217
20037	20910	inject	20372	720910
20037	20911	inject	20372	720911
20038	20912	inject	20373	720912
20038	20913	inject	20373	720913
20038	20914	inject	20373	720914
20038	20915	inject	20373	720915
20038	20916	inject	20373	720916
20038	20917	inject	20373	720917
20038	20918	inject	20373	720918
20038	20919	inject	20373	720919
20038	20920	inject	20373	720920
20038	20921	inject	20373	720921
20038	20922	inject	20373	720922
20038	20923	inject	20373	720923
20038	20924	inject	20373	720924
20038	20925	inject	20373	720925
20038	20926	inject	20373	720926
20038	20927	inject	20373	720927
20038	20928	inject	20373	720928
20038	20929	inject	20373	720929
20038	20930	inject	20373	720930
20038	20931	inject	20373	720931
20038	20932	inject	20373	720932
20038	20933	inject	20373	720933
20038	20934	inject	20373	720934
20038	20935	inject	20373	720935
20039	20936	inject	20374	720936
20039	20937	inject	20374	720937
20039	20938	inject	20374	720938
20039	20939	inject	20374	720939
20039	20940	inject	20374	720940
20039	20941	inject	20374	720941
20039	20942	inject	20374	720942
20039	20943	inject	20374	720943
20039	20944	inject	20374	720944
20039	20945	inject	20374	720945
20039	20946	inject	20374	720946
20039	20947	inject	20374	720947
20039	20948	inject	20374	720948
20039	20949	inject	20374	720949
20039	20950	inject	20374	720950
20039	20951	inject	20374	720951
20039	20952	inject	20374	720952
20039	20953	inject	20374	720953
20039	20954	inject	20374	720954
20039	20955	inject	20374	720955
20039	20956	inject	20374	720956
20039	20957	inject	20374	720957
20039	20958	inject	20374	720958
20039	20959	inject	20374	720959
20040	20960	inject	20375	720960
20040	20961	inject	20375	720961
20040	20962	inject	20375	720962
20040	20963	inject	20375	720963
20040	20964	inject	20375	720964
20040	20965	inject	20375	720965
20040	20966	inject	20375	720966
20040	20967	inject	20375	720967
20040	20968	inject	20375	720968
20040	20969	inject	20375	720969
20040	20970	inject	20375	720970
20040	20971	inject	20375	720971
20040	20972	inject	20375	720972
20040	20973	inject	20375	720973
20040	20974	inject	20375	720974
20040	20975	inject	20375	720975
20040	20976	inject	20375	720976
20040	20977	inject	20375	720977
20040	20978	inject	20375	720978
20040	20979	inject	20375	720979
20040	20980	inject	20375	720980
20040	20981	inject	20375	720981
20040	20982	inject	20375	720982
20040	20983	inject	20375	720983
20041	20984	inject	20376	720984
20041	20985	inject	20376	720985
20041	20986	inject	20376	720986
20041	20987	inject	20376	720987
20041	20988	inject	20376	720988
20041	20989	inject	20376	720989
20041	20990	inject	20376	720990
20041	20991	inject	20376	720991
20041	20992	inject	20376	720992
20041	20993	inject	20376	720993
20041	20994	inject	20376	720994
20041	20995	inject	20376	720995
20041	20996	inject	20376	720996
20041	20997	inject	20376	720997
20041	20998	inject	20376	720998
20041	20999	inject	20376	720999
20041	21000	inject	20376	721000
20041	21001	inject	20376	721001
20041	21002	inject	20376	721002
20041	21003	inject	20376	721003
20041	21004	inject	20376	721004
20041	21005	inject	20376	721005
20041	21006	inject	20376	721006
20041	21007	inject	20376	721007
20042	21008	inject	20377	721008
20042	21009	inject	20377	721009
20042	21010	inject	20377	721010
20042	21011	inject	20377	721011
20042	21012	inject	20377	721012
20042	21013	inject	20377	721013
20042	21014	inject	20377	721014
20042	21015	inject	20377	721015
20042	21016	inject	20377	721016
20042	21017	inject	20377	721017
20042	21018	inject	20377	721018
20042	21019	inject	20377	721019
20042	21020	inject	20377	721020
20042	21021	inject	20377	721021
20042	21022	inject	20377	721022
20042	21023	inject	20377	721023
20042	21024	inject	20377	721024
20042	21025	inject	20377	721025
20042	21026	inject	20377	721026
20042	21027	inject	20377	721027
20042	21028	inject	20377	721028
20042	21029	inject	20377	721029
20042	21030	inject	20377	721030
20042	21031	inject	20377	721031
20043	21032	inject	20378	721032
20043	21033	inject	20378	721033
20043	21034	inject	20378	721034
20043	21035	inject	20378	721035
20043	21036	inject	20378	721036
20043	21037	inject	20378	721037
20043	21038	inject	20378	721038
20043	21039	inject	20378	721039
20043	21040	inject	20378	721040
20043	21041	inject	20378	721041
20043	21042	inject	20378	721042
20043	21043	inject	20378	721043
20043	21044	inject	20378	721044
20043	21045	inject	20378	721045
20043	21046	inject	20378	721046
20043	21047	inject	20378	721047
20043	21048	inject	20378	721048
20043	21049	inject	20378	721049
20043	21050	inject	20378	721050
20043	21051	inject	20378	721051
20043	21052	inject	20378	721052
20043	21053	inject	20378	721053
20043	21054	inject	20378	721054
20043	21055	inject	20378	721055
20044	21056	inject	20379	721056
20044	21057	inject	20379	721057
20044	21058	inject	20379	721058
20044	21059	inject	20379	721059
20044	21060	inject	20379	721060
20044	21061	inject	20379	721061
20044	21062	inject	20379	721062
20044	21063	inject	20379	721063
20044	21064	inject	20379	721064
20044	21065	inject	20379	721065
20044	21066	inject	20379	721066
20044	21067	inject	20379	721067
20044	21068	inject	20379	721068
20044	21069	inject	20379	721069
20044	21070	inject	20379	721070
20044	21071	inject	20379	721071
20044	21072	inject	20379	721072
20044	21073	inject	20379	721073
20044	21074	inject	20379	721074
20044	21075	inject	20379	721075
20044	21076	inject	20379	721076
20044	21077	inject	20379	721077
20044	21078	inject	20379	721078
20044	21079	inject	20379	721079
20044	21080	inject	20379	721080
20044	21081	inject	20379	721081
20044	21082	inject	20379	721082
20044	21083	inject	20379	721083
20045	21084	inject	20380	721084
20045	21085	inject	20380	721085
20045	21086	inject	20380	721086
20045	21087	inject	20380	721087
20045	21088	inject	20380	721088
20045	21089	inject	20380	721089
20045	21090	inject	20380	721090
20045	21091	inject	20380	721091
20045	21092	inject	20380	721092
20045	21093	inject	20380	721093
20045	21094	inject	20380	721094
20045	21095	inject	20380	721095
20045	21096	inject	20380	721096
20045	21097	inject	20380	721097
20045	21098	inject	20380	721098
20045	21099	inject	20380	721099
20045	21100	inject	20380	721100
20045	21101	inject	20380	721101
20045	21102	inject	20380	721102
20045	21103	inject	20380	721103
20045	21104	inject	20380	721104
20045	21105	inject	20380	721105
20045	21106	inject	20380	721106
20045	21107	inject	20380	721107
20045	21108	inject	20380	721108
20045	21109	inject	20380	721109
20045	21110	inject	20380	721110
20045	21111	inject	20380	721111
20046	21112	inject	20381	721112
20046	21113	inject	20381	721113
20046	21114	inject	20381	721114
20046	21115	inject	20381	721115
20046	21116	inject	20381	721116
20046	21117	inject	20381	721117
20046	21118	inject	20381	721118
20046	21119	inject	20381	721119
20046	21120	inject	20381	721120
20046	21121	inject	20381	721121
20046	21122	inject	20381	721122
20046	21123	inject	20381	721123
20046	21124	inject	20381	721124
20046	21125	inject	20381	721125
20046	21126	inject	20381	721126
20046	21127	inject	20381	721127
20046	21128	inject	20381	721128
20046	21129	inject	20381	721129
20046	21130	inject	20381	721130
20046	21131	inject	20381	721131
20046	21132	inject	20381	721132
20046	21133	inject	20381	721133
20046	21134	inject	20381	721134
20046	21135	inject	20381	721135
20046	21136	inject	20381	721136
20046	21137	inject	20381	721137
20046	21138	inject	20381	721138
20046	21139	inject	20381	721139
20047	21140	matched	2207	268224
20047	21141	matched	2207	268225
20047	21142	matched	2207	268226
20047	21143	matched	2207	268227
20047	21144	matched	2208	268248
20047	21145	matched	2208	268249
20047	21146	matched	2208	268250
20047	21147	matched	2207	268229
20047	21148	matched	2207	268230
20047	21149	matched	2207	268231
20047	21150	matched	2207	268232
20047	21151	matched	2208	268251
20047	21152	matched	2208	268252
20047	21153	matched	2208	268253
20047	21154	matched	2207	268234
20047	21155	matched	2207	268235
20047	21156	matched	2207	268236
20047	21157	matched	2207	268237
20047	21158	matched	2208	268254
20047	21159	matched	2208	268255
20047	21160	matched	2208	268256
20047	21161	matched	2207	268239
20047	21162	matched	2207	268232
20047	21163	matched	2207	268231
20047	21164	matched	2207	268230
20047	21165	matched	2208	268257
20047	21166	matched	2208	268258
20047	21167	matched	2208	268259
20048	21168	inject	20383	721168
20048	21169	inject	20383	721169
20048	21170	inject	20383	721170
20048	21171	inject	20383	721171
20048	21172	inject	20383	721172
20048	21173	inject	20383	721173
20048	21174	inject	20383	721174
20048	21175	inject	20383	721175
20048	21176	inject	20383	721176
20048	21177	inject	20383	721177
20048	21178	inject	20383	721178
20048	21179	inject	20383	721179
20048	21180	inject	20383	721180
20048	21181	inject	20383	721181
20048	21182	inject	20383	721182
20048	21183	inject	20383	721183
20048	21184	inject	20383	721184
20048	21185	inject	20383	721185
20048	21186	inject	20383	721186
20048	21187	inject	20383	721187
20048	21188	inject	20383	721188
20048	21189	inject	20383	721189
20048	21190	inject	20383	721190
20048	21191	inject	20383	721191
20048	21192	inject	20383	721192
20048	21193	inject	20383	721193
20048	21194	inject	20383	721194
20048	21195	inject	20383	721195
20049	21196	inject	20384	721196
20049	21197	inject	20384	721197
20049	21198	inject	20384	721198
20049	21199	inject	20384	721199
20049	21200	inject	20384	721200
20049	21201	inject	20384	721201
20049	21202	inject	20384	721202
20049	21203	inject	20384	721203
20049	21204	inject	20384	721204
20049	21205	inject	20384	721205
20049	21206	inject	20384	721206
20049	21207	inject	20384	721207
20049	21208	inject	20384	721208
20049	21209	inject	20384	721209
20049	21210	inject	20384	721210
20049	21211	inject	20384	721211
20049	21212	inject	20384	721212
20049	21213	inject	20384	721213
20049	21214	inject	20384	721214
20049	21215	inject	20384	721215
20049	21216	inject	20384	721216
20049	21217	inject	20384	721217
20049	21218	inject	20384	721218
20049	21219	inject	20384	721219
20049	21220	inject	20384	721220
20049	21221	inject	20384	721221
20049	21222	inject	20384	721222
20049	21223	inject	20384	721223
20050	21224	inject	20385	721224
20050	21225	inject	20385	721225
20050	21226	inject	20385	721226
20050	21227	inject	20385	721227
20050	21228	inject	20385	721228
20050	21229	inject	20385	721229
20050	21230	inject	20385	721230
20050	21231	inject	20385	721231
20050	21232	inject	20385	721232
20050	21233	inject	20385	721233
20050	21234	inject	20385	721234
20050	21235	inject	20385	721235
20050	21236	inject	20385	721236
20050	21237	inject	20385	721237
20050	21238	inject	20385	721238
20050	21239	inject	20385	721239
20050	21240	inject	20385	721240
20050	21241	inject	20385	721241
20050	21242	inject	20385	721242
20050	21243	inject	20385	721243
20050	21244	inject	20385	721244
20050	21245	inject	20385	721245
20050	21246	inject	20385	721246
20050	21247	inject	20385	721247
20050	21248	inject	20385	721248
20050	21249	inject	20385	721249
20050	21250	inject	20385	721250
20050	21251	inject	20385	721251
20051	21252	inject	20386	721252
20051	21253	inject	20386	721253
20051	21254	inject	20386	721254
20051	21255	inject	20386	721255
20051	21256	inject	20386	721256
20051	21257	inject	20386	721257
20051	21258	inject	20386	721258
20051	21259	inject	20386	721259
20051	21260	inject	20386	721260
20051	21261	inject	20386	721261
20051	21262	inject	20386	721262
20051	21263	inject	20386	721263
20051	21264	inject	20386	721264
20051	21265	inject	20386	721265
20051	21266	inject	20386	721266
20051	21267	inject	20386	721267
20051	21268	inject	20386	721268
20051	21269	inject	20386	721269
20051	21270	inject	20386	721270
20051	21271	inject	20386	721271
20051	21272	inject	20386	721272
20051	21273	inject	20386	721273
20051	21274	inject	20386	721274
20051	21275	inject	20386	721275
20051	21276	inject	20386	721276
20051	21277	inject	20386	721277
20051	21278	inject	20386	721278
20051	21279	inject	20386	721279
20052	21280	inject	20387	721280
20052	21281	inject	20387	721281
20052	21282	inject	20387	721282
20052	21283	inject	20387	721283
20052	21284	inject	20387	721284
20052	21285	inject	20387	721285
20052	21286	inject	20387	721286
20052	21287	inject	20387	721287
20052	21288	inject	20387	721288
20052	21289	inject	20387	721289
20052	21290	inject	20387	721290
20052	21291	inject	20387	721291
20052	21292	inject	20387	721292
20052	21293	inject	20387	721293
20052	21294	inject	20387	721294
20052	21295	inject	20387	721295
20052	21296	inject	20387	721296
20052	21297	inject	20387	721297
20052	21298	inject	20387	721298
20052	21299	inject	20387	721299
20052	21300	inject	20387	721300
20052	21301	inject	20387	721301
20052	21302	inject	20387	721302
20052	21303	inject	20387	721303
20053	21310	matched	3683	281659
20053	21311	matched	3683	281660
20053	21312	matched	3683	281659
20053	21313	matched	3683	281662
20053	21314	matched	3683	281662
20053	21315	matched	3684	281681
20053	21316	matched	3683	281663
20053	21317	matched	3683	281664
20053	21318	matched	3683	281663
20053	21319	matched	3683	281666
20053	21320	matched	3683	281666
20053	21321	matched	3684	281684
20053	21322	matched	3683	281667
20053	21323	matched	3683	281668
20053	21324	matched	3683	281669
20053	21325	matched	3683	281670
20053	21326	matched	3684	281686
20053	21327	matched	3684	281687
20053	21328	matched	3683	281671
20053	21329	matched	3683	281672
20053	21330	matched	3683	281671
20053	21331	matched	3683	281674
20053	21332	matched	3683	281674
20053	21333	matched	3684	281690
20054	21334	inject	20389	721334
20054	21335	inject	20389	721335
20054	21336	inject	20389	721336
20054	21337	inject	20389	721337
20054	21338	inject	20389	721338
20054	21339	inject	20389	721339
20054	21340	inject	20389	721340
20054	21341	inject	20389	721341
20054	21342	inject	20389	721342
20054	21343	inject	20389	721343
20054	21344	inject	20389	721344
20054	21345	inject	20389	721345
20054	21346	inject	20389	721346
20054	21347	inject	20389	721347
20054	21348	inject	20389	721348
20054	21349	inject	20389	721349
20054	21350	inject	20389	721350
20054	21351	inject	20389	721351
20054	21352	inject	20389	721352
20054	21353	inject	20389	721353
20054	21354	inject	20389	721354
20054	21355	inject	20389	721355
20054	21356	inject	20389	721356
20054	21357	inject	20389	721357
20055	21358	inject	20390	721358
20055	21359	inject	20390	721359
20055	21360	inject	20390	721360
20055	21361	inject	20390	721361
20055	21362	inject	20390	721362
20055	21363	inject	20390	721363
20055	21364	inject	20390	721364
20055	21365	inject	20390	721365
20055	21366	inject	20390	721366
20055	21367	inject	20390	721367
20055	21368	inject	20390	721368
20055	21369	inject	20390	721369
20055	21370	inject	20390	721370
20055	21371	inject	20390	721371
20055	21372	inject	20390	721372
20055	21373	inject	20390	721373
20055	21374	inject	20390	721374
20055	21375	inject	20390	721375
20055	21376	inject	20390	721376
20055	21377	inject	20390	721377
20055	21378	inject	20390	721378
20055	21379	inject	20390	721379
20055	21380	inject	20390	721380
20055	21381	inject	20390	721381
20055	21382	inject	20390	721382
20055	21383	inject	20390	721383
20055	21384	inject	20390	721384
20055	21385	inject	20390	721385
20056	21386	inject	20391	721386
20056	21387	inject	20391	721387
20056	21388	inject	20391	721388
20056	21389	inject	20391	721389
20056	21390	inject	20391	721390
20056	21391	inject	20391	721391
20056	21392	inject	20391	721392
20056	21393	inject	20391	721393
20056	21394	inject	20391	721394
20056	21395	inject	20391	721395
20056	21396	inject	20391	721396
20056	21397	inject	20391	721397
20056	21398	inject	20391	721398
20056	21399	inject	20391	721399
20056	21400	inject	20391	721400
20056	21401	inject	20391	721401
20056	21402	inject	20391	721402
20056	21403	inject	20391	721403
20056	21404	inject	20391	721404
20056	21405	inject	20391	721405
20056	21406	inject	20391	721406
20056	21407	inject	20391	721407
20056	21408	inject	20391	721408
20056	21409	inject	20391	721409
20057	21410	matched	2221	268480
20057	21411	matched	2221	268481
20057	21412	matched	2221	268482
20057	21413	matched	2221	268483
20057	21414	matched	2222	268500
20057	21415	matched	2222	268501
20057	21416	matched	2221	268484
20057	21417	matched	2221	268485
20057	21418	matched	2221	268484
20057	21419	matched	2221	268485
20057	21420	matched	2222	268502
20057	21421	matched	2222	268503
20057	21422	matched	2221	268488
20057	21423	matched	2221	268489
20057	21424	matched	2221	268490
20057	21425	matched	2221	268491
20057	21426	matched	2222	268504
20057	21427	matched	2222	268505
20057	21428	matched	2221	268492
20057	21429	matched	2221	268493
20057	21430	matched	2221	268492
20057	21431	matched	2221	268493
20057	21432	matched	2222	268506
20057	21433	matched	2222	268507
20058	21434	matched	2183	267748
20058	21435	matched	2183	267749
20058	21436	matched	2183	267750
20058	21437	matched	2183	267751
20058	21438	matched	2183	267748
20058	21439	matched	2184	267980
20058	21440	matched	2184	267981
20058	21441	matched	2183	267753
20058	21442	matched	2183	267754
20058	21443	matched	2183	267755
20058	21444	matched	2183	267754
20058	21445	matched	2183	267755
20058	21446	matched	2184	267982
20058	21447	matched	2184	267983
20058	21448	matched	2183	267758
20058	21449	matched	2183	267759
20058	21450	matched	2183	267760
20058	21451	matched	2183	267761
20058	21452	matched	2183	267760
20058	21453	matched	2184	267984
20058	21454	matched	2184	267985
20058	21455	matched	2183	267763
20058	21456	matched	2183	267764
20058	21457	matched	2183	267763
20058	21458	matched	2183	267764
20058	21459	matched	2183	267763
20058	21460	matched	2184	267986
20058	21461	matched	2184	267987
20059	21462	inject	20394	721462
20059	21463	inject	20394	721463
20059	21464	inject	20394	721464
20059	21465	inject	20394	721465
20059	21466	inject	20394	721466
20059	21467	inject	20394	721467
20059	21468	inject	20394	721468
20059	21469	inject	20394	721469
20059	21470	inject	20394	721470
20059	21471	inject	20394	721471
20059	21472	inject	20394	721472
20059	21473	inject	20394	721473
20059	21474	inject	20394	721474
20059	21475	inject	20394	721475
20059	21476	inject	20394	721476
20059	21477	inject	20394	721477
20059	21478	inject	20394	721478
20059	21479	inject	20394	721479
20059	21480	inject	20394	721480
20059	21481	inject	20394	721481
20059	21482	inject	20394	721482
20059	21483	inject	20394	721483
20059	21484	inject	20394	721484
20059	21485	inject	20394	721485
20059	21486	inject	20394	721486
20059	21487	inject	20394	721487
20059	21488	inject	20394	721488
20059	21489	inject	20394	721489
20060	21490	matched	2193	267940
20060	21491	matched	2193	267941
20060	21492	matched	2193	267942
20060	21493	matched	2193	267943
20060	21494	matched	2193	267940
20060	21495	matched	2194	267965
20060	21496	matched	2194	267966
20060	21497	matched	2193	267945
20060	21498	matched	2193	267946
20060	21499	matched	2193	267945
20060	21500	matched	2193	267948
20060	21501	matched	2193	267945
20060	21502	matched	2194	267968
20060	21503	matched	2194	267969
20060	21504	matched	2193	267950
20060	21505	matched	2193	267951
20060	21506	matched	2193	267952
20060	21507	matched	2193	267953
20060	21508	matched	2194	267970
20060	21509	matched	2194	267971
20060	21510	matched	2194	267972
20060	21511	matched	2193	267955
20060	21512	matched	2193	267956
20060	21513	matched	2193	267955
20060	21514	matched	2193	267958
20060	21515	matched	2193	267955
20060	21516	matched	2194	267974
20060	21517	matched	2194	267975
20061	21630	matched	2173	267560
20061	21631	matched	2173	267561
20061	21632	matched	2173	267562
20061	21633	matched	2173	267563
20061	21634	matched	2174	267584
20061	21635	matched	2174	267585
20061	21636	inject	20396	721636
20061	21637	matched	2173	267566
20061	21638	inject	20396	721638
20061	21639	matched	2173	267566
20061	21640	inject	20396	721640
20061	21641	matched	2174	267587
20061	21642	inject	20396	721642
20061	21643	inject	20396	721643
20061	21644	inject	20396	721644
20061	21645	inject	20396	721645
20061	21646	inject	20396	721646
20061	21647	inject	20396	721647
20061	21648	matched	2173	267575
20061	21649	matched	2173	267576
20061	21650	matched	2173	267575
20061	21651	matched	2173	267578
20061	21652	matched	2173	267575
20061	21653	matched	2174	267591
30000	120000	inject	20397	820000
30000	120001	inject	20397	820001
30000	120002	inject	20397	820002
30000	120003	inject	20397	820003
30000	120004	inject	20397	820004
30000	120005	inject	20397	820005
30000	120006	inject	20397	820006
30000	120007	inject	20397	820007
30000	120008	inject	20397	820008
30000	120009	inject	20397	820009
30000	120010	inject	20397	820010
30000	120011	inject	20397	820011
30000	120012	inject	20397	820012
30000	120013	inject	20397	820013
30000	120014	inject	20397	820014
30000	120015	inject	20397	820015
30000	120016	inject	20397	820016
30000	120017	inject	20397	820017
30000	120018	inject	20397	820018
30000	120019	inject	20397	820019
30000	120020	inject	20397	820020
30000	120021	inject	20397	820021
30000	120022	inject	20397	820022
30000	120023	inject	20397	820023
30000	120024	inject	20397	820024
30000	120025	inject	20397	820025
30000	120026	inject	20397	820026
30000	120027	inject	20397	820027
30000	120028	inject	20397	820028
30000	120029	inject	20397	820029
30000	120030	inject	20397	820030
30000	120031	inject	20397	820031
30000	120032	inject	20397	820032
30000	120033	inject	20397	820033
30000	120034	inject	20397	820034
30000	120035	inject	20397	820035
30000	120036	inject	20397	820036
30000	120037	inject	20397	820037
30000	120038	inject	20397	820038
30000	120039	inject	20397	820039
30000	120040	inject	20397	820040
30000	120041	inject	20397	820041
30000	120042	inject	20397	820042
30000	120043	inject	20397	820043
30000	120044	inject	20397	820044
30000	120045	inject	20397	820045
30000	120046	inject	20397	820046
30000	120047	inject	20397	820047
30000	120048	inject	20397	820048
30000	120049	inject	20397	820049
30000	120050	inject	20397	820050
30000	120051	inject	20397	820051
30000	120052	inject	20397	820052
30000	120053	inject	20397	820053
30000	120054	inject	20397	820054
30000	120055	inject	20397	820055
30000	120056	inject	20397	820056
30000	120057	inject	20397	820057
30000	120058	inject	20397	820058
30000	120059	inject	20397	820059
30000	120060	inject	20397	820060
30000	120061	inject	20397	820061
30000	120062	inject	20397	820062
30000	120063	inject	20397	820063
30000	120064	inject	20397	820064
30000	120065	inject	20397	820065
30000	120066	inject	20397	820066
30000	120067	inject	20397	820067
30000	120068	inject	20397	820068
30000	120069	inject	20397	820069
30000	120070	inject	20397	820070
30000	120071	inject	20397	820071
30000	120072	inject	20397	820072
30000	120073	inject	20397	820073
30000	120074	inject	20397	820074
30000	120075	inject	20397	820075
30000	120076	inject	20397	820076
30000	120077	inject	20397	820077
30000	120078	inject	20397	820078
30000	120079	inject	20397	820079
30000	120080	inject	20397	820080
30000	120081	inject	20397	820081
30000	120082	inject	20397	820082
30000	120083	inject	20397	820083
30000	120084	inject	20397	820084
30000	120085	inject	20397	820085
30000	120086	inject	20397	820086
30000	120087	inject	20397	820087
30000	120088	inject	20397	820088
30000	120089	inject	20397	820089
30000	120090	inject	20397	820090
30000	120091	inject	20397	820091
30000	120092	inject	20397	820092
30000	120093	inject	20397	820093
30000	120094	inject	20397	820094
30000	120095	inject	20397	820095
30000	120096	inject	20397	820096
30000	120097	inject	20397	820097
30000	120098	inject	20397	820098
30000	120099	inject	20397	820099
30001	120100	inject	20398	820100
30001	120101	inject	20398	820101
30001	120102	inject	20398	820102
30001	120103	inject	20398	820103
30001	120104	inject	20398	820104
30001	120105	inject	20398	820105
30001	120106	inject	20398	820106
30001	120107	inject	20398	820107
30001	120108	inject	20398	820108
30001	120109	inject	20398	820109
30001	120110	inject	20398	820110
30001	120111	inject	20398	820111
30001	120112	inject	20398	820112
30001	120113	inject	20398	820113
30001	120114	inject	20398	820114
30001	120115	inject	20398	820115
30001	120116	inject	20398	820116
30001	120117	inject	20398	820117
30001	120118	inject	20398	820118
30001	120119	inject	20398	820119
30001	120120	inject	20398	820120
30001	120121	inject	20398	820121
30001	120122	inject	20398	820122
30001	120123	inject	20398	820123
30001	120124	inject	20398	820124
30001	120125	inject	20398	820125
30001	120126	inject	20398	820126
30001	120127	inject	20398	820127
30001	120128	inject	20398	820128
30001	120129	inject	20398	820129
30001	120130	inject	20398	820130
30001	120131	inject	20398	820131
30001	120132	inject	20398	820132
30001	120133	inject	20398	820133
30001	120134	inject	20398	820134
30001	120135	inject	20398	820135
30001	120136	inject	20398	820136
30001	120137	inject	20398	820137
30001	120138	inject	20398	820138
30001	120139	inject	20398	820139
30001	120140	inject	20398	820140
30001	120141	inject	20398	820141
30001	120142	inject	20398	820142
30001	120143	inject	20398	820143
30001	120144	inject	20398	820144
30001	120145	inject	20398	820145
30001	120146	inject	20398	820146
30001	120147	inject	20398	820147
30001	120148	inject	20398	820148
30001	120149	inject	20398	820149
30001	120150	inject	20398	820150
30001	120151	inject	20398	820151
30001	120152	inject	20398	820152
30001	120153	inject	20398	820153
30001	120154	inject	20398	820154
30001	120155	inject	20398	820155
30001	120156	inject	20398	820156
30001	120157	inject	20398	820157
30001	120158	inject	20398	820158
30001	120159	inject	20398	820159
30001	120160	inject	20398	820160
30001	120161	inject	20398	820161
30001	120162	inject	20398	820162
30001	120163	inject	20398	820163
30001	120164	inject	20398	820164
30001	120165	inject	20398	820165
30001	120166	inject	20398	820166
30001	120167	inject	20398	820167
30001	120168	inject	20398	820168
30001	120169	inject	20398	820169
30001	120170	inject	20398	820170
30001	120171	inject	20398	820171
30001	120172	inject	20398	820172
30001	120173	inject	20398	820173
30001	120174	inject	20398	820174
30001	120175	inject	20398	820175
30001	120176	inject	20398	820176
30001	120177	inject	20398	820177
30001	120178	inject	20398	820178
30001	120179	inject	20398	820179
30001	120180	inject	20398	820180
30001	120181	inject	20398	820181
30001	120182	inject	20398	820182
30001	120183	inject	20398	820183
30001	120184	inject	20398	820184
30001	120185	matched	11	3000
30001	120186	matched	11	3000
30001	120187	matched	11	3000
30001	120188	matched	11	3000
30001	120189	matched	11	3000
30001	120190	matched	11	3000
30001	120191	matched	11	3000
30001	120192	matched	11	3000
30001	120193	matched	11	3000
30001	120194	matched	11	3000
30001	120195	matched	11	3000
30001	120196	matched	11	3000
30001	120197	matched	11	3000
30001	120198	matched	11	3000
30001	120199	matched	11	3000
30002	120200	inject	20399	820200
30002	120201	inject	20399	820201
30002	120202	inject	20399	820202
30002	120203	inject	20399	820203
30002	120204	inject	20399	820204
30002	120205	inject	20399	820205
30002	120206	inject	20399	820206
30002	120207	inject	20399	820207
30002	120208	inject	20399	820208
30002	120209	inject	20399	820209
30002	120210	inject	20399	820210
30002	120211	inject	20399	820211
30002	120212	inject	20399	820212
30002	120213	inject	20399	820213
30002	120214	inject	20399	820214
30002	120215	inject	20399	820215
30002	120216	inject	20399	820216
30002	120217	inject	20399	820217
30002	120218	inject	20399	820218
30002	120219	inject	20399	820219
30002	120220	inject	20399	820220
30002	120221	inject	20399	820221
30002	120222	inject	20399	820222
30002	120223	inject	20399	820223
30002	120224	inject	20399	820224
30002	120225	inject	20399	820225
30002	120226	inject	20399	820226
30002	120227	inject	20399	820227
30002	120228	inject	20399	820228
30002	120229	inject	20399	820229
30002	120230	inject	20399	820230
30002	120231	inject	20399	820231
30002	120232	inject	20399	820232
30002	120233	inject	20399	820233
30002	120234	inject	20399	820234
30002	120235	inject	20399	820235
30002	120236	inject	20399	820236
30002	120237	inject	20399	820237
30002	120238	inject	20399	820238
30002	120239	inject	20399	820239
30002	120240	inject	20399	820240
30002	120241	inject	20399	820241
30002	120242	inject	20399	820242
30002	120243	inject	20399	820243
30002	120244	inject	20399	820244
30002	120245	inject	20399	820245
30002	120246	inject	20399	820246
30002	120247	inject	20399	820247
30002	120248	inject	20399	820248
30002	120249	inject	20399	820249
30002	120250	inject	20399	820250
30002	120251	inject	20399	820251
30002	120252	inject	20399	820252
30002	120253	inject	20399	820253
30002	120254	inject	20399	820254
30002	120255	inject	20399	820255
30002	120256	inject	20399	820256
30002	120257	inject	20399	820257
30002	120258	inject	20399	820258
30002	120259	inject	20399	820259
30002	120260	inject	20399	820260
30002	120261	inject	20399	820261
30002	120262	inject	20399	820262
30002	120263	inject	20399	820263
30002	120264	inject	20399	820264
30002	120265	inject	20399	820265
30002	120266	inject	20399	820266
30002	120267	inject	20399	820267
30002	120268	inject	20399	820268
30002	120269	matched	2268	331246
30002	120270	matched	2268	331247
30002	120271	matched	2268	331248
30002	120272	inject	20399	820272
30002	120273	inject	20399	820273
30002	120274	inject	20399	820274
30002	120275	inject	20399	820275
30002	120276	inject	20399	820276
30002	120277	inject	20399	820277
30002	120278	inject	20399	820278
30002	120279	inject	20399	820279
30002	120280	inject	20399	820280
30002	120281	inject	20399	820281
30002	120282	inject	20399	820282
30002	120283	inject	20399	820283
30002	120284	inject	20399	820284
30002	120285	inject	20399	820285
30002	120286	inject	20399	820286
30002	120287	inject	20399	820287
30002	120288	inject	20399	820288
30002	120289	inject	20399	820289
30002	120290	inject	20399	820290
30002	120291	inject	20399	820291
30002	120292	inject	20399	820292
30002	120293	inject	20399	820293
30002	120294	inject	20399	820294
30002	120295	inject	20399	820295
30002	120296	inject	20399	820296
30002	120297	matched	11	3000
30002	120298	matched	11	3000
30002	120299	matched	11	3000
30003	120300	inject	20400	820300
30003	120301	inject	20400	820301
30003	120302	inject	20400	820302
30003	120303	matched	11	3000
30003	120304	matched	11	3000
30003	120305	matched	11	3000
30003	120306	matched	11	3000
30003	120307	matched	11	3000
30003	120308	matched	11	3000
30003	120309	matched	11	3000
30003	120310	matched	11	3000
30003	120311	matched	11	3000
30003	120312	matched	11	3000
30003	120313	matched	11	3000
30003	120314	matched	11	3000
30003	120315	matched	11	3000
30003	120316	matched	11	3000
30003	120317	matched	11	3000
30003	120318	matched	11	3000
30003	120319	matched	11	3000
30003	120320	matched	11	3000
30003	120321	matched	11	3000
30003	120322	matched	11	3000
30003	120323	matched	11	3000
30003	120324	matched	11	3000
30003	120325	matched	11	3000
30003	120326	matched	11	3000
30003	120327	matched	11	3000
30003	120328	matched	11	3000
30003	120329	matched	11	3000
30003	120330	matched	11	3000
30003	120331	matched	11	3000
30003	120332	matched	11	3000
30003	120333	matched	11	3000
30003	120334	matched	11	3000
30003	120335	matched	11	3000
30003	120336	matched	11	3000
30003	120337	matched	11	3000
30003	120338	matched	11	3000
30003	120339	matched	11	3000
30003	120340	matched	11	3000
30003	120341	matched	11	3000
30003	120342	matched	11	3000
30003	120343	matched	11	3000
30003	120344	matched	11	3000
30003	120345	matched	11	3000
30003	120346	matched	11	3000
30003	120347	matched	11	3000
30003	120348	matched	11	3000
30003	120349	matched	11	3000
30003	120350	matched	11	3000
30003	120351	matched	11	3000
30003	120352	matched	11	3000
30003	120353	matched	11	3000
30003	120354	matched	11	3000
30003	120355	matched	11	3000
30003	120356	matched	11	3000
30003	120357	matched	11	3000
30003	120358	matched	11	3000
30003	120359	matched	11	3000
30003	120360	matched	11	3000
30003	120361	matched	11	3000
30003	120362	matched	11	3000
30003	120363	matched	11	3000
30003	120364	matched	11	3000
30003	120365	matched	11	3000
30003	120366	matched	11	3000
30003	120367	matched	11	3000
30003	120368	matched	11	3000
30003	120369	matched	11	3000
30003	120370	matched	11	3000
30003	120371	matched	11	3000
30003	120372	matched	11	3000
30003	120373	matched	11	3000
30003	120374	matched	11	3000
30003	120375	matched	11	3000
30003	120376	matched	11	3000
30003	120377	matched	11	3000
30003	120378	matched	11	3000
30003	120379	matched	11	3000
30003	120380	matched	11	3000
30003	120381	matched	11	3000
30003	120382	matched	11	3000
30003	120383	matched	11	3000
30003	120384	matched	11	3000
30003	120385	matched	11	3000
30003	120386	matched	11	3000
30003	120387	matched	11	3000
30003	120388	matched	11	3000
30003	120389	matched	11	3000
30003	120390	matched	11	3000
30003	120391	matched	11	3000
30003	120392	matched	11	3000
30003	120393	matched	11	3000
30003	120394	matched	11	3000
30003	120395	matched	11	3000
30003	120396	matched	11	3000
30003	120397	matched	11	3000
30003	120398	matched	11	3000
30003	120399	matched	11	3000
30004	120400	inject	20401	820400
30004	120401	inject	20401	820401
30004	120402	inject	20401	820402
30004	120403	inject	20401	820403
30004	120404	matched	11	3000
30004	120405	matched	11	3000
30004	120406	matched	11	3000
30004	120407	matched	11	3000
30004	120408	matched	11	3000
30004	120409	matched	11	3000
30004	120410	matched	11	3000
30004	120411	matched	11	3000
30004	120412	matched	11	3000
30004	120413	matched	11	3000
30004	120414	matched	11	3000
30004	120415	matched	11	3000
30004	120416	matched	11	3000
30004	120417	matched	11	3000
30004	120418	matched	11	3000
30004	120419	matched	11	3000
30004	120420	matched	11	3000
30004	120421	matched	11	3000
30004	120422	matched	11	3000
30004	120423	matched	11	3000
30004	120424	matched	11	3000
30004	120425	matched	11	3000
30004	120426	matched	11	3000
30004	120427	matched	11	3000
30004	120428	matched	11	3000
30004	120429	matched	11	3000
30004	120430	matched	11	3000
30004	120431	matched	11	3000
30004	120432	matched	11	3000
30004	120433	matched	11	3000
30004	120434	matched	11	3000
30004	120435	matched	11	3000
30004	120436	matched	11	3000
30004	120437	matched	11	3000
30004	120438	matched	11	3000
30004	120439	matched	11	3000
30004	120440	matched	11	3000
30004	120441	matched	11	3000
30004	120442	matched	11	3000
30004	120443	matched	11	3000
30004	120444	matched	11	3000
30004	120445	matched	11	3000
30004	120446	matched	11	3000
30004	120447	matched	11	3000
30004	120448	matched	11	3000
30004	120449	matched	11	3000
30004	120450	matched	11	3000
30004	120451	matched	11	3000
30004	120452	matched	11	3000
30004	120453	matched	11	3000
30004	120454	matched	11	3000
30004	120455	matched	11	3000
30004	120456	matched	11	3000
30004	120457	matched	11	3000
30004	120458	matched	11	3000
30004	120459	matched	11	3000
30004	120460	matched	11	3000
30004	120461	matched	11	3000
30004	120462	matched	11	3000
30004	120463	matched	11	3000
30004	120464	matched	11	3000
30004	120465	matched	11	3000
30004	120466	matched	11	3000
30004	120467	matched	11	3000
30004	120468	matched	11	3000
30004	120469	matched	11	3000
30004	120470	matched	11	3000
30004	120471	matched	11	3000
30004	120472	matched	11	3000
30004	120473	matched	11	3000
30004	120474	matched	11	3000
30004	120475	matched	11	3000
30004	120476	matched	11	3000
30004	120477	matched	11	3000
30004	120478	matched	11	3000
30004	120479	matched	11	3000
30004	120480	matched	11	3000
30004	120481	matched	11	3000
30004	120482	matched	11	3000
30004	120483	matched	11	3000
30004	120484	matched	11	3000
30004	120485	matched	11	3000
30004	120486	matched	11	3000
30004	120487	matched	11	3000
30004	120488	matched	11	3000
30004	120489	matched	11	3000
30004	120490	matched	11	3000
30004	120491	matched	11	3000
30004	120492	matched	11	3000
30004	120493	matched	11	3000
30004	120494	matched	11	3000
30004	120495	matched	11	3000
30004	120496	matched	11	3000
30004	120497	matched	11	3000
30004	120498	matched	11	3000
30004	120499	matched	11	3000
30005	120500	inject	20402	820500
30005	120501	inject	20402	820501
30005	120502	inject	20402	820502
30005	120503	inject	20402	820503
30005	120504	inject	20402	820504
30005	120505	inject	20402	820505
30005	120506	matched	11	3000
30005	120507	matched	11	3000
30005	120508	matched	11	3000
30005	120509	matched	11	3000
30005	120510	matched	11	3000
30005	120511	matched	11	3000
30005	120512	matched	11	3000
30005	120513	matched	11	3000
30005	120514	matched	11	3000
30005	120515	matched	11	3000
30005	120516	matched	11	3000
30005	120517	matched	11	3000
30005	120518	matched	11	3000
30005	120519	matched	11	3000
30005	120520	matched	11	3000
30005	120521	matched	11	3000
30005	120522	matched	11	3000
30005	120523	matched	11	3000
30005	120524	matched	11	3000
30005	120525	matched	11	3000
30005	120526	matched	11	3000
30005	120527	matched	11	3000
30005	120528	matched	11	3000
30005	120529	matched	11	3000
30005	120530	matched	11	3000
30005	120531	matched	11	3000
30005	120532	matched	11	3000
30005	120533	matched	11	3000
30005	120534	matched	11	3000
30005	120535	matched	11	3000
30005	120536	matched	11	3000
30005	120537	matched	11	3000
30005	120538	matched	11	3000
30005	120539	matched	11	3000
30005	120540	matched	11	3000
30005	120541	matched	11	3000
30005	120542	matched	11	3000
30005	120543	matched	11	3000
30005	120544	matched	11	3000
30005	120545	matched	11	3000
30005	120546	matched	11	3000
30005	120547	matched	11	3000
30005	120548	matched	11	3000
30005	120549	matched	11	3000
30005	120550	matched	11	3000
30005	120551	matched	11	3000
30005	120552	matched	11	3000
30005	120553	matched	11	3000
30005	120554	matched	11	3000
30005	120555	matched	11	3000
30005	120556	matched	11	3000
30005	120557	matched	11	3000
30005	120558	matched	11	3000
30005	120559	matched	11	3000
30005	120560	matched	11	3000
30005	120561	matched	11	3000
30005	120562	matched	11	3000
30005	120563	matched	11	3000
30005	120564	matched	11	3000
30005	120565	matched	11	3000
30005	120566	matched	11	3000
30005	120567	matched	11	3000
30005	120568	matched	11	3000
30005	120569	matched	11	3000
30005	120570	matched	11	3000
30005	120571	matched	11	3000
30005	120572	matched	11	3000
30005	120573	matched	11	3000
30005	120574	matched	11	3000
30005	120575	matched	11	3000
30005	120576	matched	11	3000
30005	120577	matched	11	3000
30005	120578	matched	11	3000
30005	120579	matched	11	3000
30005	120580	matched	11	3000
30005	120581	matched	11	3000
30005	120582	matched	11	3000
30005	120583	matched	11	3000
30005	120584	matched	11	3000
30005	120585	matched	11	3000
30005	120586	matched	11	3000
30005	120587	matched	11	3000
30005	120588	matched	11	3000
30005	120589	matched	11	3000
30005	120590	matched	11	3000
30005	120591	matched	11	3000
30005	120592	matched	11	3000
30005	120593	matched	11	3000
30005	120594	matched	11	3000
30005	120595	matched	11	3000
30005	120596	matched	11	3000
30005	120597	matched	11	3000
30005	120598	matched	11	3000
30005	120599	matched	11	3000
30006	120600	inject	20403	820600
30006	120601	inject	20403	820601
30006	120602	inject	20403	820602
30006	120603	inject	20403	820603
30006	120604	inject	20403	820604
30006	120605	inject	20403	820605
30006	120606	inject	20403	820606
30006	120607	inject	20403	820607
30006	120608	inject	20403	820608
30006	120609	matched	11	3000
30006	120610	matched	11	3000
30006	120611	matched	11	3000
30006	120612	matched	11	3000
30006	120613	matched	11	3000
30006	120614	matched	11	3000
30006	120615	matched	11	3000
30006	120616	matched	11	3000
30006	120617	matched	11	3000
30006	120618	matched	11	3000
30006	120619	matched	11	3000
30006	120620	matched	11	3000
30006	120621	matched	11	3000
30006	120622	matched	11	3000
30006	120623	matched	11	3000
30006	120624	matched	11	3000
30006	120625	matched	11	3000
30006	120626	matched	11	3000
30006	120627	matched	11	3000
30006	120628	matched	11	3000
30006	120629	matched	11	3000
30006	120630	matched	11	3000
30006	120631	matched	11	3000
30006	120632	matched	11	3000
30006	120633	matched	11	3000
30006	120634	matched	11	3000
30006	120635	matched	11	3000
30006	120636	matched	11	3000
30006	120637	matched	11	3000
30006	120638	matched	11	3000
30006	120639	matched	11	3000
30006	120640	matched	11	3000
30006	120641	matched	11	3000
30006	120642	matched	11	3000
30006	120643	matched	11	3000
30006	120644	matched	11	3000
30006	120645	matched	11	3000
30006	120646	matched	11	3000
30006	120647	matched	11	3000
30006	120648	matched	11	3000
30006	120649	matched	11	3000
30006	120650	matched	11	3000
30006	120651	matched	11	3000
30006	120652	matched	11	3000
30006	120653	matched	11	3000
30006	120654	matched	11	3000
30006	120655	matched	11	3000
30006	120656	matched	11	3000
30006	120657	matched	11	3000
30006	120658	matched	11	3000
30006	120659	matched	11	3000
30006	120660	matched	11	3000
30006	120661	matched	11	3000
30006	120662	matched	11	3000
30006	120663	matched	11	3000
30006	120664	matched	11	3000
30006	120665	matched	11	3000
30006	120666	matched	11	3000
30006	120667	matched	11	3000
30006	120668	matched	11	3000
30006	120669	matched	11	3000
30006	120670	matched	11	3000
30006	120671	matched	11	3000
30006	120672	matched	11	3000
30006	120673	matched	11	3000
30006	120674	matched	11	3000
30006	120675	matched	11	3000
30006	120676	matched	11	3000
30006	120677	matched	11	3000
30006	120678	matched	11	3000
30006	120679	matched	11	3000
30006	120680	matched	11	3000
30006	120681	matched	11	3000
30006	120682	matched	11	3000
30006	120683	matched	11	3000
30006	120684	matched	11	3000
30006	120685	matched	11	3000
30006	120686	matched	11	3000
30006	120687	matched	11	3000
30006	120688	matched	11	3000
30006	120689	matched	11	3000
30006	120690	matched	11	3000
30006	120691	matched	11	3000
30006	120692	matched	11	3000
30006	120693	matched	11	3000
30006	120694	matched	11	3000
30006	120695	matched	11	3000
30006	120696	matched	11	3000
30006	120697	matched	11	3000
30006	120698	matched	11	3000
30006	120699	matched	11	3000
30007	120700	inject	20404	820700
30007	120701	inject	20404	820701
30007	120702	inject	20404	820702
30007	120703	inject	20404	820703
30007	120704	inject	20404	820704
30007	120705	inject	20404	820705
30007	120706	inject	20404	820706
30007	120707	inject	20404	820707
30007	120708	inject	20404	820708
30007	120709	inject	20404	820709
30007	120710	inject	20404	820710
30007	120711	inject	20404	820711
30007	120712	inject	20404	820712
30007	120713	inject	20404	820713
30007	120714	inject	20404	820714
30007	120715	inject	20404	820715
30007	120716	inject	20404	820716
30007	120717	matched	11	3000
30007	120718	matched	11	3000
30007	120719	matched	11	3000
30007	120720	matched	11	3000
30007	120721	matched	11	3000
30007	120722	matched	11	3000
30007	120723	matched	11	3000
30007	120724	matched	11	3000
30007	120725	matched	11	3000
30007	120726	matched	11	3000
30007	120727	matched	11	3000
30007	120728	matched	11	3000
30007	120729	matched	11	3000
30007	120730	matched	11	3000
30007	120731	matched	11	3000
30007	120732	matched	11	3000
30007	120733	matched	11	3000
30007	120734	matched	11	3000
30007	120735	matched	11	3000
30007	120736	matched	11	3000
30007	120737	matched	11	3000
30007	120738	matched	11	3000
30007	120739	matched	11	3000
30007	120740	matched	11	3000
30007	120741	matched	11	3000
30007	120742	matched	11	3000
30007	120743	matched	11	3000
30007	120744	matched	11	3000
30007	120745	matched	11	3000
30007	120746	matched	11	3000
30007	120747	matched	11	3000
30007	120748	matched	11	3000
30007	120749	matched	11	3000
30007	120750	matched	11	3000
30007	120751	matched	11	3000
30007	120752	matched	11	3000
30007	120753	matched	11	3000
30007	120754	matched	11	3000
30007	120755	matched	11	3000
30007	120756	matched	11	3000
30007	120757	matched	11	3000
30007	120758	matched	11	3000
30007	120759	matched	11	3000
30007	120760	matched	11	3000
30007	120761	matched	11	3000
30007	120762	matched	11	3000
30007	120763	matched	11	3000
30007	120764	matched	11	3000
30007	120765	matched	11	3000
30007	120766	matched	11	3000
30007	120767	matched	11	3000
30007	120768	matched	11	3000
30007	120769	matched	11	3000
30007	120770	matched	11	3000
30007	120771	matched	11	3000
30007	120772	matched	11	3000
30007	120773	matched	11	3000
30007	120774	matched	11	3000
30007	120775	matched	11	3000
30007	120776	matched	11	3000
30007	120777	matched	11	3000
30007	120778	matched	11	3000
30007	120779	matched	11	3000
30007	120780	matched	11	3000
30007	120781	matched	11	3000
30007	120782	matched	11	3000
30007	120783	matched	11	3000
30007	120784	matched	11	3000
30007	120785	matched	11	3000
30007	120786	matched	11	3000
30007	120787	matched	11	3000
30007	120788	matched	11	3000
30007	120789	matched	11	3000
30007	120790	matched	11	3000
30007	120791	matched	11	3000
30007	120792	matched	11	3000
30007	120793	matched	11	3000
30007	120794	matched	11	3000
30007	120795	matched	11	3000
30007	120796	matched	11	3000
30007	120797	matched	11	3000
30007	120798	matched	11	3000
30007	120799	matched	11	3000
30008	120800	inject	20405	820800
30008	120801	inject	20405	820801
30008	120802	inject	20405	820802
30008	120803	inject	20405	820803
30008	120804	inject	20405	820804
30008	120805	inject	20405	820805
30008	120806	inject	20405	820806
30008	120807	inject	20405	820807
30008	120808	matched	11	3000
30008	120809	matched	11	3000
30008	120810	matched	11	3000
30008	120811	matched	11	3000
30008	120812	matched	11	3000
30008	120813	matched	11	3000
30008	120814	matched	11	3000
30008	120815	matched	11	3000
30008	120816	matched	11	3000
30008	120817	matched	11	3000
30008	120818	matched	11	3000
30008	120819	matched	11	3000
30008	120820	matched	11	3000
30008	120821	matched	11	3000
30008	120822	matched	11	3000
30008	120823	matched	11	3000
30008	120824	matched	11	3000
30008	120825	matched	11	3000
30008	120826	matched	11	3000
30008	120827	matched	11	3000
30008	120828	matched	11	3000
30008	120829	matched	11	3000
30008	120830	matched	11	3000
30008	120831	matched	11	3000
30008	120832	matched	11	3000
30008	120833	matched	11	3000
30008	120834	matched	11	3000
30008	120835	matched	11	3000
30008	120836	matched	11	3000
30008	120837	matched	11	3000
30008	120838	matched	11	3000
30008	120839	matched	11	3000
30008	120840	matched	11	3000
30008	120841	matched	11	3000
30008	120842	matched	11	3000
30008	120843	matched	11	3000
30008	120844	matched	11	3000
30008	120845	matched	11	3000
30008	120846	matched	11	3000
30008	120847	matched	11	3000
30008	120848	matched	11	3000
30008	120849	matched	11	3000
30008	120850	matched	11	3000
30008	120851	matched	11	3000
30008	120852	matched	11	3000
30008	120853	matched	11	3000
30008	120854	matched	11	3000
30008	120855	matched	11	3000
30008	120856	matched	11	3000
30008	120857	matched	11	3000
30008	120858	matched	11	3000
30008	120859	matched	11	3000
30008	120860	matched	11	3000
30008	120861	matched	11	3000
30008	120862	matched	11	3000
30008	120863	matched	11	3000
30008	120864	matched	11	3000
30008	120865	matched	11	3000
30008	120866	matched	11	3000
30008	120867	matched	11	3000
30008	120868	matched	11	3000
30008	120869	matched	11	3000
30008	120870	matched	11	3000
30008	120871	matched	11	3000
30008	120872	matched	11	3000
30008	120873	matched	11	3000
30008	120874	matched	11	3000
30008	120875	matched	11	3000
30008	120876	matched	11	3000
30008	120877	matched	11	3000
30008	120878	matched	11	3000
30008	120879	matched	11	3000
30008	120880	matched	11	3000
30008	120881	matched	11	3000
30008	120882	matched	11	3000
30008	120883	matched	11	3000
30008	120884	matched	11	3000
30008	120885	matched	11	3000
30008	120886	matched	11	3000
30008	120887	matched	11	3000
30008	120888	matched	11	3000
30008	120889	matched	11	3000
30008	120890	matched	11	3000
30008	120891	matched	11	3000
30008	120892	matched	11	3000
30008	120893	matched	11	3000
30008	120894	matched	11	3000
30008	120895	matched	11	3000
30008	120896	matched	11	3000
30008	120897	matched	11	3000
30008	120898	matched	11	3000
30008	120899	matched	11	3000
30009	120900	inject	20406	820900
30009	120901	inject	20406	820901
30009	120902	inject	20406	820902
30010	121000	inject	20407	821000
30010	121001	inject	20407	821001
30010	121002	inject	20407	821002
30010	121003	inject	20407	821003
30010	121004	matched	11	3000
30010	121005	matched	11	3000
30010	121006	matched	11	3000
30010	121007	matched	11	3000
30010	121008	matched	11	3000
30010	121009	matched	11	3000
30010	121010	matched	11	3000
30010	121011	matched	11	3000
30010	121012	matched	11	3000
30010	121013	matched	11	3000
30010	121014	matched	11	3000
30010	121015	matched	11	3000
30010	121016	matched	11	3000
30010	121017	matched	11	3000
30010	121018	matched	11	3000
30010	121019	matched	11	3000
30010	121020	matched	11	3000
30010	121021	matched	11	3000
30010	121022	matched	11	3000
30010	121023	matched	11	3000
30010	121024	matched	11	3000
30010	121025	matched	11	3000
30010	121026	matched	11	3000
30010	121027	matched	11	3000
30010	121028	matched	11	3000
30010	121029	matched	11	3000
30010	121030	matched	11	3000
30010	121031	matched	11	3000
30010	121032	matched	11	3000
30010	121033	matched	11	3000
30010	121034	matched	11	3000
30010	121035	matched	11	3000
30010	121036	matched	11	3000
30010	121037	matched	11	3000
30010	121038	matched	11	3000
30010	121039	matched	11	3000
30010	121040	matched	11	3000
30010	121041	matched	11	3000
30010	121042	matched	11	3000
30010	121043	matched	11	3000
30010	121044	matched	11	3000
30010	121045	matched	11	3000
30010	121046	matched	11	3000
30010	121047	matched	11	3000
30010	121048	matched	11	3000
30010	121049	matched	11	3000
30010	121050	matched	11	3000
30010	121051	matched	11	3000
30010	121052	matched	11	3000
30010	121053	matched	11	3000
30010	121054	matched	11	3000
30010	121055	matched	11	3000
30010	121056	matched	11	3000
30010	121057	matched	11	3000
30010	121058	matched	11	3000
30010	121059	matched	11	3000
30010	121060	matched	11	3000
30010	121061	matched	11	3000
30010	121062	matched	11	3000
30010	121063	matched	11	3000
30010	121064	matched	11	3000
30010	121065	matched	11	3000
30010	121066	matched	11	3000
30010	121067	matched	11	3000
30010	121068	matched	11	3000
30010	121069	matched	11	3000
30010	121070	matched	11	3000
30010	121071	matched	11	3000
30010	121072	matched	11	3000
30010	121073	matched	11	3000
30010	121074	matched	11	3000
30010	121075	matched	11	3000
30010	121076	matched	11	3000
30010	121077	matched	11	3000
30010	121078	matched	11	3000
30010	121079	matched	11	3000
30010	121080	matched	11	3000
30010	121081	matched	11	3000
30010	121082	matched	11	3000
30010	121083	matched	11	3000
30010	121084	matched	11	3000
30010	121085	matched	11	3000
30010	121086	matched	11	3000
30010	121087	matched	11	3000
30010	121088	matched	11	3000
30010	121089	matched	11	3000
30010	121090	matched	11	3000
30010	121091	matched	11	3000
30010	121092	matched	11	3000
30010	121093	matched	11	3000
30010	121094	matched	11	3000
30010	121095	matched	11	3000
30010	121096	matched	11	3000
30010	121097	matched	11	3000
30010	121098	matched	11	3000
30010	121099	matched	11	3000
30011	121100	matched	2274	331808
30011	121101	matched	2277	332138
30011	121102	inject	20408	821102
30011	121103	inject	20408	821103
30011	121104	inject	20408	821104
30011	121105	inject	20408	821105
30011	121106	inject	20408	821106
30011	121107	inject	20408	821107
30011	121108	inject	20408	821108
30011	121109	inject	20408	821109
30011	121110	inject	20408	821110
30011	121111	inject	20408	821111
30011	121112	inject	20408	821112
30011	121113	inject	20408	821113
30011	121114	inject	20408	821114
30011	121115	inject	20408	821115
30011	121116	inject	20408	821116
30011	121117	inject	20408	821117
30011	121118	inject	20408	821118
30011	121119	inject	20408	821119
30011	121120	inject	20408	821120
30011	121121	inject	20408	821121
30011	121122	inject	20408	821122
30011	121123	inject	20408	821123
30011	121124	inject	20408	821124
30011	121125	inject	20408	821125
30011	121126	inject	20408	821126
30011	121127	inject	20408	821127
30011	121128	inject	20408	821128
30011	121129	inject	20408	821129
30011	121130	inject	20408	821130
30011	121131	inject	20408	821131
30011	121132	inject	20408	821132
30011	121133	inject	20408	821133
30011	121134	inject	20408	821134
30011	121135	inject	20408	821135
30011	121136	inject	20408	821136
30011	121137	inject	20408	821137
30011	121138	inject	20408	821138
30011	121139	inject	20408	821139
30011	121140	inject	20408	821140
30011	121141	inject	20408	821141
30011	121142	inject	20408	821142
30011	121143	inject	20408	821143
30011	121144	inject	20408	821144
30011	121145	inject	20408	821145
30011	121146	inject	20408	821146
30011	121147	inject	20408	821147
30011	121148	inject	20408	821148
30011	121149	inject	20408	821149
30011	121150	inject	20408	821150
30011	121151	inject	20408	821151
30011	121152	inject	20408	821152
30011	121153	inject	20408	821153
30011	121154	inject	20408	821154
30011	121155	inject	20408	821155
30011	121156	inject	20408	821156
30011	121157	matched	11	3000
30011	121158	matched	11	3000
30011	121159	matched	11	3000
30011	121160	matched	11	3000
30011	121161	inject	20408	821161
30011	121162	matched	11	3000
30011	121163	matched	11	3000
30011	121164	matched	11	3000
30011	121165	matched	11	3000
30011	121166	matched	11	3000
30011	121167	matched	11	3000
30011	121168	matched	11	3000
30011	121169	matched	11	3000
30011	121170	matched	11	3000
30011	121171	matched	11	3000
30011	121172	matched	11	3000
30011	121173	matched	11	3000
30011	121174	matched	11	3000
30011	121175	matched	11	3000
30011	121176	matched	11	3000
30011	121177	matched	11	3000
30011	121178	matched	11	3000
30011	121179	matched	11	3000
30011	121180	matched	11	3000
30011	121181	matched	11	3000
30011	121182	matched	11	3000
30011	121183	matched	11	3000
30011	121184	matched	11	3000
30011	121185	matched	11	3000
30011	121186	matched	11	3000
30011	121187	matched	11	3000
30011	121188	matched	11	3000
30011	121189	matched	11	3000
30011	121190	matched	11	3000
30011	121191	matched	11	3000
30011	121192	matched	11	3000
30011	121193	matched	11	3000
30011	121194	matched	11	3000
30011	121195	matched	11	3000
30011	121196	matched	11	3000
30011	121197	matched	11	3000
30011	121198	matched	11	3000
30011	121199	matched	11	3000
30012	121200	inject	20409	821200
30012	121201	inject	20409	821201
30012	121202	inject	20409	821202
30012	121203	inject	20409	821203
30012	121204	inject	20409	821204
30012	121205	inject	20409	821205
30012	121206	inject	20409	821206
30012	121207	inject	20409	821207
30012	121208	inject	20409	821208
30012	121209	inject	20409	821209
30012	121210	inject	20409	821210
30012	121211	inject	20409	821211
30012	121212	inject	20409	821212
30012	121213	inject	20409	821213
30012	121214	inject	20409	821214
30012	121215	inject	20409	821215
30012	121216	inject	20409	821216
30012	121217	inject	20409	821217
30012	121218	inject	20409	821218
30012	121219	inject	20409	821219
30012	121220	inject	20409	821220
30012	121221	inject	20409	821221
30012	121222	inject	20409	821222
30012	121223	inject	20409	821223
30012	121224	inject	20409	821224
30012	121225	inject	20409	821225
30012	121226	inject	20409	821226
30012	121227	inject	20409	821227
30012	121228	inject	20409	821228
30012	121229	inject	20409	821229
30012	121230	inject	20409	821230
30012	121231	inject	20409	821231
30012	121232	inject	20409	821232
30012	121233	inject	20409	821233
30012	121234	matched	2322	621225
30012	121235	inject	20409	821235
30012	121236	inject	20409	821236
30012	121237	inject	20409	821237
30012	121238	inject	20409	821238
30012	121239	inject	20409	821239
30012	121240	inject	20409	821240
30012	121241	inject	20409	821241
30012	121242	inject	20409	821242
30012	121243	inject	20409	821243
30012	121244	inject	20409	821244
30012	121245	inject	20409	821245
30012	121246	inject	20409	821246
30012	121247	inject	20409	821247
30012	121248	inject	20409	821248
30012	121249	inject	20409	821249
30012	121250	inject	20409	821250
30012	121251	inject	20409	821251
30012	121252	inject	20409	821252
30012	121253	inject	20409	821253
30012	121254	inject	20409	821254
30012	121255	inject	20409	821255
30012	121256	inject	20409	821256
30012	121257	inject	20409	821257
30012	121258	inject	20409	821258
30012	121259	inject	20409	821259
30012	121260	inject	20409	821260
30012	121261	inject	20409	821261
30012	121262	matched	2322	621234
30012	121263	matched	2322	621235
30012	121264	inject	20409	821264
30012	121265	inject	20409	821265
30012	121266	inject	20409	821266
30012	121267	inject	20409	821267
30012	121268	matched	11	3000
30012	121269	matched	11	3000
30012	121270	matched	11	3000
30012	121271	matched	11	3000
30012	121272	matched	11	3000
30012	121273	matched	11	3000
30012	121274	matched	11	3000
30012	121275	matched	11	3000
30012	121276	matched	11	3000
30012	121277	matched	11	3000
30012	121278	matched	11	3000
30012	121279	matched	11	3000
30012	121280	matched	11	3000
30012	121281	matched	11	3000
30012	121282	matched	11	3000
30012	121283	matched	11	3000
30012	121284	matched	11	3000
30012	121285	matched	11	3000
30012	121286	matched	11	3000
30012	121287	matched	11	3000
30012	121288	matched	11	3000
30012	121289	matched	11	3000
30012	121290	matched	11	3000
30012	121291	matched	11	3000
30012	121292	matched	11	3000
30012	121293	matched	11	3000
30012	121294	matched	11	3000
30012	121295	matched	11	3000
30012	121296	matched	11	3000
30012	121297	matched	11	3000
30012	121298	matched	11	3000
30012	121299	matched	11	3000
30013	121300	inject	20410	821300
30013	121301	inject	20410	821301
30013	121302	inject	20410	821302
30013	121303	inject	20410	821303
30013	121304	inject	20410	821304
30013	121305	inject	20410	821305
30013	121306	inject	20410	821306
30013	121307	inject	20410	821307
30013	121308	inject	20410	821308
30013	121309	inject	20410	821309
30013	121310	inject	20410	821310
30013	121311	inject	20410	821311
30013	121312	inject	20410	821312
30013	121313	inject	20410	821313
30013	121314	inject	20410	821314
30013	121315	inject	20410	821315
30013	121316	inject	20410	821316
30013	121317	inject	20410	821317
30013	121318	inject	20410	821318
30013	121319	inject	20410	821319
30013	121320	inject	20410	821320
30013	121321	inject	20410	821321
30013	121322	inject	20410	821322
30013	121323	inject	20410	821323
30013	121324	inject	20410	821324
30013	121325	inject	20410	821325
30013	121326	inject	20410	821326
30013	121327	inject	20410	821327
30013	121328	inject	20410	821328
30013	121329	inject	20410	821329
30013	121330	inject	20410	821330
30013	121331	inject	20410	821331
30013	121332	inject	20410	821332
30013	121333	inject	20410	821333
30013	121334	inject	20410	821334
30013	121335	inject	20410	821335
30013	121336	inject	20410	821336
30013	121337	inject	20410	821337
30013	121338	inject	20410	821338
30013	121339	inject	20410	821339
30013	121340	inject	20410	821340
30013	121341	inject	20410	821341
30013	121342	inject	20410	821342
30013	121343	inject	20410	821343
30013	121344	inject	20410	821344
30013	121345	inject	20410	821345
30013	121346	inject	20410	821346
30013	121347	inject	20410	821347
30013	121348	inject	20410	821348
30013	121349	inject	20410	821349
30013	121350	inject	20410	821350
30013	121351	inject	20410	821351
30013	121352	inject	20410	821352
30013	121353	inject	20410	821353
30013	121354	inject	20410	821354
30013	121355	inject	20410	821355
30013	121356	inject	20410	821356
30013	121357	inject	20410	821357
30013	121358	inject	20410	821358
30013	121359	inject	20410	821359
30013	121360	matched	11	3000
30013	121361	matched	11	3000
30013	121362	matched	11	3000
30013	121363	matched	11	3000
30013	121364	matched	11	3000
30013	121365	matched	11	3000
30013	121366	matched	11	3000
30013	121367	matched	11	3000
30013	121368	matched	11	3000
30013	121369	matched	11	3000
30013	121370	matched	11	3000
30013	121371	matched	11	3000
30013	121372	matched	11	3000
30013	121373	matched	11	3000
30013	121374	matched	11	3000
30013	121375	matched	11	3000
30013	121376	matched	11	3000
30013	121377	matched	11	3000
30013	121378	matched	11	3000
30013	121379	matched	11	3000
30013	121380	matched	11	3000
30013	121381	matched	11	3000
30013	121382	matched	11	3000
30013	121383	matched	11	3000
30013	121384	matched	11	3000
30013	121385	matched	11	3000
30013	121386	matched	11	3000
30013	121387	matched	11	3000
30013	121388	matched	11	3000
30013	121389	matched	11	3000
30013	121390	matched	11	3000
30013	121391	matched	11	3000
30013	121392	matched	11	3000
30013	121393	matched	11	3000
30013	121394	matched	11	3000
30013	121395	matched	11	3000
30013	121396	matched	11	3000
30013	121397	matched	11	3000
30013	121398	matched	11	3000
30013	121399	matched	11	3000
40000	10000	inject	20411	710000
40000	10001	inject	20411	710001
40000	10002	inject	20411	710002
40000	10003	inject	20411	710003
40000	10004	inject	20411	710004
40000	10005	inject	20411	710005
40000	10006	inject	20411	710006
40000	10007	inject	20411	710007
40000	10008	inject	20411	710008
40000	10010	inject	20411	710010
40000	10011	inject	20411	710011
40000	10012	inject	20411	710012
40000	10013	inject	20411	710013
40000	10014	inject	20411	710014
40000	10015	inject	20411	710015
40000	10016	inject	20411	710016
40000	10017	inject	20411	710017
40000	10018	inject	20411	710018
40000	10020	inject	20411	710020
40000	10021	inject	20411	710021
40000	10022	inject	20411	710022
40000	10023	inject	20411	710023
40000	10024	inject	20411	710024
40000	10025	inject	20411	710025
40000	10026	inject	20411	710026
40000	10027	inject	20411	710027
40000	10028	inject	20411	710028
40000	10030	inject	20411	710030
40000	10031	inject	20411	710031
40000	10032	inject	20411	710032
40000	10033	inject	20411	710033
40000	10034	inject	20411	710034
40000	10035	inject	20411	710035
40000	10036	inject	20411	710036
40000	10037	inject	20411	710037
40000	10038	inject	20411	710038
40000	10040	inject	20411	710040
40000	10041	inject	20411	710041
40000	10042	inject	20411	710042
40000	10043	inject	20411	710043
40000	10044	inject	20411	710044
40000	10045	inject	20411	710045
40000	10046	inject	20411	710046
40000	10047	inject	20411	710047
40000	10048	inject	20411	710048
40000	10050	inject	20411	710050
40000	10051	inject	20411	710051
40000	10052	inject	20411	710052
40000	10053	inject	20411	710053
40000	10054	inject	20411	710054
40000	10055	inject	20411	710055
40000	10056	inject	20411	710056
40000	10057	inject	20411	710057
40000	10058	inject	20411	710058
40000	10060	inject	20411	710060
40000	10061	inject	20411	710061
40000	10062	inject	20411	710062
40000	10063	inject	20411	710063
40000	10064	inject	20411	710064
40000	10065	inject	20411	710065
40000	10066	inject	20411	710066
40000	10067	inject	20411	710067
40000	10070	inject	20411	710070
40000	10071	inject	20411	710071
40000	10072	inject	20411	710072
40000	10073	inject	20411	710073
40000	10074	inject	20411	710074
40000	10075	inject	20411	710075
40000	10076	inject	20411	710076
40000	10077	inject	20411	710077
40000	10080	inject	20411	710080
40000	10081	inject	20411	710081
40000	10082	inject	20411	710082
40000	10083	inject	20411	710083
40001	10200	inject	20412	710200
40001	10201	inject	20412	710201
40001	10202	inject	20412	710202
40001	10203	inject	20412	710203
40001	10204	inject	20412	710204
40001	10205	inject	20412	710205
40001	10206	inject	20412	710206
40001	10207	inject	20412	710207
40001	10208	inject	20412	710208
40001	10210	inject	20412	710210
40001	10211	inject	20412	710211
40001	10212	inject	20412	710212
40001	10213	inject	20412	710213
40001	10214	inject	20412	710214
40001	10215	inject	20412	710215
40001	10216	inject	20412	710216
40001	10217	inject	20412	710217
40001	10218	inject	20412	710218
40001	10220	inject	20412	710220
40001	10221	inject	20412	710221
40001	10222	inject	20412	710222
40001	10223	inject	20412	710223
40001	10224	inject	20412	710224
40001	10225	inject	20412	710225
40001	10226	inject	20412	710226
40001	10227	inject	20412	710227
40001	10228	inject	20412	710228
40001	10230	inject	20412	710230
40001	10231	inject	20412	710231
40001	10232	inject	20412	710232
40001	10233	inject	20412	710233
40001	10234	inject	20412	710234
40001	10235	inject	20412	710235
40001	10236	inject	20412	710236
40001	10237	inject	20412	710237
40001	10238	inject	20412	710238
40001	10240	inject	20412	710240
40001	10241	inject	20412	710241
40001	10242	inject	20412	710242
40001	10243	inject	20412	710243
40001	10244	inject	20412	710244
40001	10245	inject	20412	710245
40002	10246	inject	20413	710246
40002	10247	inject	20413	710247
40002	10248	inject	20413	710248
40002	10249	inject	20413	710249
40002	10250	inject	20413	710250
40002	10251	inject	20413	710251
40002	10252	inject	20413	710252
40002	10253	inject	20413	710253
40002	10254	inject	20413	710254
40002	10255	inject	20413	710255
40002	10256	inject	20413	710256
40002	10257	inject	20413	710257
40002	10258	inject	20413	710258
40002	10259	inject	20413	710259
40002	10260	inject	20413	710260
40002	10261	inject	20413	710261
40002	10262	inject	20413	710262
40002	10263	inject	20413	710263
40002	10264	inject	20413	710264
40002	10265	inject	20413	710265
40002	10266	inject	20413	710266
40002	10267	inject	20413	710267
40002	10268	inject	20413	710268
40002	10269	inject	20413	710269
40002	10270	inject	20413	710270
40002	10271	inject	20413	710271
40002	10272	inject	20413	710272
40002	10273	inject	20413	710273
40002	10274	inject	20413	710274
40002	10275	inject	20413	710275
40002	10276	inject	20413	710276
40002	10277	inject	20413	710277
40002	10278	inject	20413	710278
40002	10279	inject	20413	710279
40002	10280	inject	20413	710280
40002	10281	inject	20413	710281
40002	10282	inject	20413	710282
40002	10283	inject	20413	710283
40002	10284	inject	20413	710284
40002	10285	inject	20413	710285
40002	10286	inject	20413	710286
40002	10287	inject	20413	710287
40002	10288	inject	20413	710288
40002	10289	inject	20413	710289
40002	10290	inject	20413	710290
40002	10291	inject	20413	710291
40002	10292	inject	20413	710292
40002	10293	inject	20413	710293
40002	10294	inject	20413	710294
40002	10295	inject	20413	710295
40002	10296	inject	20413	710296
40002	10297	inject	20413	710297
40002	10298	inject	20413	710298
40002	10299	inject	20413	710299
40002	10300	inject	20413	710300
40002	10301	inject	20413	710301
40002	10302	inject	20413	710302
40002	10303	inject	20413	710303
40002	10304	inject	20413	710304
40002	10305	inject	20413	710305
40002	10306	inject	20413	710306
40002	10307	inject	20413	710307
40002	10308	inject	20413	710308
40002	10309	inject	20413	710309
40002	10310	inject	20413	710310
40002	10311	inject	20413	710311
40002	10312	inject	20413	710312
40002	10313	inject	20413	710313
40002	10314	inject	20413	710314
40002	10315	inject	20413	710315
40002	10316	inject	20413	710316
40002	10317	inject	20413	710317
40002	10318	inject	20413	710318
40002	10319	inject	20413	710319
40002	10320	inject	20413	710320
40002	10321	inject	20413	710321
40002	10322	inject	20413	710322
40002	10323	inject	20413	710323
40002	10324	inject	20413	710324
40002	10325	inject	20413	710325
40002	10326	inject	20413	710326
40002	10327	inject	20413	710327
40002	10328	inject	20413	710328
40002	10329	inject	20413	710329
40002	10330	inject	20413	710330
40002	10331	inject	20413	710331
40002	10332	inject	20413	710332
40002	10333	inject	20413	710333
40002	10334	inject	20413	710334
40002	10335	inject	20413	710335
40002	10336	inject	20413	710336
40002	10337	inject	20413	710337
40002	10338	inject	20413	710338
40002	10339	inject	20413	710339
40002	10340	inject	20413	710340
40002	10341	inject	20413	710341
40002	10342	inject	20413	710342
40002	10343	inject	20413	710343
40002	10344	inject	20413	710344
40002	10345	inject	20413	710345
40003	10346	inject	20414	710346
40003	10347	inject	20414	710347
40003	10348	inject	20414	710348
40003	10349	inject	20414	710349
40003	10350	inject	20414	710350
40003	10351	inject	20414	710351
40003	10352	inject	20414	710352
40003	10353	inject	20414	710353
40003	10354	inject	20414	710354
40003	10355	inject	20414	710355
40003	10356	inject	20414	710356
40003	10357	inject	20414	710357
40003	10358	inject	20414	710358
40003	10359	inject	20414	710359
40003	10360	inject	20414	710360
40003	10361	inject	20414	710361
40003	10362	inject	20414	710362
40003	10363	inject	20414	710363
40003	10364	inject	20414	710364
40003	10365	inject	20414	710365
40003	10366	inject	20414	710366
40003	10367	inject	20414	710367
40003	10368	inject	20414	710368
40003	10369	inject	20414	710369
40003	10370	inject	20414	710370
40003	10371	inject	20414	710371
40003	10372	inject	20414	710372
40003	10373	inject	20414	710373
40003	10374	inject	20414	710374
40003	10375	inject	20414	710375
40003	10376	inject	20414	710376
40003	10377	inject	20414	710377
40003	10378	inject	20414	710378
40003	10379	inject	20414	710379
40003	10380	inject	20414	710380
40003	10381	inject	20414	710381
40003	10382	inject	20414	710382
40003	10383	inject	20414	710383
40003	10384	inject	20414	710384
40003	10385	inject	20414	710385
40003	10386	inject	20414	710386
40003	10387	inject	20414	710387
40003	10388	inject	20414	710388
40003	10389	inject	20414	710389
40003	10390	inject	20414	710390
40003	10391	inject	20414	710391
40003	10392	inject	20414	710392
40003	10393	inject	20414	710393
40003	10394	inject	20414	710394
40003	10395	inject	20414	710395
40003	10396	inject	20414	710396
40003	10397	inject	20414	710397
40003	10398	inject	20414	710398
40003	10399	inject	20414	710399
40003	10400	inject	20414	710400
40003	10401	inject	20414	710401
40003	10402	inject	20414	710402
40003	10403	inject	20414	710403
40003	10404	inject	20414	710404
40003	10405	inject	20414	710405
40003	10406	inject	20414	710406
40003	10407	inject	20414	710407
40003	10408	inject	20414	710408
40003	10409	inject	20414	710409
40003	10410	inject	20414	710410
40003	10411	inject	20414	710411
40003	10412	inject	20414	710412
40003	10413	inject	20414	710413
40003	10414	matched	11	3000
40003	10415	matched	11	3000
40003	10416	inject	20414	710416
40003	10417	inject	20414	710417
40003	10418	inject	20414	710418
40003	10419	inject	20414	710419
40003	10420	inject	20414	710420
40003	10421	inject	20414	710421
40003	10422	inject	20414	710422
40003	10423	inject	20414	710423
40003	10424	matched	11	3000
40003	10425	matched	11	3000
40003	10426	inject	20414	710426
40003	10427	inject	20414	710427
40003	10428	matched	11	3000
40003	10429	matched	11	3000
40003	10430	matched	11	3000
40003	10431	matched	11	3000
40003	10432	matched	11	3000
40003	10433	matched	11	3000
40003	10434	matched	11	3000
40003	10435	matched	11	3000
40003	10436	matched	11	3000
40003	10437	matched	11	3000
40003	10438	matched	11	3000
40003	10439	matched	11	3000
40003	10440	matched	11	3000
40003	10441	matched	11	3000
40003	10442	matched	11	3000
40003	10443	matched	11	3000
40003	10444	matched	11	3000
40003	10445	matched	11	3000
40004	10446	inject	20415	710446
40004	10447	inject	20415	710447
40004	10448	inject	20415	710448
40004	10449	inject	20415	710449
40004	10450	inject	20415	710450
40004	10451	inject	20415	710451
40004	10452	inject	20415	710452
40004	10453	inject	20415	710453
40004	10454	inject	20415	710454
40004	10455	inject	20415	710455
40004	10456	inject	20415	710456
40004	10457	inject	20415	710457
40004	10458	inject	20415	710458
40004	10459	inject	20415	710459
40004	10460	inject	20415	710460
40004	10461	inject	20415	710461
40004	10462	inject	20415	710462
40004	10463	inject	20415	710463
40004	10464	inject	20415	710464
40004	10465	inject	20415	710465
40004	10466	inject	20415	710466
40004	10467	inject	20415	710467
40004	10468	inject	20415	710468
40004	10469	inject	20415	710469
40004	10470	inject	20415	710470
40004	10471	inject	20415	710471
40004	10472	inject	20415	710472
40004	10473	inject	20415	710473
40004	10474	inject	20415	710474
40004	10475	inject	20415	710475
40004	10476	inject	20415	710476
40004	10477	inject	20415	710477
40004	10478	inject	20415	710478
40004	10479	inject	20415	710479
40004	10480	inject	20415	710480
40004	10481	inject	20415	710481
40004	10482	inject	20415	710482
40004	10483	inject	20415	710483
40004	10484	inject	20415	710484
40004	10485	inject	20415	710485
40004	10486	inject	20415	710486
40004	10487	inject	20415	710487
40004	10488	inject	20415	710488
40004	10489	inject	20415	710489
40004	10490	inject	20415	710490
40004	10491	inject	20415	710491
40004	10492	inject	20415	710492
40004	10493	inject	20415	710493
40004	10494	inject	20415	710494
40004	10495	inject	20415	710495
40004	10496	inject	20415	710496
40004	10497	inject	20415	710497
40004	10498	inject	20415	710498
40004	10499	inject	20415	710499
40004	10500	inject	20415	710500
40004	10501	inject	20415	710501
40004	10502	inject	20415	710502
40004	10503	inject	20415	710503
40004	10504	inject	20415	710504
40004	10505	inject	20415	710505
40004	10506	inject	20415	710506
40004	10507	inject	20415	710507
40004	10508	inject	20415	710508
40004	10509	inject	20415	710509
40004	10510	inject	20415	710510
40004	10511	inject	20415	710511
40004	10512	inject	20415	710512
40004	10513	inject	20415	710513
40004	10514	inject	20415	710514
40004	10515	inject	20415	710515
40004	10516	inject	20415	710516
40004	10517	inject	20415	710517
40004	10518	matched	2304	423307
40004	10519	inject	20415	710519
40004	10520	inject	20415	710520
40004	10521	inject	20415	710521
40004	10522	inject	20415	710522
40004	10523	matched	2304	423307
40004	10524	inject	20415	710524
40004	10525	inject	20415	710525
40004	10526	inject	20415	710526
40004	10527	inject	20415	710527
40004	10528	matched	2304	423307
40004	10529	inject	20415	710529
40004	10530	inject	20415	710530
40004	10531	inject	20415	710531
40004	10532	inject	20415	710532
40004	10533	inject	20415	710533
40004	10534	inject	20415	710534
40004	10535	inject	20415	710535
40004	10536	inject	20415	710536
40004	10537	inject	20415	710537
40004	10538	inject	20415	710538
40004	10539	inject	20415	710539
40004	10540	inject	20415	710540
40004	10541	inject	20415	710541
40004	10542	inject	20415	710542
40004	10543	inject	20415	710543
40004	10544	inject	20415	710544
40004	10545	inject	20415	710545
40005	10546	inject	20416	710546
40005	10547	inject	20416	710547
40005	10548	inject	20416	710548
40005	10549	inject	20416	710549
40005	10550	inject	20416	710550
40005	10551	inject	20416	710551
40005	10552	inject	20416	710552
40005	10553	inject	20416	710553
40005	10554	inject	20416	710554
40005	10555	inject	20416	710555
40005	10556	inject	20416	710556
40005	10557	inject	20416	710557
40005	10558	inject	20416	710558
40005	10559	inject	20416	710559
40005	10560	inject	20416	710560
40005	10561	inject	20416	710561
40005	10562	inject	20416	710562
40005	10563	inject	20416	710563
40005	10564	inject	20416	710564
40005	10565	inject	20416	710565
40005	10566	inject	20416	710566
40005	10567	inject	20416	710567
40005	10568	inject	20416	710568
40005	10569	matched	11	3000
40005	10570	inject	20416	710570
40005	10571	inject	20416	710571
40005	10572	inject	20416	710572
40005	10573	inject	20416	710573
40005	10574	inject	20416	710574
40005	10575	inject	20416	710575
40005	10576	matched	11	3000
40005	10577	matched	11	3000
40005	10578	matched	11	3000
40005	10579	matched	11	3000
40005	10580	matched	11	3000
40005	10581	matched	11	3000
40005	10582	inject	20416	710582
40005	10583	inject	20416	710583
40005	10584	inject	20416	710584
40005	10585	inject	20416	710585
40005	10586	matched	11	3000
40005	10587	matched	11	3000
40005	10588	matched	11	3000
40005	10589	matched	11	3000
40005	10590	matched	11	3000
40005	10591	matched	11	3000
40005	10592	inject	20416	710592
40005	10593	inject	20416	710593
40005	10594	inject	20416	710594
40005	10595	inject	20416	710595
40005	10596	matched	11	3000
40005	10597	matched	11	3000
40005	10598	matched	11	3000
40005	10599	matched	11	3000
40005	10600	matched	11	3000
40005	10601	matched	11	3000
40005	10602	matched	11	3000
40005	10603	matched	11	3000
40005	10604	matched	11	3000
40005	10605	matched	11	3000
40005	10606	matched	11	3000
40005	10607	matched	11	3000
40005	10608	matched	11	3000
40005	10609	matched	11	3000
40005	10610	matched	11	3000
40005	10611	matched	11	3000
40005	10612	matched	11	3000
40005	10613	matched	11	3000
40005	10614	matched	11	3000
40005	10615	matched	11	3000
40005	10616	matched	11	3000
40005	10617	matched	11	3000
40005	10618	matched	11	3000
40005	10619	matched	11	3000
40005	10620	matched	11	3000
40005	10621	matched	11	3000
40005	10622	matched	11	3000
40005	10623	matched	11	3000
40005	10624	matched	11	3000
40005	10625	matched	11	3000
40005	10626	matched	11	3000
40005	10627	matched	11	3000
40005	10628	matched	11	3000
40005	10629	matched	11	3000
40005	10630	matched	11	3000
40005	10631	matched	11	3000
40005	10632	matched	11	3000
40005	10633	matched	11	3000
40005	10634	matched	11	3000
40005	10635	matched	11	3000
40005	10636	matched	11	3000
40005	10637	matched	11	3000
40005	10638	matched	11	3000
40005	10639	matched	11	3000
40005	10640	matched	11	3000
40005	10641	matched	11	3000
40005	10642	matched	11	3000
40005	10643	matched	11	3000
40005	10644	matched	11	3000
40005	10645	matched	11	3000
40006	10646	inject	20417	710646
40006	10647	inject	20417	710647
40006	10648	inject	20417	710648
40006	10649	inject	20417	710649
40006	10650	inject	20417	710650
40006	10651	inject	20417	710651
40006	10652	inject	20417	710652
40006	10653	inject	20417	710653
40006	10654	inject	20417	710654
40006	10655	inject	20417	710655
40006	10656	inject	20417	710656
40006	10657	inject	20417	710657
40006	10658	inject	20417	710658
40006	10659	inject	20417	710659
40006	10660	inject	20417	710660
40006	10661	inject	20417	710661
40006	10662	inject	20417	710662
40006	10663	inject	20417	710663
40006	10664	inject	20417	710664
40006	10665	inject	20417	710665
40006	10666	inject	20417	710666
40006	10667	inject	20417	710667
40006	10668	inject	20417	710668
40006	10669	inject	20417	710669
40006	10670	inject	20417	710670
40006	10671	inject	20417	710671
40006	10672	inject	20417	710672
40006	10673	inject	20417	710673
40006	10674	inject	20417	710674
40006	10675	inject	20417	710675
40006	10676	inject	20417	710676
40006	10677	inject	20417	710677
40006	10678	inject	20417	710678
40006	10679	inject	20417	710679
40006	10680	inject	20417	710680
40006	10681	inject	20417	710681
40006	10682	inject	20417	710682
40006	10683	inject	20417	710683
40006	10684	inject	20417	710684
40006	10685	inject	20417	710685
40006	10686	inject	20417	710686
40006	10687	inject	20417	710687
40006	10688	matched	11	3000
40006	10689	matched	11	3000
40006	10690	matched	11	3000
40006	10691	matched	11	3000
40006	10692	matched	11	3000
40006	10693	matched	11	3000
40006	10694	inject	20417	710694
40006	10695	inject	20417	710695
40006	10696	inject	20417	710696
40006	10697	inject	20417	710697
40006	10698	matched	11	3000
40006	10699	matched	11	3000
40006	10700	matched	11	3000
40006	10701	matched	11	3000
40006	10702	matched	11	3000
40006	10703	matched	11	3000
40006	10704	matched	11	3000
40006	10705	matched	11	3000
40006	10706	inject	20417	710706
40006	10707	inject	20417	710707
40006	10708	inject	20417	710708
40006	10709	inject	20417	710709
40006	10710	inject	20417	710710
40006	10711	inject	20417	710711
40006	10712	inject	20417	710712
40006	10713	inject	20417	710713
40006	10714	inject	20417	710714
40006	10715	inject	20417	710715
40006	10716	inject	20417	710716
40006	10717	inject	20417	710717
40006	10718	inject	20417	710718
40006	10719	inject	20417	710719
40006	10720	inject	20417	710720
40006	10721	inject	20417	710721
40006	10722	inject	20417	710722
40006	10723	inject	20417	710723
40006	10724	inject	20417	710724
40006	10725	inject	20417	710725
40006	10726	inject	20417	710726
40006	10727	inject	20417	710727
40006	10728	inject	20417	710728
40006	10729	inject	20417	710729
40006	10730	inject	20417	710730
40006	10731	inject	20417	710731
40006	10732	inject	20417	710732
40006	10733	inject	20417	710733
40006	10734	inject	20417	710734
40006	10735	inject	20417	710735
40006	10736	inject	20417	710736
40006	10737	inject	20417	710737
40006	10738	inject	20417	710738
40006	10739	inject	20417	710739
40006	10740	inject	20417	710740
40006	10741	inject	20417	710741
40006	10742	inject	20417	710742
40006	10743	inject	20417	710743
40006	10744	inject	20417	710744
40006	10745	inject	20417	710745
40007	10746	inject	20418	710746
40007	10747	inject	20418	710747
40007	10748	inject	20418	710748
40007	10749	inject	20418	710749
40007	10750	inject	20418	710750
40007	10751	inject	20418	710751
40007	10752	inject	20418	710752
40007	10753	inject	20418	710753
40007	10754	inject	20418	710754
40007	10755	inject	20418	710755
40007	10756	inject	20418	710756
40007	10757	inject	20418	710757
40007	10758	inject	20418	710758
40007	10759	inject	20418	710759
40007	10760	inject	20418	710760
40007	10761	inject	20418	710761
40007	10762	inject	20418	710762
40007	10763	inject	20418	710763
40007	10764	inject	20418	710764
40007	10765	inject	20418	710765
40007	10766	inject	20418	710766
40007	10767	inject	20418	710767
40007	10768	inject	20418	710768
40007	10769	inject	20418	710769
40007	10770	inject	20418	710770
40007	10771	inject	20418	710771
40007	10772	inject	20418	710772
40007	10773	inject	20418	710773
40007	10774	inject	20418	710774
40007	10775	inject	20418	710775
40007	10776	inject	20418	710776
40007	10777	inject	20418	710777
40007	10778	inject	20418	710778
40007	10779	inject	20418	710779
40007	10780	inject	20418	710780
40007	10781	inject	20418	710781
40007	10782	inject	20418	710782
40007	10783	inject	20418	710783
40007	10784	inject	20418	710784
40007	10785	inject	20418	710785
40007	10786	inject	20418	710786
40007	10787	inject	20418	710787
40007	10788	inject	20418	710788
40007	10789	inject	20418	710789
40007	10790	inject	20418	710790
40007	10791	inject	20418	710791
40007	10792	inject	20418	710792
40007	10793	inject	20418	710793
40007	10794	inject	20418	710794
40007	10795	inject	20418	710795
40007	10796	inject	20418	710796
40007	10797	inject	20418	710797
40007	10798	inject	20418	710798
40007	10799	inject	20418	710799
40007	10800	inject	20418	710800
40007	10801	inject	20418	710801
40007	10802	inject	20418	710802
40007	10803	inject	20418	710803
40007	10804	inject	20418	710804
40007	10805	inject	20418	710805
40007	10806	inject	20418	710806
40007	10807	inject	20418	710807
40007	10808	inject	20418	710808
40007	10809	inject	20418	710809
40007	10810	inject	20418	710810
40007	10811	inject	20418	710811
40007	10812	inject	20418	710812
40007	10813	inject	20418	710813
40007	10814	inject	20418	710814
40007	10815	inject	20418	710815
40007	10816	inject	20418	710816
40007	10817	inject	20418	710817
40007	10818	inject	20418	710818
40007	10819	inject	20418	710819
40007	10820	inject	20418	710820
40007	10821	inject	20418	710821
40007	10822	inject	20418	710822
40007	10823	inject	20418	710823
40007	10824	inject	20418	710824
40007	10825	inject	20418	710825
40007	10826	inject	20418	710826
40007	10827	inject	20418	710827
40007	10828	inject	20418	710828
40007	10829	inject	20418	710829
40007	10830	inject	20418	710830
40007	10831	inject	20418	710831
40007	10832	inject	20418	710832
40007	10833	inject	20418	710833
40007	10834	inject	20418	710834
40007	10835	inject	20418	710835
40007	10836	inject	20418	710836
40007	10837	inject	20418	710837
40007	10838	inject	20418	710838
40007	10839	inject	20418	710839
40007	10840	inject	20418	710840
40007	10841	inject	20418	710841
40007	10842	inject	20418	710842
40007	10843	inject	20418	710843
40007	10844	inject	20418	710844
40007	10845	inject	20418	710845
40008	10846	inject	20419	710846
40008	10847	inject	20419	710847
40008	10848	inject	20419	710848
40008	10849	inject	20419	710849
40008	10850	inject	20419	710850
40008	10851	inject	20419	710851
40008	10852	matched	11	3000
40008	10853	matched	11	3000
40008	10854	matched	11	3000
40008	10855	matched	11	3000
40008	10856	inject	20419	710856
40008	10857	inject	20419	710857
40008	10858	inject	20419	710858
40008	10859	inject	20419	710859
40008	10860	inject	20419	710860
40008	10861	inject	20419	710861
40008	10862	matched	11	3000
40008	10863	matched	11	3000
40008	10864	matched	11	3000
40008	10865	matched	11	3000
40008	10866	inject	20419	710866
40008	10867	inject	20419	710867
40008	10868	inject	20419	710868
40008	10869	inject	20419	710869
40008	10870	inject	20419	710870
40008	10871	inject	20419	710871
40008	10872	matched	11	3000
40008	10873	matched	11	3000
40008	10874	matched	11	3000
40008	10875	matched	11	3000
40008	10876	inject	20419	710876
40008	10877	inject	20419	710877
40008	10878	inject	20419	710878
40008	10879	inject	20419	710879
40008	10880	inject	20419	710880
40008	10881	inject	20419	710881
40008	10882	matched	11	3000
40008	10883	matched	11	3000
40008	10884	matched	11	3000
40008	10885	matched	11	3000
40008	10886	inject	20419	710886
40008	10887	inject	20419	710887
40008	10888	inject	20419	710888
40008	10889	inject	20419	710889
40008	10890	inject	20419	710890
40008	10891	inject	20419	710891
40008	10892	matched	11	3000
40008	10893	matched	11	3000
40008	10894	matched	11	3000
40008	10895	matched	11	3000
40008	10896	inject	20419	710896
40008	10897	inject	20419	710897
40008	10898	inject	20419	710898
40008	10899	inject	20419	710899
40008	10900	inject	20419	710900
40008	10901	inject	20419	710901
40008	10902	matched	11	3000
40008	10903	matched	11	3000
40008	10904	matched	11	3000
40008	10905	matched	11	3000
40008	10906	inject	20419	710906
40008	10907	inject	20419	710907
40008	10908	inject	20419	710908
40008	10909	inject	20419	710909
40008	10910	inject	20419	710910
40008	10911	inject	20419	710911
40008	10912	matched	11	3000
40008	10913	matched	11	3000
40008	10914	matched	11	3000
40008	10915	matched	11	3000
40008	10916	inject	20419	710916
40008	10917	inject	20419	710917
40008	10918	inject	20419	710918
40008	10919	inject	20419	710919
40008	10920	inject	20419	710920
40008	10921	inject	20419	710921
40008	10922	matched	11	3000
40008	10923	matched	11	3000
40008	10924	matched	11	3000
40008	10925	matched	11	3000
40008	10926	inject	20419	710926
40008	10927	inject	20419	710927
40008	10928	inject	20419	710928
40008	10929	inject	20419	710929
40008	10930	inject	20419	710930
40008	10931	inject	20419	710931
40008	10932	matched	11	3000
40008	10933	matched	11	3000
40008	10934	matched	11	3000
40008	10935	matched	11	3000
40008	10936	inject	20419	710936
40008	10937	inject	20419	710937
40008	10938	inject	20419	710938
40008	10939	inject	20419	710939
40008	10940	inject	20419	710940
40008	10941	inject	20419	710941
40008	10942	matched	11	3000
40008	10943	matched	11	3000
40008	10944	matched	11	3000
40008	10945	matched	11	3000
40009	10946	inject	20420	710946
40009	10947	inject	20420	710947
40009	10948	inject	20420	710948
40009	10949	inject	20420	710949
40009	10950	inject	20420	710950
40009	10951	inject	20420	710951
40009	10952	inject	20420	710952
40009	10953	inject	20420	710953
40009	10954	inject	20420	710954
40009	10955	inject	20420	710955
40009	10956	inject	20420	710956
40009	10957	inject	20420	710957
40009	10958	inject	20420	710958
40009	10959	inject	20420	710959
40009	10960	inject	20420	710960
40009	10961	inject	20420	710961
40009	10962	inject	20420	710962
40009	10963	inject	20420	710963
40009	10964	inject	20420	710964
40009	10965	inject	20420	710965
40009	10966	inject	20420	710966
40009	10967	inject	20420	710967
40009	10968	inject	20420	710968
40009	10969	inject	20420	710969
40009	10970	inject	20420	710970
40009	10971	inject	20420	710971
40009	10972	inject	20420	710972
40009	10973	inject	20420	710973
40009	10974	inject	20420	710974
40009	10975	inject	20420	710975
40009	10976	inject	20420	710976
40009	10977	inject	20420	710977
40009	10978	inject	20420	710978
40009	10979	inject	20420	710979
40009	10980	inject	20420	710980
40009	10981	inject	20420	710981
40009	10982	inject	20420	710982
40009	10983	inject	20420	710983
40009	10984	inject	20420	710984
40009	10985	inject	20420	710985
40009	10986	inject	20420	710986
40009	10987	inject	20420	710987
40009	10988	inject	20420	710988
40009	10989	inject	20420	710989
40009	10990	inject	20420	710990
40009	10991	inject	20420	710991
40009	10992	inject	20420	710992
40009	10993	inject	20420	710993
40009	10994	inject	20420	710994
40009	10995	inject	20420	710995
40009	10996	inject	20420	710996
40009	10997	inject	20420	710997
40009	10998	inject	20420	710998
40009	10999	inject	20420	710999
40009	11000	inject	20420	711000
40009	11001	inject	20420	711001
40009	11002	inject	20420	711002
40009	11003	inject	20420	711003
40009	11004	inject	20420	711004
40009	11005	inject	20420	711005
40009	11006	inject	20420	711006
40009	11007	inject	20420	711007
40009	11008	inject	20420	711008
40009	11009	inject	20420	711009
40009	11010	inject	20420	711010
40009	11011	inject	20420	711011
40009	11012	inject	20420	711012
40009	11013	inject	20420	711013
40009	11014	inject	20420	711014
40009	11015	inject	20420	711015
40009	11016	inject	20420	711016
40009	11017	inject	20420	711017
40009	11018	inject	20420	711018
40009	11019	inject	20420	711019
40009	11020	inject	20420	711020
40009	11021	inject	20420	711021
40009	11022	inject	20420	711022
40009	11023	inject	20420	711023
40009	11024	inject	20420	711024
40009	11025	inject	20420	711025
40009	11026	inject	20420	711026
40009	11027	inject	20420	711027
40009	11028	inject	20420	711028
40009	11029	inject	20420	711029
40009	11030	inject	20420	711030
40009	11031	inject	20420	711031
40009	11032	inject	20420	711032
40009	11033	inject	20420	711033
40009	11034	inject	20420	711034
40009	11035	inject	20420	711035
40009	11036	inject	20420	711036
40009	11037	inject	20420	711037
40009	11038	inject	20420	711038
40009	11039	inject	20420	711039
40009	11040	inject	20420	711040
40009	11041	inject	20420	711041
40009	11042	inject	20420	711042
40009	11043	inject	20420	711043
40009	11044	inject	20420	711044
40009	11045	inject	20420	711045
40010	11046	inject	20421	711046
40010	11047	inject	20421	711047
40010	11048	inject	20421	711048
40010	11056	inject	20421	711056
40010	11057	inject	20421	711057
40010	11058	inject	20421	711058
40010	11066	inject	20421	711066
40010	11067	inject	20421	711067
40010	11068	inject	20421	711068
40011	11146	inject	20422	711146
40011	11147	inject	20422	711147
40011	11148	inject	20422	711148
40011	11149	inject	20422	711149
40011	11150	matched	11	3000
40011	11151	matched	11	3000
40011	11156	inject	20422	711156
40011	11157	inject	20422	711157
40011	11158	inject	20422	711158
40011	11159	inject	20422	711159
40011	11160	matched	11	3000
40011	11161	matched	11	3000
40011	11166	inject	20422	711166
40011	11167	inject	20422	711167
40011	11168	inject	20422	711168
40011	11169	inject	20422	711169
40011	11170	matched	11	3000
40011	11171	matched	11	3000
40011	11176	matched	11	3000
40011	11177	inject	20422	711177
40011	11178	inject	20422	711178
40011	11179	matched	11	3000
40011	11180	inject	20422	711180
40011	11181	inject	20422	711181
40011	11186	inject	20422	711186
40011	11187	inject	20422	711187
40011	11188	matched	11	3000
40011	11189	inject	20422	711189
40011	11190	inject	20422	711190
40011	11191	matched	11	3000
40011	11196	inject	20422	711196
40011	11197	inject	20422	711197
40011	11198	inject	20422	711198
40011	11199	inject	20422	711199
40011	11200	inject	20422	711200
40011	11201	inject	20422	711201
40011	11206	matched	11	3000
40011	11207	inject	20422	711207
40011	11208	inject	20422	711208
40011	11209	matched	11	3000
40011	11210	inject	20422	711210
40011	11211	inject	20422	711211
40011	11216	inject	20422	711216
40011	11217	inject	20422	711217
40011	11218	matched	11	3000
40011	11219	inject	20422	711219
40011	11220	inject	20422	711220
40011	11221	matched	11	3000
40011	11226	inject	20422	711226
40011	11227	inject	20422	711227
40011	11228	inject	20422	711228
40011	11229	inject	20422	711229
40011	11230	inject	20422	711230
40011	11231	inject	20422	711231
40012	11246	inject	20423	711246
40012	11247	matched	11	3000
40012	11248	inject	20423	711248
40012	11256	inject	20423	711256
40012	11257	inject	20423	711257
40012	11258	inject	20423	711258
40013	11346	inject	20424	711346
40013	11347	inject	20424	711347
40013	11348	inject	20424	711348
40013	11349	inject	20424	711349
40013	11350	inject	20424	711350
40013	11351	inject	20424	711351
40013	11352	inject	20424	711352
40013	11353	inject	20424	711353
40013	11354	inject	20424	711354
40013	11355	inject	20424	711355
40013	11356	inject	20424	711356
40013	11357	inject	20424	711357
40013	11358	inject	20424	711358
40013	11359	inject	20424	711359
40013	11360	inject	20424	711360
40013	11361	inject	20424	711361
40013	11362	inject	20424	711362
40013	11363	inject	20424	711363
40013	11364	inject	20424	711364
40013	11365	inject	20424	711365
40013	11366	inject	20424	711366
40013	11367	inject	20424	711367
40013	11368	inject	20424	711368
40013	11369	inject	20424	711369
40013	11370	inject	20424	711370
40013	11371	inject	20424	711371
40013	11372	inject	20424	711372
40013	11373	inject	20424	711373
40013	11374	inject	20424	711374
40013	11375	inject	20424	711375
40013	11376	inject	20424	711376
40013	11377	inject	20424	711377
40013	11378	inject	20424	711378
40013	11379	inject	20424	711379
40013	11380	inject	20424	711380
40013	11381	inject	20424	711381
40013	11382	inject	20424	711382
40013	11383	inject	20424	711383
40013	11384	inject	20424	711384
40013	11385	inject	20424	711385
40013	11386	inject	20424	711386
40013	11387	inject	20424	711387
40013	11388	inject	20424	711388
40013	11389	inject	20424	711389
40013	11390	inject	20424	711390
40013	11391	inject	20424	711391
40013	11392	inject	20424	711392
40013	11393	inject	20424	711393
40013	11394	inject	20424	711394
40013	11395	inject	20424	711395
40013	11396	inject	20424	711396
40013	11397	inject	20424	711397
40013	11398	inject	20424	711398
40013	11399	inject	20424	711399
40013	11400	inject	20424	711400
40013	11401	inject	20424	711401
40013	11402	inject	20424	711402
40013	11403	inject	20424	711403
40013	11404	inject	20424	711404
40013	11405	inject	20424	711405
40013	11406	inject	20424	711406
40013	11407	inject	20424	711407
40013	11408	inject	20424	711408
40013	11409	inject	20424	711409
40013	11410	inject	20424	711410
40013	11411	inject	20424	711411
40013	11412	inject	20424	711412
40013	11413	inject	20424	711413
40013	11414	inject	20424	711414
40013	11415	inject	20424	711415
40013	11416	inject	20424	711416
40013	11417	inject	20424	711417
40013	11418	inject	20424	711418
40013	11419	inject	20424	711419
40013	11420	inject	20424	711420
40013	11421	inject	20424	711421
40013	11422	inject	20424	711422
40013	11423	inject	20424	711423
40013	11424	inject	20424	711424
40013	11425	inject	20424	711425
40013	11426	inject	20424	711426
40013	11427	inject	20424	711427
40013	11428	inject	20424	711428
40013	11429	inject	20424	711429
40013	11430	inject	20424	711430
40013	11431	inject	20424	711431
40013	11432	inject	20424	711432
40013	11433	inject	20424	711433
40013	11434	inject	20424	711434
40013	11435	inject	20424	711435
40013	11436	inject	20424	711436
40013	11437	inject	20424	711437
40013	11438	inject	20424	711438
40013	11439	inject	20424	711439
40013	11440	inject	20424	711440
40013	11441	inject	20424	711441
40013	11442	inject	20424	711442
40013	11443	inject	20424	711443
40013	11444	inject	20424	711444
40013	11445	inject	20424	711445
40014	11446	inject	20425	711446
40014	11447	inject	20425	711447
40014	11448	inject	20425	711448
40014	11449	inject	20425	711449
40014	11450	inject	20425	711450
40014	11451	inject	20425	711451
40014	11452	inject	20425	711452
40014	11453	inject	20425	711453
40014	11454	inject	20425	711454
40014	11455	inject	20425	711455
40014	11456	inject	20425	711456
40014	11457	inject	20425	711457
40014	11458	inject	20425	711458
40014	11459	inject	20425	711459
40014	11460	inject	20425	711460
40014	11461	inject	20425	711461
40014	11462	inject	20425	711462
40014	11463	inject	20425	711463
40014	11464	inject	20425	711464
40014	11465	inject	20425	711465
40014	11466	inject	20425	711466
40014	11467	inject	20425	711467
40014	11468	inject	20425	711468
40014	11469	matched	11	3000
40014	11470	inject	20425	711470
40014	11471	inject	20425	711471
40014	11472	inject	20425	711472
40014	11473	inject	20425	711473
40014	11474	inject	20425	711474
40014	11475	inject	20425	711475
40014	11476	matched	11	3000
40014	11477	matched	11	3000
40014	11478	matched	11	3000
40014	11479	matched	11	3000
40014	11480	matched	11	3000
40014	11481	matched	11	3000
40014	11482	inject	20425	711482
40014	11483	inject	20425	711483
40014	11484	inject	20425	711484
40014	11485	inject	20425	711485
40014	11486	matched	11	3000
40014	11487	matched	11	3000
40014	11488	matched	11	3000
40014	11489	matched	11	3000
40014	11490	matched	11	3000
40014	11491	matched	11	3000
40014	11492	inject	20425	711492
40014	11493	inject	20425	711493
40014	11494	inject	20425	711494
40014	11495	inject	20425	711495
40014	11496	matched	11	3000
40014	11497	matched	11	3000
40014	11498	matched	11	3000
40014	11499	matched	11	3000
40014	11500	matched	11	3000
40014	11501	matched	11	3000
40014	11502	matched	11	3000
40014	11503	matched	11	3000
40014	11504	matched	11	3000
40014	11505	matched	11	3000
40014	11506	matched	11	3000
40014	11507	matched	11	3000
40014	11508	matched	11	3000
40014	11509	matched	11	3000
40014	11510	matched	11	3000
40014	11511	matched	11	3000
40014	11512	matched	11	3000
40014	11513	matched	11	3000
40014	11514	matched	11	3000
40014	11515	matched	11	3000
40014	11516	matched	11	3000
40014	11517	matched	11	3000
40014	11518	matched	11	3000
40014	11519	matched	11	3000
40014	11520	matched	11	3000
40014	11521	matched	11	3000
40014	11522	matched	11	3000
40014	11523	matched	11	3000
40014	11524	matched	11	3000
40014	11525	matched	11	3000
40014	11526	matched	11	3000
40014	11527	matched	11	3000
40014	11528	matched	11	3000
40014	11529	matched	11	3000
40014	11530	matched	11	3000
40014	11531	matched	11	3000
40014	11532	matched	11	3000
40014	11533	matched	11	3000
40014	11534	matched	11	3000
40014	11535	matched	11	3000
40014	11536	matched	11	3000
40014	11537	matched	11	3000
40014	11538	matched	11	3000
40014	11539	matched	11	3000
40014	11540	matched	11	3000
40014	11541	matched	11	3000
40014	11542	matched	11	3000
40014	11543	matched	11	3000
40014	11544	matched	11	3000
40014	11545	matched	11	3000
40015	11546	inject	20426	711546
40015	11547	inject	20426	711547
40015	11548	inject	20426	711548
40015	11549	inject	20426	711549
40015	11550	inject	20426	711550
40015	11551	inject	20426	711551
40015	11552	inject	20426	711552
40015	11553	inject	20426	711553
40015	11554	inject	20426	711554
40015	11555	inject	20426	711555
40015	11556	inject	20426	711556
40015	11557	inject	20426	711557
40015	11558	inject	20426	711558
40015	11559	inject	20426	711559
40015	11560	inject	20426	711560
40015	11561	inject	20426	711561
40015	11562	inject	20426	711562
40015	11563	inject	20426	711563
40015	11564	inject	20426	711564
40015	11565	inject	20426	711565
40015	11566	inject	20426	711566
40015	11567	inject	20426	711567
40015	11568	inject	20426	711568
40015	11569	inject	20426	711569
40015	11570	inject	20426	711570
40015	11571	inject	20426	711571
40015	11572	inject	20426	711572
40015	11573	inject	20426	711573
40015	11574	inject	20426	711574
40015	11575	inject	20426	711575
40015	11576	inject	20426	711576
40015	11577	inject	20426	711577
40015	11578	inject	20426	711578
40015	11579	inject	20426	711579
40015	11580	inject	20426	711580
40015	11581	inject	20426	711581
40015	11582	inject	20426	711582
40015	11583	inject	20426	711583
40015	11584	inject	20426	711584
40015	11585	inject	20426	711585
40015	11586	inject	20426	711586
40015	11587	inject	20426	711587
40015	11588	inject	20426	711588
40015	11589	inject	20426	711589
40015	11590	inject	20426	711590
40015	11591	inject	20426	711591
40015	11592	inject	20426	711592
40015	11593	inject	20426	711593
40015	11594	inject	20426	711594
40015	11595	inject	20426	711595
40015	11596	inject	20426	711596
40015	11597	inject	20426	711597
40015	11598	inject	20426	711598
40015	11599	inject	20426	711599
40015	11600	inject	20426	711600
40015	11601	inject	20426	711601
40015	11602	inject	20426	711602
40015	11603	inject	20426	711603
40015	11604	inject	20426	711604
40015	11605	inject	20426	711605
40015	11606	inject	20426	711606
40015	11607	inject	20426	711607
40015	11608	inject	20426	711608
40015	11609	inject	20426	711609
40015	11610	inject	20426	711610
40015	11611	inject	20426	711611
40015	11612	inject	20426	711612
40015	11613	inject	20426	711613
40015	11614	inject	20426	711614
40015	11615	inject	20426	711615
40015	11616	inject	20426	711616
40015	11617	inject	20426	711617
40015	11618	inject	20426	711618
40015	11619	inject	20426	711619
40015	11620	inject	20426	711620
40015	11621	inject	20426	711621
40015	11622	inject	20426	711622
40015	11623	inject	20426	711623
40015	11624	matched	11	3000
40015	11625	matched	11	3000
40015	11626	matched	11	3000
40015	11627	matched	11	3000
40015	11628	matched	11	3000
40015	11629	matched	11	3000
40015	11630	matched	11	3000
40015	11631	matched	11	3000
40015	11632	matched	11	3000
40015	11633	matched	11	3000
40015	11634	matched	11	3000
40015	11635	matched	11	3000
40015	11636	matched	11	3000
40015	11637	matched	11	3000
40015	11638	matched	11	3000
40015	11639	matched	11	3000
40015	11640	matched	11	3000
40015	11641	matched	11	3000
40015	11642	matched	11	3000
40015	11643	matched	11	3000
40015	11644	matched	11	3000
40015	11645	matched	11	3000
40016	11646	matched	11	3000
40016	11647	matched	11	3000
40016	11648	matched	11	3000
40016	11649	matched	11	3000
40016	11650	matched	11	3000
40016	11651	inject	20427	711651
40016	11652	matched	11	3000
40016	11653	matched	11	3000
40016	11654	matched	11	3000
40016	11655	matched	11	3000
40016	11656	inject	20427	711656
40016	11657	inject	20427	711657
40016	11658	inject	20427	711658
40016	11659	matched	11	3000
40016	11660	inject	20427	711660
40016	11661	inject	20427	711661
40016	11662	inject	20427	711662
40016	11663	matched	11	3000
40016	11664	matched	11	3000
40016	11665	matched	11	3000
40016	11666	inject	20427	711666
40016	11667	inject	20427	711667
40016	11668	inject	20427	711668
40016	11669	inject	20427	711669
40016	11670	inject	20427	711670
40016	11671	inject	20427	711671
40016	11672	inject	20427	711672
40016	11673	matched	11	3000
40016	11674	matched	11	3000
40016	11675	matched	11	3000
40016	11676	inject	20427	711676
40016	11677	inject	20427	711677
40016	11678	inject	20427	711678
40016	11679	inject	20427	711679
40016	11680	inject	20427	711680
40016	11681	inject	20427	711681
40016	11682	inject	20427	711682
40016	11683	matched	11	3000
40016	11684	matched	11	3000
40016	11685	matched	11	3000
40016	11686	matched	11	3000
40016	11687	matched	11	3000
40016	11688	matched	11	3000
40016	11689	matched	11	3000
40016	11690	matched	11	3000
40016	11691	matched	11	3000
40016	11692	matched	11	3000
40016	11693	matched	11	3000
40016	11694	matched	11	3000
40016	11695	matched	11	3000
40016	11696	matched	11	3000
40016	11697	matched	11	3000
40016	11698	matched	11	3000
40016	11699	matched	11	3000
40016	11700	matched	11	3000
40016	11701	matched	11	3000
40016	11702	matched	11	3000
40016	11703	matched	11	3000
40016	11704	matched	11	3000
40016	11705	matched	11	3000
40016	11706	matched	11	3000
40016	11707	matched	11	3000
40016	11708	matched	11	3000
40016	11709	matched	11	3000
40016	11710	matched	11	3000
40016	11711	matched	11	3000
40016	11712	matched	11	3000
40016	11713	matched	11	3000
40016	11714	matched	11	3000
40016	11715	matched	11	3000
40016	11716	matched	11	3000
40016	11717	matched	11	3000
40016	11718	matched	11	3000
40016	11719	matched	11	3000
40016	11720	matched	11	3000
40016	11721	matched	11	3000
40016	11722	matched	11	3000
40016	11723	matched	11	3000
40016	11724	matched	11	3000
40016	11725	matched	11	3000
40016	11726	matched	11	3000
40016	11727	matched	11	3000
40016	11728	matched	11	3000
40016	11729	matched	11	3000
40016	11730	matched	11	3000
40016	11731	matched	11	3000
40016	11732	matched	11	3000
40016	11733	matched	11	3000
40016	11734	matched	11	3000
40016	11735	matched	11	3000
40016	11736	matched	11	3000
40016	11737	matched	11	3000
40016	11738	matched	11	3000
40016	11739	matched	11	3000
40016	11740	matched	11	3000
40016	11741	matched	11	3000
40016	11742	matched	11	3000
40016	11743	matched	11	3000
40016	11744	matched	11	3000
40016	11745	matched	11	3000
40017	11746	inject	20428	711746
40017	11747	inject	20428	711747
40017	11748	inject	20428	711748
40017	11749	inject	20428	711749
40017	11750	inject	20428	711750
40017	11751	inject	20428	711751
40017	11752	inject	20428	711752
40017	11753	inject	20428	711753
40017	11754	inject	20428	711754
40017	11755	inject	20428	711755
40017	11756	inject	20428	711756
40017	11757	inject	20428	711757
40017	11758	inject	20428	711758
40017	11759	inject	20428	711759
40017	11760	inject	20428	711760
40017	11761	inject	20428	711761
40017	11762	inject	20428	711762
40017	11763	inject	20428	711763
40017	11764	inject	20428	711764
40017	11765	inject	20428	711765
40017	11766	inject	20428	711766
40017	11767	inject	20428	711767
40017	11768	inject	20428	711768
40017	11769	inject	20428	711769
40017	11770	inject	20428	711770
40017	11771	inject	20428	711771
40017	11772	inject	20428	711772
40017	11773	inject	20428	711773
40017	11774	inject	20428	711774
40017	11775	inject	20428	711775
40017	11776	inject	20428	711776
40017	11777	inject	20428	711777
40017	11778	inject	20428	711778
40017	11779	inject	20428	711779
40017	11780	inject	20428	711780
40017	11781	inject	20428	711781
40017	11782	inject	20428	711782
40017	11783	inject	20428	711783
40017	11784	inject	20428	711784
40017	11785	inject	20428	711785
40017	11786	inject	20428	711786
40017	11787	inject	20428	711787
40017	11788	inject	20428	711788
40017	11789	inject	20428	711789
40017	11790	inject	20428	711790
40017	11791	inject	20428	711791
40017	11792	inject	20428	711792
40017	11793	inject	20428	711793
40017	11794	inject	20428	711794
40017	11795	inject	20428	711795
40017	11796	inject	20428	711796
40017	11797	inject	20428	711797
40017	11798	inject	20428	711798
40017	11799	inject	20428	711799
40017	11800	inject	20428	711800
40017	11801	inject	20428	711801
40017	11802	inject	20428	711802
40017	11803	inject	20428	711803
40017	11804	inject	20428	711804
40017	11805	inject	20428	711805
40017	11806	inject	20428	711806
40017	11807	inject	20428	711807
40017	11808	inject	20428	711808
40017	11809	inject	20428	711809
40017	11810	inject	20428	711810
40017	11811	inject	20428	711811
40017	11812	inject	20428	711812
40017	11813	inject	20428	711813
40017	11814	inject	20428	711814
40017	11815	inject	20428	711815
40017	11816	inject	20428	711816
40017	11817	inject	20428	711817
40017	11818	inject	20428	711818
40017	11819	inject	20428	711819
40017	11820	inject	20428	711820
40017	11821	inject	20428	711821
40017	11822	inject	20428	711822
40017	11823	inject	20428	711823
40017	11824	inject	20428	711824
40017	11825	inject	20428	711825
40017	11826	inject	20428	711826
40017	11827	inject	20428	711827
40017	11828	inject	20428	711828
40017	11829	inject	20428	711829
40017	11830	inject	20428	711830
40017	11831	inject	20428	711831
40017	11832	inject	20428	711832
40017	11833	inject	20428	711833
40017	11834	inject	20428	711834
40017	11835	inject	20428	711835
40017	11836	inject	20428	711836
40017	11837	inject	20428	711837
40017	11838	inject	20428	711838
40017	11839	inject	20428	711839
40017	11840	inject	20428	711840
40017	11841	inject	20428	711841
40017	11842	inject	20428	711842
40017	11843	inject	20428	711843
40017	11844	inject	20428	711844
40017	11845	inject	20428	711845
40018	11846	inject	20429	711846
40018	11847	inject	20429	711847
40018	11848	inject	20429	711848
40018	11849	inject	20429	711849
40018	11850	inject	20429	711850
40018	11851	inject	20429	711851
40018	11852	inject	20429	711852
40018	11853	inject	20429	711853
40018	11854	inject	20429	711854
40018	11855	inject	20429	711855
40018	11856	inject	20429	711856
40018	11857	inject	20429	711857
40018	11858	inject	20429	711858
40018	11859	inject	20429	711859
40018	11860	inject	20429	711860
40018	11861	inject	20429	711861
40018	11862	inject	20429	711862
40018	11863	inject	20429	711863
40018	11864	inject	20429	711864
40018	11865	inject	20429	711865
40018	11866	inject	20429	711866
40018	11867	inject	20429	711867
40018	11868	inject	20429	711868
40018	11869	inject	20429	711869
40018	11870	inject	20429	711870
40018	11871	inject	20429	711871
40018	11872	inject	20429	711872
40018	11873	inject	20429	711873
40018	11874	inject	20429	711874
40018	11875	inject	20429	711875
40018	11876	inject	20429	711876
40018	11877	inject	20429	711877
40018	11878	inject	20429	711878
40018	11879	inject	20429	711879
40018	11880	inject	20429	711880
40018	11881	inject	20429	711881
40018	11882	inject	20429	711882
40018	11883	inject	20429	711883
40018	11884	inject	20429	711884
40018	11885	inject	20429	711885
40018	11886	inject	20429	711886
40018	11887	inject	20429	711887
40018	11888	inject	20429	711888
40018	11889	inject	20429	711889
40018	11890	inject	20429	711890
40018	11891	inject	20429	711891
40018	11892	inject	20429	711892
40018	11893	inject	20429	711893
40018	11894	inject	20429	711894
40018	11895	inject	20429	711895
40018	11896	inject	20429	711896
40018	11897	inject	20429	711897
40018	11898	inject	20429	711898
40018	11899	inject	20429	711899
40018	11900	inject	20429	711900
40018	11901	inject	20429	711901
40018	11902	inject	20429	711902
40018	11903	inject	20429	711903
40018	11904	inject	20429	711904
40018	11905	inject	20429	711905
40018	11906	inject	20429	711906
40018	11907	inject	20429	711907
40018	11908	inject	20429	711908
40018	11909	inject	20429	711909
40018	11910	inject	20429	711910
40018	11911	inject	20429	711911
40018	11912	inject	20429	711912
40018	11913	inject	20429	711913
40018	11914	inject	20429	711914
40018	11915	inject	20429	711915
40018	11916	inject	20429	711916
40018	11917	inject	20429	711917
40018	11918	inject	20429	711918
40018	11919	inject	20429	711919
40018	11920	inject	20429	711920
40018	11921	inject	20429	711921
40018	11922	inject	20429	711922
40018	11923	inject	20429	711923
40018	11924	inject	20429	711924
40018	11925	inject	20429	711925
40018	11926	inject	20429	711926
40018	11927	inject	20429	711927
40018	11928	inject	20429	711928
40018	11929	inject	20429	711929
40018	11930	inject	20429	711930
40018	11931	inject	20429	711931
40018	11932	inject	20429	711932
40018	11933	inject	20429	711933
40018	11934	inject	20429	711934
40018	11935	inject	20429	711935
40018	11936	inject	20429	711936
40018	11937	inject	20429	711937
40018	11938	inject	20429	711938
40018	11939	inject	20429	711939
40018	11940	inject	20429	711940
40018	11941	inject	20429	711941
40018	11942	inject	20429	711942
40018	11943	inject	20429	711943
40018	11944	inject	20429	711944
40018	11945	inject	20429	711945
40019	11946	inject	20430	711946
40019	11947	inject	20430	711947
40019	11948	inject	20430	711948
40019	11949	inject	20430	711949
40019	11950	inject	20430	711950
40019	11951	inject	20430	711951
40019	11952	inject	20430	711952
40019	11953	inject	20430	711953
40019	11954	inject	20430	711954
40019	11955	inject	20430	711955
40019	11956	inject	20430	711956
40019	11957	inject	20430	711957
40019	11958	inject	20430	711958
40019	11959	inject	20430	711959
40019	11960	inject	20430	711960
40019	11961	inject	20430	711961
40019	11962	inject	20430	711962
40019	11963	inject	20430	711963
40019	11964	inject	20430	711964
40019	11965	inject	20430	711965
40019	11966	inject	20430	711966
40019	11967	inject	20430	711967
40019	11968	inject	20430	711968
40019	11969	inject	20430	711969
40019	11970	inject	20430	711970
40019	11971	inject	20430	711971
40019	11972	inject	20430	711972
40019	11973	inject	20430	711973
40019	11974	inject	20430	711974
40019	11975	inject	20430	711975
40019	11976	inject	20430	711976
40019	11977	inject	20430	711977
40019	11978	inject	20430	711978
40019	11979	inject	20430	711979
40019	11980	inject	20430	711980
40019	11981	inject	20430	711981
40019	11982	inject	20430	711982
40019	11983	inject	20430	711983
40019	11984	inject	20430	711984
40019	11985	inject	20430	711985
40019	11986	inject	20430	711986
40019	11987	inject	20430	711987
40019	11988	inject	20430	711988
40019	11989	inject	20430	711989
40019	11990	inject	20430	711990
40019	11991	inject	20430	711991
40019	11992	inject	20430	711992
40019	11993	inject	20430	711993
40019	11994	inject	20430	711994
40019	11995	inject	20430	711995
40019	11996	inject	20430	711996
40019	11997	inject	20430	711997
40019	11998	inject	20430	711998
40019	11999	inject	20430	711999
40019	12000	inject	20430	712000
40019	12001	inject	20430	712001
40019	12002	inject	20430	712002
40019	12003	inject	20430	712003
40019	12004	inject	20430	712004
40019	12005	inject	20430	712005
40019	12006	inject	20430	712006
40019	12007	inject	20430	712007
40019	12008	inject	20430	712008
40019	12009	inject	20430	712009
40019	12010	inject	20430	712010
40019	12011	inject	20430	712011
40019	12012	inject	20430	712012
40019	12013	inject	20430	712013
40019	12014	inject	20430	712014
40019	12015	inject	20430	712015
40019	12016	inject	20430	712016
40019	12017	inject	20430	712017
40019	12018	inject	20430	712018
40019	12019	inject	20430	712019
40019	12020	inject	20430	712020
40019	12021	inject	20430	712021
40019	12022	inject	20430	712022
40019	12023	inject	20430	712023
40019	12024	inject	20430	712024
40019	12025	inject	20430	712025
40019	12026	inject	20430	712026
40019	12027	inject	20430	712027
40019	12028	inject	20430	712028
40019	12029	inject	20430	712029
40019	12030	inject	20430	712030
40019	12031	inject	20430	712031
40019	12032	inject	20430	712032
40019	12033	inject	20430	712033
40019	12034	inject	20430	712034
40019	12035	inject	20430	712035
40019	12036	inject	20430	712036
40019	12037	inject	20430	712037
40019	12038	inject	20430	712038
40019	12039	inject	20430	712039
40019	12040	inject	20430	712040
40019	12041	inject	20430	712041
40019	12042	inject	20430	712042
40019	12043	inject	20430	712043
40019	12044	inject	20430	712044
40019	12045	inject	20430	712045
40020	12046	inject	20431	712046
40020	12047	inject	20431	712047
40020	12048	inject	20431	712048
40020	12049	inject	20431	712049
40020	12050	inject	20431	712050
40020	12051	inject	20431	712051
40020	12052	inject	20431	712052
40020	12053	inject	20431	712053
40020	12054	inject	20431	712054
40020	12055	inject	20431	712055
40020	12056	inject	20431	712056
40020	12057	inject	20431	712057
40020	12058	inject	20431	712058
40020	12059	inject	20431	712059
40020	12060	inject	20431	712060
40020	12061	inject	20431	712061
40020	12062	matched	11	3000
40020	12063	inject	20431	712063
40020	12064	inject	20431	712064
40020	12065	inject	20431	712065
40020	12066	inject	20431	712066
40020	12067	inject	20431	712067
40020	12068	inject	20431	712068
40020	12069	inject	20431	712069
40020	12070	inject	20431	712070
40020	12071	inject	20431	712071
40020	12072	matched	11	3000
40020	12073	matched	11	3000
40020	12074	matched	11	3000
40020	12075	matched	11	3000
40020	12076	inject	20431	712076
40020	12077	inject	20431	712077
40020	12078	inject	20431	712078
40020	12079	inject	20431	712079
40020	12080	inject	20431	712080
40020	12081	inject	20431	712081
40020	12082	matched	11	3000
40020	12083	matched	11	3000
40020	12084	matched	11	3000
40020	12085	matched	11	3000
40020	12086	inject	20431	712086
40020	12087	inject	20431	712087
40020	12088	inject	20431	712088
40020	12089	inject	20431	712089
40020	12090	inject	20431	712090
40020	12091	matched	11	3000
40020	12092	matched	11	3000
40020	12093	matched	11	3000
40020	12094	matched	11	3000
40020	12095	matched	11	3000
40020	12096	matched	11	3000
40020	12097	matched	11	3000
40020	12098	matched	11	3000
40020	12099	matched	11	3000
40020	12100	matched	11	3000
40020	12101	matched	11	3000
40020	12102	matched	11	3000
40020	12103	matched	11	3000
40020	12104	matched	11	3000
40020	12105	matched	11	3000
40020	12106	matched	11	3000
40020	12107	matched	11	3000
40020	12108	matched	11	3000
40020	12109	matched	11	3000
40020	12110	matched	11	3000
40020	12111	matched	11	3000
40020	12112	matched	11	3000
40020	12113	matched	11	3000
40020	12114	matched	11	3000
40020	12115	matched	11	3000
40020	12116	matched	11	3000
40020	12117	matched	11	3000
40020	12118	matched	11	3000
40020	12119	matched	11	3000
40020	12120	matched	11	3000
40020	12121	matched	11	3000
40020	12122	matched	11	3000
40020	12123	matched	11	3000
40020	12124	matched	11	3000
40020	12125	matched	11	3000
40020	12126	matched	11	3000
40020	12127	matched	11	3000
40020	12128	matched	11	3000
40020	12129	matched	11	3000
40020	12130	matched	11	3000
40020	12131	matched	11	3000
40020	12132	matched	11	3000
40020	12133	matched	11	3000
40020	12134	matched	11	3000
40020	12135	matched	11	3000
40020	12136	matched	11	3000
40020	12137	matched	11	3000
40020	12138	matched	11	3000
40020	12139	matched	11	3000
40020	12140	matched	11	3000
40020	12141	matched	11	3000
40020	12142	matched	11	3000
40020	12143	matched	11	3000
40020	12144	matched	11	3000
40020	12145	matched	11	3000
40021	12146	matched	11	3000
40021	12147	inject	20432	712147
40021	12148	inject	20432	712148
40021	12149	matched	11	3000
40021	12150	inject	20432	712150
40021	12151	inject	20432	712151
40021	12152	inject	20432	712152
40021	12153	inject	20432	712153
40021	12154	inject	20432	712154
40021	12155	inject	20432	712155
40021	12156	inject	20432	712156
40021	12157	inject	20432	712157
40021	12158	inject	20432	712158
40021	12159	inject	20432	712159
40021	12160	inject	20432	712160
40021	12161	inject	20432	712161
40021	12162	inject	20432	712162
40021	12163	inject	20432	712163
40021	12164	inject	20432	712164
40021	12165	inject	20432	712165
40021	12166	inject	20432	712166
40021	12167	inject	20432	712167
40021	12168	inject	20432	712168
40021	12169	inject	20432	712169
40021	12170	inject	20432	712170
40021	12171	inject	20432	712171
40021	12172	inject	20432	712172
40021	12173	inject	20432	712173
40021	12174	inject	20432	712174
40021	12175	inject	20432	712175
40021	12176	inject	20432	712176
40021	12177	inject	20432	712177
40021	12178	inject	20432	712178
40021	12179	inject	20432	712179
40021	12180	inject	20432	712180
40021	12181	inject	20432	712181
40021	12182	inject	20432	712182
40021	12183	inject	20432	712183
40021	12184	inject	20432	712184
40021	12185	inject	20432	712185
40021	12186	matched	11	3000
40021	12187	matched	11	3000
40021	12188	matched	11	3000
40021	12189	inject	20432	712189
40021	12190	inject	20432	712190
40021	12191	matched	11	3000
40021	12192	matched	11	3000
40021	12193	matched	11	3000
40021	12194	matched	11	3000
40021	12195	inject	20432	712195
40021	12196	matched	11	3000
40021	12197	matched	11	3000
40021	12198	matched	11	3000
40021	12199	inject	20432	712199
40021	12200	inject	20432	712200
40021	12201	matched	11	3000
40021	12202	matched	11	3000
40021	12203	matched	11	3000
40021	12204	matched	11	3000
40021	12205	inject	20432	712205
40021	12206	matched	11	3000
40021	12207	matched	11	3000
40021	12208	matched	11	3000
40021	12209	matched	11	3000
40021	12210	matched	11	3000
40021	12211	matched	11	3000
40021	12212	matched	11	3000
40021	12213	matched	11	3000
40021	12214	matched	11	3000
40021	12215	inject	20432	712215
40021	12216	matched	11	3000
40021	12217	matched	11	3000
40021	12218	matched	11	3000
40021	12219	matched	11	3000
40021	12220	matched	11	3000
40021	12221	matched	11	3000
40021	12222	matched	11	3000
40021	12223	matched	11	3000
40021	12224	matched	11	3000
40021	12225	inject	20432	712225
40021	12226	matched	11	3000
40021	12227	matched	11	3000
40021	12228	matched	11	3000
40021	12229	matched	11	3000
40021	12230	matched	11	3000
40021	12231	matched	11	3000
40021	12232	matched	11	3000
40021	12233	matched	11	3000
40021	12234	matched	11	3000
40021	12235	matched	11	3000
40021	12236	matched	11	3000
40021	12237	matched	11	3000
40021	12238	matched	11	3000
40021	12239	matched	11	3000
40021	12240	matched	11	3000
40021	12241	matched	11	3000
40021	12242	matched	11	3000
40021	12243	matched	11	3000
40021	12244	matched	11	3000
40021	12245	matched	11	3000
40022	12246	inject	20433	712246
40022	12247	inject	20433	712247
40022	12248	inject	20433	712248
40022	12249	inject	20433	712249
40022	12250	inject	20433	712250
40022	12251	inject	20433	712251
40022	12252	matched	11	3000
40022	12253	matched	11	3000
40022	12254	matched	11	3000
40022	12255	matched	11	3000
40022	12256	inject	20433	712256
40022	12257	inject	20433	712257
40022	12258	inject	20433	712258
40022	12259	inject	20433	712259
40022	12260	inject	20433	712260
40022	12261	inject	20433	712261
40022	12262	inject	20433	712262
40022	12263	inject	20433	712263
40022	12264	inject	20433	712264
40022	12265	matched	11	3000
40022	12266	inject	20433	712266
40022	12267	inject	20433	712267
40022	12268	inject	20433	712268
40022	12269	inject	20433	712269
40022	12270	inject	20433	712270
40022	12271	inject	20433	712271
40022	12272	matched	2289	421810
40022	12273	inject	20433	712273
40022	12274	matched	11	3000
40022	12275	matched	11	3000
40022	12276	inject	20433	712276
40022	12277	inject	20433	712277
40022	12278	inject	20433	712278
40022	12279	inject	20433	712279
40022	12280	inject	20433	712280
40022	12281	inject	20433	712281
40022	12282	inject	20433	712282
40022	12283	matched	11	3000
40022	12284	matched	11	3000
40022	12285	matched	11	3000
40022	12286	inject	20433	712286
40022	12287	inject	20433	712287
40022	12288	inject	20433	712288
40022	12289	inject	20433	712289
40022	12290	inject	20433	712290
40022	12291	inject	20433	712291
40022	12292	matched	11	3000
40022	12293	inject	20433	712293
40022	12294	inject	20433	712294
40022	12295	matched	11	3000
40022	12296	matched	11	3000
40022	12297	inject	20433	712297
40022	12298	inject	20433	712298
40022	12299	matched	11	3000
40022	12300	inject	20433	712300
40022	12301	matched	11	3000
40022	12302	matched	11	3000
40022	12303	inject	20433	712303
40022	12304	inject	20433	712304
40022	12305	matched	11	3000
40022	12306	matched	11	3000
40022	12307	matched	11	3000
40022	12308	matched	11	3000
40022	12309	matched	11	3000
40022	12310	matched	11	3000
40022	12311	matched	11	3000
40022	12312	matched	11	3000
40022	12313	inject	20433	712313
40022	12314	inject	20433	712314
40022	12315	matched	11	3000
40022	12316	matched	11	3000
40022	12317	matched	11	3000
40022	12318	matched	11	3000
40022	12319	matched	11	3000
40022	12320	matched	11	3000
40022	12321	matched	11	3000
40022	12322	matched	11	3000
40022	12323	matched	11	3000
40022	12324	matched	11	3000
40022	12325	matched	11	3000
40022	12326	matched	11	3000
40022	12327	matched	11	3000
40022	12328	matched	11	3000
40022	12329	matched	11	3000
40022	12330	matched	11	3000
40022	12331	matched	11	3000
40022	12332	matched	11	3000
40022	12333	matched	11	3000
40022	12334	matched	11	3000
40022	12335	matched	11	3000
40022	12336	matched	11	3000
40022	12337	matched	11	3000
40022	12338	matched	11	3000
40022	12339	matched	11	3000
40022	12340	matched	11	3000
40022	12341	matched	11	3000
40022	12342	matched	11	3000
40022	12343	matched	11	3000
40022	12344	matched	11	3000
40022	12345	matched	11	3000
40023	12346	inject	20434	712346
40023	12347	inject	20434	712347
40023	12348	inject	20434	712348
40023	12349	inject	20434	712349
40023	12350	inject	20434	712350
40023	12351	inject	20434	712351
40023	12352	inject	20434	712352
40023	12353	inject	20434	712353
40023	12354	inject	20434	712354
40023	12355	inject	20434	712355
40023	12356	inject	20434	712356
40023	12357	inject	20434	712357
40023	12358	inject	20434	712358
40023	12359	inject	20434	712359
40023	12360	inject	20434	712360
40023	12361	inject	20434	712361
40023	12362	inject	20434	712362
40023	12363	inject	20434	712363
40023	12364	inject	20434	712364
40023	12365	inject	20434	712365
40023	12366	inject	20434	712366
40023	12367	inject	20434	712367
40023	12368	inject	20434	712368
40023	12369	inject	20434	712369
40023	12370	inject	20434	712370
40023	12371	inject	20434	712371
40023	12372	inject	20434	712372
40023	12373	inject	20434	712373
40023	12374	inject	20434	712374
40023	12375	inject	20434	712375
40023	12376	inject	20434	712376
40023	12377	inject	20434	712377
40023	12378	inject	20434	712378
40023	12379	inject	20434	712379
40023	12380	inject	20434	712380
40023	12381	inject	20434	712381
40023	12382	inject	20434	712382
40023	12383	inject	20434	712383
40023	12384	inject	20434	712384
40023	12385	inject	20434	712385
40023	12386	inject	20434	712386
40023	12387	inject	20434	712387
40023	12388	inject	20434	712388
40023	12389	inject	20434	712389
40023	12390	inject	20434	712390
40023	12391	inject	20434	712391
40023	12392	inject	20434	712392
40023	12393	inject	20434	712393
40023	12394	inject	20434	712394
40023	12395	inject	20434	712395
40023	12396	inject	20434	712396
40023	12397	inject	20434	712397
40023	12398	inject	20434	712398
40023	12399	inject	20434	712399
40023	12400	inject	20434	712400
40023	12401	inject	20434	712401
40023	12402	inject	20434	712402
40023	12403	inject	20434	712403
40023	12404	inject	20434	712404
40023	12405	inject	20434	712405
40023	12406	inject	20434	712406
40023	12407	inject	20434	712407
40023	12408	inject	20434	712408
40023	12409	inject	20434	712409
40023	12410	inject	20434	712410
40023	12411	inject	20434	712411
40023	12412	inject	20434	712412
40023	12413	inject	20434	712413
40023	12414	inject	20434	712414
40023	12415	inject	20434	712415
40023	12416	inject	20434	712416
40023	12417	inject	20434	712417
40023	12418	inject	20434	712418
40023	12419	inject	20434	712419
40023	12420	inject	20434	712420
40023	12421	inject	20434	712421
40023	12422	inject	20434	712422
40023	12423	inject	20434	712423
40023	12424	inject	20434	712424
40023	12425	inject	20434	712425
40023	12426	inject	20434	712426
40023	12427	inject	20434	712427
40023	12428	inject	20434	712428
40023	12429	inject	20434	712429
40023	12430	inject	20434	712430
40023	12431	inject	20434	712431
40023	12432	inject	20434	712432
40023	12433	inject	20434	712433
40023	12434	inject	20434	712434
40023	12435	inject	20434	712435
40023	12436	inject	20434	712436
40023	12437	inject	20434	712437
40023	12438	inject	20434	712438
40023	12439	inject	20434	712439
40023	12440	inject	20434	712440
40023	12441	inject	20434	712441
40023	12442	inject	20434	712442
40023	12443	inject	20434	712443
40023	12444	inject	20434	712444
40023	12445	inject	20434	712445
40024	12446	inject	20435	712446
40024	12447	inject	20435	712447
40024	12448	inject	20435	712448
40024	12449	inject	20435	712449
40024	12450	inject	20435	712450
40024	12451	inject	20435	712451
40024	12452	inject	20435	712452
40024	12453	inject	20435	712453
40024	12454	inject	20435	712454
40024	12455	inject	20435	712455
40024	12456	inject	20435	712456
40024	12457	inject	20435	712457
40024	12458	inject	20435	712458
40024	12459	inject	20435	712459
40024	12460	inject	20435	712460
40024	12461	inject	20435	712461
40024	12462	inject	20435	712462
40024	12463	inject	20435	712463
40024	12464	inject	20435	712464
40024	12465	inject	20435	712465
40024	12466	inject	20435	712466
40024	12467	inject	20435	712467
40024	12468	inject	20435	712468
40024	12469	inject	20435	712469
40024	12470	inject	20435	712470
40024	12471	inject	20435	712471
40024	12472	inject	20435	712472
40024	12473	inject	20435	712473
40024	12474	inject	20435	712474
40024	12475	inject	20435	712475
40024	12476	inject	20435	712476
40024	12477	inject	20435	712477
40024	12478	inject	20435	712478
40024	12479	inject	20435	712479
40024	12480	inject	20435	712480
40024	12481	inject	20435	712481
40024	12482	inject	20435	712482
40024	12483	inject	20435	712483
40024	12484	inject	20435	712484
40024	12485	inject	20435	712485
40024	12486	inject	20435	712486
40024	12487	inject	20435	712487
40024	12488	inject	20435	712488
40024	12489	inject	20435	712489
40024	12490	inject	20435	712490
40024	12491	inject	20435	712491
40024	12492	inject	20435	712492
40024	12493	inject	20435	712493
40024	12494	inject	20435	712494
40024	12495	inject	20435	712495
40024	12496	inject	20435	712496
40024	12497	inject	20435	712497
40024	12498	inject	20435	712498
40024	12499	inject	20435	712499
40024	12500	inject	20435	712500
40024	12501	inject	20435	712501
40024	12502	inject	20435	712502
40024	12503	inject	20435	712503
40024	12504	inject	20435	712504
40024	12505	inject	20435	712505
40024	12506	inject	20435	712506
40024	12507	inject	20435	712507
40024	12508	inject	20435	712508
40024	12509	inject	20435	712509
40024	12510	inject	20435	712510
40024	12511	inject	20435	712511
40024	12512	inject	20435	712512
40024	12513	inject	20435	712513
40024	12514	inject	20435	712514
40024	12515	inject	20435	712515
40024	12516	inject	20435	712516
40024	12517	inject	20435	712517
40024	12518	inject	20435	712518
40024	12519	inject	20435	712519
40024	12520	inject	20435	712520
40024	12521	inject	20435	712521
40024	12522	inject	20435	712522
40024	12523	inject	20435	712523
40024	12524	inject	20435	712524
40024	12525	inject	20435	712525
40024	12526	inject	20435	712526
40024	12527	inject	20435	712527
40024	12528	inject	20435	712528
40024	12529	inject	20435	712529
40024	12530	inject	20435	712530
40024	12531	inject	20435	712531
40024	12532	inject	20435	712532
40024	12533	inject	20435	712533
40024	12534	inject	20435	712534
40024	12535	inject	20435	712535
40024	12536	inject	20435	712536
40024	12537	inject	20435	712537
40024	12538	inject	20435	712538
40024	12539	inject	20435	712539
40024	12540	inject	20435	712540
40024	12541	inject	20435	712541
40024	12542	inject	20435	712542
40024	12543	inject	20435	712543
40024	12544	inject	20435	712544
40024	12545	inject	20435	712545
40025	12546	inject	20436	712546
40025	12547	inject	20436	712547
40025	12548	inject	20436	712548
40025	12549	inject	20436	712549
40025	12550	inject	20436	712550
40025	12551	inject	20436	712551
40025	12552	inject	20436	712552
40025	12553	inject	20436	712553
40025	12554	inject	20436	712554
40025	12555	inject	20436	712555
40025	12556	inject	20436	712556
40025	12557	inject	20436	712557
40025	12558	inject	20436	712558
40025	12559	inject	20436	712559
40025	12560	inject	20436	712560
40025	12561	inject	20436	712561
40025	12562	inject	20436	712562
40025	12563	inject	20436	712563
40025	12564	inject	20436	712564
40025	12565	matched	11	3000
40025	12566	inject	20436	712566
40025	12567	inject	20436	712567
40025	12568	inject	20436	712568
40025	12569	inject	20436	712569
40025	12570	inject	20436	712570
40025	12571	inject	20436	712571
40025	12572	inject	20436	712572
40025	12573	inject	20436	712573
40025	12574	inject	20436	712574
40025	12575	matched	11	3000
40025	12576	inject	20436	712576
40025	12577	inject	20436	712577
40025	12578	inject	20436	712578
40025	12579	inject	20436	712579
40025	12580	inject	20436	712580
40025	12581	inject	20436	712581
40025	12582	inject	20436	712582
40025	12583	inject	20436	712583
40025	12584	inject	20436	712584
40025	12585	matched	11	3000
40025	12586	inject	20436	712586
40025	12587	inject	20436	712587
40025	12588	inject	20436	712588
40025	12589	inject	20436	712589
40025	12590	inject	20436	712590
40025	12591	inject	20436	712591
40025	12592	inject	20436	712592
40025	12593	matched	11	3000
40025	12594	matched	11	3000
40025	12595	matched	11	3000
40025	12596	inject	20436	712596
40025	12597	matched	11	3000
40025	12598	inject	20436	712598
40025	12599	inject	20436	712599
40025	12600	inject	20436	712600
40025	12601	inject	20436	712601
40025	12602	matched	11	3000
40025	12603	matched	11	3000
40025	12604	matched	11	3000
40025	12605	matched	11	3000
40025	12606	inject	20436	712606
40025	12607	matched	11	3000
40025	12608	inject	20436	712608
40025	12609	inject	20436	712609
40025	12610	inject	20436	712610
40025	12611	inject	20436	712611
40025	12612	matched	11	3000
40025	12613	matched	11	3000
40025	12614	matched	11	3000
40025	12615	matched	11	3000
40025	12616	matched	11	3000
40025	12617	matched	11	3000
40025	12618	matched	11	3000
40025	12619	inject	20436	712619
40025	12620	inject	20436	712620
40025	12621	inject	20436	712621
40025	12622	matched	11	3000
40025	12623	matched	11	3000
40025	12624	matched	11	3000
40025	12625	matched	11	3000
40025	12626	matched	11	3000
40025	12627	matched	11	3000
40025	12628	matched	11	3000
40025	12629	matched	11	3000
40025	12630	matched	11	3000
40025	12631	inject	20436	712631
40025	12632	matched	11	3000
40025	12633	matched	11	3000
40025	12634	matched	11	3000
40025	12635	matched	11	3000
40025	12636	matched	11	3000
40025	12637	matched	11	3000
40025	12638	matched	11	3000
40025	12639	matched	11	3000
40025	12640	matched	11	3000
40025	12641	matched	11	3000
40025	12642	matched	11	3000
40025	12643	matched	11	3000
40025	12644	matched	11	3000
40025	12645	matched	11	3000
40026	12646	inject	20437	712646
40026	12647	inject	20437	712647
40026	12648	inject	20437	712648
40026	12649	inject	20437	712649
40026	12650	inject	20437	712650
40026	12651	inject	20437	712651
40026	12652	inject	20437	712652
40026	12653	inject	20437	712653
40026	12654	inject	20437	712654
40026	12655	inject	20437	712655
40026	12656	inject	20437	712656
40026	12657	inject	20437	712657
40026	12658	inject	20437	712658
40026	12659	inject	20437	712659
40026	12660	inject	20437	712660
40026	12661	inject	20437	712661
40026	12662	inject	20437	712662
40026	12663	inject	20437	712663
40026	12664	inject	20437	712664
40026	12665	matched	11	3000
40026	12666	inject	20437	712666
40026	12667	inject	20437	712667
40026	12668	inject	20437	712668
40026	12669	inject	20437	712669
40026	12670	inject	20437	712670
40026	12671	inject	20437	712671
40026	12672	inject	20437	712672
40026	12673	inject	20437	712673
40026	12674	inject	20437	712674
40026	12675	matched	11	3000
40026	12676	inject	20437	712676
40026	12677	inject	20437	712677
40026	12678	inject	20437	712678
40026	12679	inject	20437	712679
40026	12680	inject	20437	712680
40026	12681	inject	20437	712681
40026	12682	inject	20437	712682
40026	12683	inject	20437	712683
40026	12684	inject	20437	712684
40026	12685	matched	11	3000
40026	12686	inject	20437	712686
40026	12687	inject	20437	712687
40026	12688	inject	20437	712688
40026	12689	inject	20437	712689
40026	12690	inject	20437	712690
40026	12691	inject	20437	712691
40026	12692	inject	20437	712692
40026	12693	inject	20437	712693
40026	12694	inject	20437	712694
40026	12695	inject	20437	712695
40026	12696	inject	20437	712696
40026	12697	matched	11	3000
40026	12698	inject	20437	712698
40026	12699	matched	11	3000
40026	12700	matched	11	3000
40026	12701	matched	11	3000
40026	12702	matched	11	3000
40026	12703	inject	20437	712703
40026	12704	inject	20437	712704
40026	12705	inject	20437	712705
40026	12706	matched	11	3000
40026	12707	matched	11	3000
40026	12708	matched	11	3000
40026	12709	matched	11	3000
40026	12710	matched	11	3000
40026	12711	matched	11	3000
40026	12712	matched	11	3000
40026	12713	matched	11	3000
40026	12714	matched	11	3000
40026	12715	matched	11	3000
40026	12716	matched	11	3000
40026	12717	matched	11	3000
40026	12718	matched	11	3000
40026	12719	matched	11	3000
40026	12720	matched	11	3000
40026	12721	matched	11	3000
40026	12722	matched	11	3000
40026	12723	matched	11	3000
40026	12724	matched	11	3000
40026	12725	matched	11	3000
40026	12726	matched	11	3000
40026	12727	matched	11	3000
40026	12728	matched	11	3000
40026	12729	matched	11	3000
40026	12730	matched	11	3000
40026	12731	matched	11	3000
40026	12732	matched	11	3000
40026	12733	matched	11	3000
40026	12734	matched	11	3000
40026	12735	matched	11	3000
40026	12736	matched	11	3000
40026	12737	matched	11	3000
40026	12738	matched	11	3000
40026	12739	matched	11	3000
40026	12740	matched	11	3000
40026	12741	matched	11	3000
40026	12742	matched	11	3000
40026	12743	matched	11	3000
40026	12744	matched	11	3000
40026	12745	matched	11	3000
40027	12800	inject	20438	712800
40027	12801	inject	20438	712801
40027	12802	inject	20438	712802
40027	12803	inject	20438	712803
40027	12804	inject	20438	712804
40027	12805	inject	20438	712805
40027	12806	inject	20438	712806
40027	12807	inject	20438	712807
40027	12808	inject	20438	712808
40027	12809	inject	20438	712809
40027	12810	inject	20438	712810
40027	12811	inject	20438	712811
40027	12812	inject	20438	712812
40027	12813	inject	20438	712813
40027	12814	inject	20438	712814
40027	12815	inject	20438	712815
40027	12816	inject	20438	712816
40027	12817	inject	20438	712817
40027	12818	inject	20438	712818
40027	12819	inject	20438	712819
40027	12820	inject	20438	712820
40027	12821	inject	20438	712821
40027	12822	inject	20438	712822
40027	12823	inject	20438	712823
40027	12824	inject	20438	712824
40027	12825	inject	20438	712825
40027	12826	inject	20438	712826
40027	12827	inject	20438	712827
40027	12828	inject	20438	712828
40027	12829	inject	20438	712829
40027	12830	inject	20438	712830
40027	12831	inject	20438	712831
40027	12832	inject	20438	712832
40027	12833	inject	20438	712833
40027	12834	inject	20438	712834
40027	12835	inject	20438	712835
40027	12836	inject	20438	712836
40027	12837	inject	20438	712837
40027	12838	inject	20438	712838
40027	12839	inject	20438	712839
40027	12840	matched	11	3000
40027	12841	matched	11	3000
40027	12842	matched	11	3000
40027	12843	matched	11	3000
40027	12844	matched	11	3000
40027	12845	matched	11	3000
40027	12846	matched	11	3000
40027	12847	matched	11	3000
40027	12848	matched	11	3000
40027	12849	matched	11	3000
40027	12850	matched	11	3000
40027	12851	matched	11	3000
40027	12852	matched	11	3000
40027	12853	matched	11	3000
40027	12854	matched	11	3000
40027	12855	matched	11	3000
40027	12856	matched	11	3000
40027	12857	matched	11	3000
40027	12858	matched	11	3000
40027	12859	matched	11	3000
40027	12860	matched	11	3000
40027	12861	matched	11	3000
40027	12862	matched	11	3000
40027	12863	matched	11	3000
40027	12864	matched	11	3000
40027	12865	matched	11	3000
40027	12866	matched	11	3000
40027	12867	matched	11	3000
40027	12868	matched	11	3000
40027	12869	matched	11	3000
40027	12870	matched	11	3000
40027	12871	matched	11	3000
40027	12872	matched	11	3000
40027	12873	matched	11	3000
40027	12874	matched	11	3000
40027	12875	matched	11	3000
40027	12876	matched	11	3000
40027	12877	matched	11	3000
40027	12878	matched	11	3000
40027	12879	matched	11	3000
40027	12880	matched	11	3000
40027	12881	matched	11	3000
40027	12882	matched	11	3000
40027	12883	matched	11	3000
40027	12884	matched	11	3000
40027	12885	matched	11	3000
40027	12886	matched	11	3000
40027	12887	matched	11	3000
40027	12888	matched	11	3000
40027	12889	matched	11	3000
40027	12890	matched	11	3000
40027	12891	matched	11	3000
40027	12892	matched	11	3000
40027	12893	matched	11	3000
40027	12894	matched	11	3000
40027	12895	matched	11	3000
40027	12896	matched	11	3000
40027	12897	matched	11	3000
40027	12898	matched	11	3000
40027	12899	matched	11	3000
40028	12900	inject	20439	712900
40028	12901	inject	20439	712901
40028	12902	inject	20439	712902
40028	12903	inject	20439	712903
40028	12904	inject	20439	712904
40028	12905	inject	20439	712905
40028	12906	inject	20439	712906
40028	12907	inject	20439	712907
40028	12908	inject	20439	712908
40028	12909	inject	20439	712909
40028	12910	inject	20439	712910
40028	12911	inject	20439	712911
40028	12912	inject	20439	712912
40028	12913	inject	20439	712913
40028	12914	inject	20439	712914
40028	12915	inject	20439	712915
40028	12916	inject	20439	712916
40028	12917	inject	20439	712917
40028	12918	inject	20439	712918
40028	12919	inject	20439	712919
40028	12920	inject	20439	712920
40028	12921	inject	20439	712921
40028	12922	inject	20439	712922
40028	12923	inject	20439	712923
40028	12924	inject	20439	712924
40028	12925	inject	20439	712925
40028	12926	inject	20439	712926
40028	12927	inject	20439	712927
40028	12928	inject	20439	712928
40028	12929	inject	20439	712929
40028	12930	inject	20439	712930
40028	12931	inject	20439	712931
40028	12932	inject	20439	712932
40028	12933	inject	20439	712933
40028	12934	inject	20439	712934
40028	12935	inject	20439	712935
40028	12936	inject	20439	712936
40028	12937	inject	20439	712937
40028	12938	inject	20439	712938
40028	12939	inject	20439	712939
40028	12940	inject	20439	712940
40028	12941	inject	20439	712941
40028	12942	inject	20439	712942
40028	12943	inject	20439	712943
40028	12944	inject	20439	712944
40028	12945	inject	20439	712945
40028	12946	inject	20439	712946
40028	12947	inject	20439	712947
40028	12948	inject	20439	712948
40028	12949	inject	20439	712949
40028	12950	inject	20439	712950
40028	12951	inject	20439	712951
40028	12952	inject	20439	712952
40028	12953	inject	20439	712953
40028	12954	inject	20439	712954
40028	12955	inject	20439	712955
40028	12956	inject	20439	712956
40028	12957	inject	20439	712957
40028	12958	inject	20439	712958
40028	12959	inject	20439	712959
40028	12960	inject	20439	712960
40028	12961	inject	20439	712961
40028	12962	inject	20439	712962
40028	12963	inject	20439	712963
40028	12964	inject	20439	712964
40028	12965	inject	20439	712965
40028	12966	inject	20439	712966
40028	12967	inject	20439	712967
40028	12968	inject	20439	712968
40028	12969	inject	20439	712969
40028	12970	inject	20439	712970
40028	12971	inject	20439	712971
40028	12972	inject	20439	712972
40028	12973	inject	20439	712973
40028	12974	inject	20439	712974
40028	12975	inject	20439	712975
40028	12976	inject	20439	712976
40028	12977	inject	20439	712977
40028	12978	inject	20439	712978
40028	12979	inject	20439	712979
40028	12980	inject	20439	712980
40028	12981	inject	20439	712981
40028	12982	inject	20439	712982
40028	12983	inject	20439	712983
40028	12984	inject	20439	712984
40028	12985	inject	20439	712985
40028	12986	inject	20439	712986
40028	12987	inject	20439	712987
40028	12988	inject	20439	712988
40028	12989	inject	20439	712989
40028	12990	inject	20439	712990
40028	12991	inject	20439	712991
40028	12992	inject	20439	712992
40028	12993	inject	20439	712993
40028	12994	inject	20439	712994
40028	12995	inject	20439	712995
40028	12996	inject	20439	712996
40028	12997	inject	20439	712997
40028	12998	inject	20439	712998
40028	12999	inject	20439	712999
40029	13000	inject	20440	713000
40029	13001	inject	20440	713001
40029	13002	inject	20440	713002
40029	13003	inject	20440	713003
40029	13004	inject	20440	713004
40029	13005	inject	20440	713005
40029	13006	inject	20440	713006
40029	13007	inject	20440	713007
40029	13008	inject	20440	713008
40029	13009	inject	20440	713009
40029	13010	inject	20440	713010
40029	13011	inject	20440	713011
40029	13012	inject	20440	713012
40029	13013	inject	20440	713013
40029	13014	inject	20440	713014
40029	13015	inject	20440	713015
40029	13016	inject	20440	713016
40029	13017	inject	20440	713017
40029	13018	inject	20440	713018
40029	13019	inject	20440	713019
40029	13020	inject	20440	713020
40029	13021	inject	20440	713021
40029	13022	inject	20440	713022
40029	13023	inject	20440	713023
40029	13024	inject	20440	713024
40029	13025	inject	20440	713025
40029	13026	inject	20440	713026
40029	13027	inject	20440	713027
40029	13028	inject	20440	713028
40029	13029	inject	20440	713029
40029	13030	inject	20440	713030
40029	13031	inject	20440	713031
40029	13032	inject	20440	713032
40029	13033	inject	20440	713033
40029	13034	inject	20440	713034
40029	13035	inject	20440	713035
40029	13036	inject	20440	713036
40029	13037	inject	20440	713037
40029	13038	matched	11	3000
40029	13039	matched	11	3000
40029	13040	inject	20440	713040
40029	13041	inject	20440	713041
40029	13042	inject	20440	713042
40029	13043	inject	20440	713043
40029	13044	inject	20440	713044
40029	13045	inject	20440	713045
40029	13046	inject	20440	713046
40029	13047	matched	11	3000
40029	13048	matched	11	3000
40029	13049	matched	11	3000
40029	13050	matched	11	3000
40029	13051	matched	11	3000
40029	13052	matched	11	3000
40029	13053	matched	11	3000
40029	13054	matched	11	3000
40029	13055	matched	11	3000
40029	13056	matched	11	3000
40029	13057	matched	11	3000
40029	13058	matched	11	3000
40029	13059	matched	11	3000
40029	13060	matched	11	3000
40029	13061	matched	11	3000
40029	13062	matched	11	3000
40029	13063	matched	11	3000
40029	13064	matched	11	3000
40029	13065	matched	11	3000
40029	13066	matched	11	3000
40029	13067	matched	11	3000
40029	13068	matched	11	3000
40029	13069	matched	11	3000
40029	13070	matched	11	3000
40029	13071	matched	11	3000
40029	13072	matched	11	3000
40029	13073	matched	11	3000
40029	13074	matched	11	3000
40029	13075	matched	11	3000
40029	13076	matched	11	3000
40029	13077	matched	11	3000
40029	13078	matched	11	3000
40029	13079	matched	11	3000
40029	13080	matched	11	3000
40029	13081	inject	20440	713081
40029	13082	matched	11	3000
40029	13083	matched	11	3000
40029	13084	matched	11	3000
40029	13085	matched	11	3000
40029	13086	matched	11	3000
40029	13087	matched	11	3000
40029	13088	matched	11	3000
40029	13089	matched	11	3000
40029	13090	matched	11	3000
40029	13091	matched	11	3000
40029	13092	matched	11	3000
40029	13093	matched	11	3000
40029	13094	matched	11	3000
40029	13095	matched	11	3000
40029	13096	matched	11	3000
40029	13097	matched	11	3000
40029	13098	matched	11	3000
40029	13099	matched	11	3000
40030	13100	inject	20441	713100
40030	13101	inject	20441	713101
40030	13102	inject	20441	713102
40030	13103	inject	20441	713103
40030	13104	inject	20441	713104
40030	13105	inject	20441	713105
40030	13106	inject	20441	713106
40030	13107	inject	20441	713107
40030	13108	inject	20441	713108
40030	13109	inject	20441	713109
40030	13110	inject	20441	713110
40030	13111	inject	20441	713111
40030	13112	inject	20441	713112
40030	13113	inject	20441	713113
40030	13114	inject	20441	713114
40030	13115	matched	11	3000
40030	13116	inject	20441	713116
40030	13117	inject	20441	713117
40030	13118	inject	20441	713118
40030	13119	inject	20441	713119
40030	13120	inject	20441	713120
40030	13121	inject	20441	713121
40030	13122	inject	20441	713122
40030	13123	inject	20441	713123
40030	13124	inject	20441	713124
40030	13125	inject	20441	713125
40030	13126	inject	20441	713126
40030	13127	inject	20441	713127
40030	13128	inject	20441	713128
40030	13129	inject	20441	713129
40030	13130	inject	20441	713130
40030	13131	inject	20441	713131
40030	13132	inject	20441	713132
40030	13133	inject	20441	713133
40030	13134	inject	20441	713134
40030	13135	inject	20441	713135
40030	13136	inject	20441	713136
40030	13137	inject	20441	713137
40030	13138	inject	20441	713138
40030	13139	inject	20441	713139
40030	13140	inject	20441	713140
40030	13141	inject	20441	713141
40030	13142	inject	20441	713142
40030	13143	inject	20441	713143
40030	13144	inject	20441	713144
40030	13145	inject	20441	713145
40030	13146	inject	20441	713146
40030	13147	inject	20441	713147
40030	13148	inject	20441	713148
40030	13149	inject	20441	713149
40030	13150	inject	20441	713150
40030	13151	inject	20441	713151
40030	13152	matched	11	3000
40030	13153	inject	20441	713153
40030	13154	inject	20441	713154
40030	13155	inject	20441	713155
40030	13156	inject	20441	713156
40030	13157	inject	20441	713157
40030	13158	inject	20441	713158
40030	13159	inject	20441	713159
40030	13160	inject	20441	713160
40030	13161	inject	20441	713161
40030	13162	inject	20441	713162
40030	13163	inject	20441	713163
40030	13164	inject	20441	713164
40030	13165	inject	20441	713165
40030	13166	inject	20441	713166
40030	13167	inject	20441	713167
40030	13168	inject	20441	713168
40030	13169	inject	20441	713169
40030	13170	inject	20441	713170
40030	13171	inject	20441	713171
40030	13172	inject	20441	713172
40030	13173	inject	20441	713173
40030	13174	inject	20441	713174
40030	13175	inject	20441	713175
40030	13176	inject	20441	713176
40030	13177	inject	20441	713177
40030	13178	inject	20441	713178
40030	13179	inject	20441	713179
40030	13180	inject	20441	713180
40030	13181	inject	20441	713181
40030	13182	inject	20441	713182
40030	13183	inject	20441	713183
40030	13184	inject	20441	713184
40030	13185	inject	20441	713185
40030	13186	inject	20441	713186
40030	13187	inject	20441	713187
40030	13188	inject	20441	713188
40030	13189	inject	20441	713189
40030	13190	inject	20441	713190
40030	13191	inject	20441	713191
40030	13192	inject	20441	713192
40030	13193	inject	20441	713193
40030	13194	inject	20441	713194
40030	13195	inject	20441	713195
40030	13196	inject	20441	713196
40030	13197	inject	20441	713197
40030	13198	inject	20441	713198
40030	13199	matched	11	3000
41000	150000	inject	20442	850000
41000	150001	inject	20442	850001
41000	150002	inject	20442	850002
41000	150003	inject	20442	850003
41000	150004	matched	2323	621399
41000	150005	matched	2323	621399
41000	150006	matched	2323	621399
41000	150007	matched	2323	621399
41000	150008	matched	2323	621399
41000	150009	matched	2323	621399
41000	150011	inject	20442	850011
41000	150012	inject	20442	850012
41000	150013	inject	20442	850013
41000	150014	matched	2323	621399
41000	150015	matched	2323	621399
41000	150016	matched	2323	621399
41000	150017	matched	2323	621399
41000	150018	matched	2323	621399
41000	150019	matched	2323	621399
41000	150020	matched	2323	621399
41000	150022	inject	20442	850022
41000	150023	inject	20442	850023
41000	150024	inject	20442	850024
41000	150025	matched	2323	621399
41000	150026	matched	2323	621399
41000	150027	matched	2323	621399
41000	150028	matched	2323	621399
41000	150029	matched	2323	621399
41000	150030	matched	2323	621399
41000	150031	matched	2323	621399
41000	150033	inject	20442	850033
41000	150034	inject	20442	850034
41000	150035	inject	20442	850035
41000	150036	matched	2323	621399
41000	150037	matched	2323	621399
41000	150038	matched	2323	621399
41000	150039	matched	2323	621399
41000	150040	matched	2323	621399
41000	150041	matched	2323	621399
41000	150042	matched	2323	621399
41000	150044	inject	20442	850044
41000	150045	inject	20442	850045
41000	150046	matched	2323	621399
41000	150047	matched	2323	621399
41000	150048	matched	2323	621399
41000	150049	matched	2323	621399
41000	150050	matched	2323	621399
41000	150051	matched	2323	621399
41000	150052	matched	2323	621399
41000	150053	matched	2323	621399
41000	150055	inject	20442	850055
41000	150056	inject	20442	850056
41000	150057	matched	2323	621399
41000	150058	matched	2323	621399
41000	150059	matched	2323	621399
41000	150060	matched	2323	621399
41000	150061	matched	2323	621399
41000	150062	matched	2323	621399
41000	150063	matched	2323	621399
41000	150064	matched	2323	621399
41000	150066	inject	20442	850066
41000	150067	inject	20442	850067
41000	150068	matched	2323	621399
41000	150069	matched	2323	621399
41000	150070	matched	2323	621399
41000	150071	matched	2323	621399
41000	150072	matched	2323	621399
41000	150073	matched	2323	621399
41000	150074	matched	2323	621399
41000	150075	matched	2323	621399
41000	150077	inject	20442	850077
41000	150078	inject	20442	850078
41000	150079	matched	2323	621399
41000	150080	matched	2323	621399
41000	150081	matched	2323	621399
41000	150082	matched	2323	621399
41000	150083	matched	2323	621399
41000	150084	matched	2323	621399
41000	150085	matched	2323	621399
41000	150086	matched	2323	621399
41000	150088	matched	2323	621399
41000	150089	matched	2323	621399
41000	150090	matched	2323	621399
41000	150091	matched	2323	621399
41000	150092	matched	2323	621399
41000	150093	matched	2323	621399
41000	150094	matched	2323	621399
41000	150095	matched	2323	621399
41000	150096	matched	2323	621399
41000	150097	matched	2323	621399
41000	150099	matched	2323	621399
41000	150931	matched	2323	621399
41000	150932	matched	2323	621399
41000	150933	matched	2323	621399
41000	150934	matched	2323	621399
41000	150935	matched	2323	621399
41000	150936	matched	2323	621399
41000	150937	matched	2323	621399
41000	150938	matched	2323	621399
41000	150939	matched	2323	621399
41001	150100	inject	20443	850100
41001	150101	inject	20443	850101
41001	150102	inject	20443	850102
41001	150103	inject	20443	850103
41001	150104	inject	20443	850104
41001	150105	inject	20443	850105
41001	150106	matched	11	3000
41001	150107	matched	11	3000
41001	150108	matched	11	3000
41001	150109	inject	20443	850109
41001	150110	inject	20443	850110
41001	150111	inject	20443	850111
41001	150112	matched	11	3000
41001	150113	inject	20443	850113
41001	150114	inject	20443	850114
41001	150115	matched	11	3000
41001	150116	matched	11	3000
41001	150117	matched	11	3000
41001	150118	inject	20443	850118
41001	150119	inject	20443	850119
41001	150120	inject	20443	850120
41001	150121	inject	20443	850121
41001	150122	inject	20443	850122
41001	150123	inject	20443	850123
41001	150124	matched	11	3000
41001	150125	matched	11	3000
41001	150126	matched	11	3000
41001	150127	inject	20443	850127
41001	150128	inject	20443	850128
41001	150129	inject	20443	850129
41001	150130	inject	20443	850130
41001	150131	inject	20443	850131
41001	150132	inject	20443	850132
41001	150133	matched	11	3000
41001	150134	matched	11	3000
41001	150135	matched	11	3000
41001	150136	inject	20443	850136
41001	150137	inject	20443	850137
41001	150138	inject	20443	850138
41001	150139	inject	20443	850139
41001	150140	inject	20443	850140
41001	150141	inject	20443	850141
41001	150142	matched	11	3000
41001	150143	matched	11	3000
41001	150144	matched	11	3000
41001	150145	inject	20443	850145
41001	150146	inject	20443	850146
41001	150147	inject	20443	850147
41001	150148	matched	11	3000
41001	150149	matched	11	3000
41001	150150	matched	11	3000
41001	150151	matched	11	3000
41001	150152	matched	11	3000
41001	150153	matched	11	3000
41001	150154	inject	20443	850154
41001	150155	inject	20443	850155
41001	150156	inject	20443	850156
41001	150157	matched	11	3000
41001	150158	matched	11	3000
41001	150159	matched	11	3000
41001	150160	matched	11	3000
41001	150161	matched	11	3000
41001	150162	matched	11	3000
41001	150163	matched	11	3000
41001	150164	matched	11	3000
41001	150165	matched	11	3000
41001	150166	matched	11	3000
41001	150167	matched	11	3000
41001	150168	matched	11	3000
41001	150169	matched	11	3000
41001	150170	matched	11	3000
41001	150171	matched	11	3000
41001	150172	matched	11	3000
41001	150173	matched	11	3000
41001	150174	matched	11	3000
41001	150175	matched	11	3000
41001	150176	matched	11	3000
41001	150177	matched	11	3000
41001	150178	matched	11	3000
41001	150179	matched	11	3000
41001	150180	matched	11	3000
41002	150200	inject	20444	850200
41002	150201	inject	20444	850201
41002	150202	inject	20444	850202
41002	150203	inject	20444	850203
41002	150204	inject	20444	850204
41002	150205	inject	20444	850205
41002	150206	inject	20444	850206
41002	150207	inject	20444	850207
41002	150208	inject	20444	850208
41002	150212	inject	20444	850212
41002	150213	inject	20444	850213
41002	150214	inject	20444	850214
41002	150215	inject	20444	850215
41002	150216	inject	20444	850216
41002	150217	inject	20444	850217
41002	150218	inject	20444	850218
41002	150222	inject	20444	850222
41002	150224	inject	20444	850224
41002	150227	inject	20444	850227
41002	150228	inject	20444	850228
41002	150230	inject	20444	850230
41002	150231	inject	20444	850231
41003	150300	inject	20445	850300
41003	150301	matched	2303	423215
41003	150302	inject	20445	850302
41003	150303	inject	20445	850303
41003	150304	inject	20445	850304
41003	150305	inject	20445	850305
41003	150310	inject	20445	850310
41003	150311	inject	20445	850311
41003	150312	inject	20445	850312
41003	150313	inject	20445	850313
41003	150314	inject	20445	850314
41003	150315	inject	20445	850315
41003	150320	inject	20445	850320
41003	150321	inject	20445	850321
41003	150322	inject	20445	850322
41003	150323	inject	20445	850323
41004	150324	inject	20446	850324
41004	150325	inject	20446	850325
41004	150326	inject	20446	850326
41004	150327	inject	20446	850327
41004	150328	inject	20446	850328
41004	150329	inject	20446	850329
41004	150330	inject	20446	850330
41004	150331	inject	20446	850331
41004	150332	inject	20446	850332
41004	150333	inject	20446	850333
41004	150334	inject	20446	850334
41004	150335	inject	20446	850335
41004	150336	inject	20446	850336
41004	150337	inject	20446	850337
41004	150338	inject	20446	850338
41004	150339	inject	20446	850339
41004	150340	inject	20446	850340
41004	150341	inject	20446	850341
41004	150342	inject	20446	850342
41004	150343	inject	20446	850343
41004	150344	inject	20446	850344
41004	150345	inject	20446	850345
41004	150346	inject	20446	850346
41004	150347	inject	20446	850347
41004	150348	inject	20446	850348
41004	150349	inject	20446	850349
41004	150350	inject	20446	850350
41004	150351	inject	20446	850351
41004	150352	inject	20446	850352
41004	150353	matched	11	3000
41004	150354	inject	20446	850354
41004	150355	inject	20446	850355
41004	150356	inject	20446	850356
41004	150357	inject	20446	850357
41004	150358	inject	20446	850358
41004	150359	inject	20446	850359
41004	150360	inject	20446	850360
41004	150361	inject	20446	850361
41004	150362	inject	20446	850362
41004	150363	inject	20446	850363
41004	150364	inject	20446	850364
41004	150365	inject	20446	850365
41004	150366	inject	20446	850366
41004	150367	inject	20446	850367
41004	150368	inject	20446	850368
41004	150369	inject	20446	850369
41004	150370	inject	20446	850370
41004	150371	inject	20446	850371
41004	150372	inject	20446	850372
41004	150373	inject	20446	850373
41004	150374	inject	20446	850374
41004	150375	inject	20446	850375
41004	150376	inject	20446	850376
41004	150377	inject	20446	850377
41004	150378	inject	20446	850378
41004	150379	inject	20446	850379
41004	150380	inject	20446	850380
41004	150381	inject	20446	850381
41004	150382	inject	20446	850382
41004	150383	inject	20446	850383
41004	150384	inject	20446	850384
41004	150385	matched	11	3000
41004	150386	matched	11	3000
41004	150387	inject	20446	850387
41004	150388	inject	20446	850388
41004	150389	inject	20446	850389
41004	150390	inject	20446	850390
41004	150391	inject	20446	850391
41004	150392	inject	20446	850392
41004	150393	inject	20446	850393
41004	150394	inject	20446	850394
41004	150395	inject	20446	850395
41004	150396	inject	20446	850396
41004	150397	inject	20446	850397
41004	150398	inject	20446	850398
41004	150399	inject	20446	850399
41004	150400	inject	20446	850400
41004	150401	inject	20446	850401
41004	150402	matched	11	3000
41004	150403	matched	11	3000
41004	150404	inject	20446	850404
41004	150405	matched	11	3000
41004	150406	matched	11	3000
41004	150407	inject	20446	850407
41004	150408	matched	11	3000
41004	150409	matched	11	3000
41004	150410	inject	20446	850410
41004	150411	inject	20446	850411
41004	150412	matched	11	3000
41004	150413	matched	11	3000
41004	150414	inject	20446	850414
41004	150415	inject	20446	850415
41004	150416	inject	20446	850416
41004	150417	inject	20446	850417
41004	150418	matched	11	3000
41004	150419	matched	11	3000
41004	150420	matched	11	3000
41004	150421	matched	11	3000
41004	150422	matched	11	3000
41004	150423	matched	11	3000
41005	150424	inject	20447	850424
41005	150425	inject	20447	850425
41005	150426	inject	20447	850426
41005	150427	inject	20447	850427
41005	150428	inject	20447	850428
41005	150429	inject	20447	850429
41005	150430	inject	20447	850430
41005	150431	inject	20447	850431
41005	150432	inject	20447	850432
41006	150524	inject	20448	850524
41006	150525	inject	20448	850525
41006	150526	inject	20448	850526
41006	150527	inject	20448	850527
41006	150528	inject	20448	850528
41006	150529	matched	2323	621399
41006	150530	inject	20448	850530
41006	150531	inject	20448	850531
41006	150532	matched	2323	621399
41006	150533	matched	2323	621399
41006	150534	inject	20448	850534
41006	150535	inject	20448	850535
41006	150536	inject	20448	850536
41006	150537	inject	20448	850537
41006	150538	inject	20448	850538
41006	150539	inject	20448	850539
41006	150540	inject	20448	850540
41006	150541	matched	2323	621399
41006	150542	matched	2323	621399
41006	150543	matched	2323	621399
41006	150544	inject	20448	850544
41006	150545	inject	20448	850545
41006	150546	inject	20448	850546
41006	150547	inject	20448	850547
41006	150548	inject	20448	850548
41006	150549	inject	20448	850549
41006	150550	inject	20448	850550
41006	150551	matched	2323	621399
41006	150552	matched	2323	621399
41006	150553	matched	2323	621399
41006	150554	matched	2323	621399
41006	150555	matched	2323	621399
41006	150556	matched	2323	621399
41006	150557	matched	2323	621399
41006	150558	matched	2323	621399
41006	150559	matched	2323	621399
41006	150560	inject	20448	850560
41006	150561	matched	2323	621399
41006	150562	matched	2323	621399
41006	150563	matched	2323	621399
41006	150564	matched	2323	621399
41006	150565	matched	2323	621399
41006	150566	matched	2323	621399
41006	150567	matched	2323	621399
41006	150568	matched	2323	621399
41006	150569	matched	2323	621399
41006	150570	matched	2323	621399
41006	150571	matched	2323	621399
41006	150572	matched	2323	621399
41006	150573	matched	2323	621399
41006	150574	matched	2323	621399
41006	150575	matched	2323	621399
41006	150576	matched	2323	621399
41006	150577	matched	2323	621399
41006	150578	matched	2323	621399
41006	150579	matched	2323	621399
41006	150580	matched	2323	621399
41006	150581	matched	2323	621399
41006	150582	matched	2323	621399
41006	150583	matched	2323	621399
41006	150584	matched	2323	621399
41006	150585	matched	2323	621399
41006	150586	matched	2323	621399
41006	150587	matched	2323	621399
41006	150588	matched	2323	621399
41006	150589	matched	2323	621399
41006	150590	matched	2323	621399
41006	150591	matched	2323	621399
41006	150592	matched	2323	621399
41006	150593	matched	2323	621399
41006	150594	matched	2323	621399
41006	150595	matched	2323	621399
41006	150596	matched	2323	621399
41006	150597	matched	2323	621399
41006	150598	matched	2323	621399
41006	150599	matched	2323	621399
41006	150600	matched	2323	621399
41006	150601	matched	2323	621399
41006	150602	matched	2323	621399
41006	150603	matched	2323	621399
41006	150604	matched	2323	621399
41006	150605	matched	2323	621399
41006	150606	matched	2323	621399
41006	150607	matched	2323	621399
41006	150608	matched	2323	621399
41006	150609	matched	2323	621399
41006	150610	matched	2323	621399
41006	150611	matched	2323	621399
41006	150612	matched	2323	621399
41006	150613	matched	2323	621399
41006	150614	matched	2323	621399
41006	150615	matched	2323	621399
41006	150616	matched	2323	621399
41006	150617	matched	2323	621399
41006	150618	matched	2323	621399
41006	150619	matched	2323	621399
41006	150620	matched	2323	621399
41006	150621	matched	2323	621399
41006	150622	matched	2323	621399
41006	150623	matched	2323	621399
41007	150624	inject	20449	850624
41007	150625	inject	20449	850625
41007	150626	inject	20449	850626
41007	150627	inject	20449	850627
41007	150628	inject	20449	850628
41008	150724	inject	20450	850724
41008	150725	inject	20450	850725
41008	150726	inject	20450	850726
41008	150727	inject	20450	850727
41008	150728	inject	20450	850728
41008	150729	inject	20450	850729
41008	150730	inject	20450	850730
41008	150731	inject	20450	850731
41009	150732	inject	20451	850732
41009	150733	inject	20451	850733
41009	150734	inject	20451	850734
41009	150735	inject	20451	850735
41009	150736	inject	20451	850736
41009	150737	inject	20451	850737
41009	150738	inject	20451	850738
41009	150739	inject	20451	850739
41009	150740	inject	20451	850740
41009	150741	matched	11	3000
41009	150742	inject	20451	850742
41009	150743	inject	20451	850743
41009	150744	inject	20451	850744
41009	150745	inject	20451	850745
41009	150746	inject	20451	850746
41009	150747	inject	20451	850747
41009	150748	inject	20451	850748
41009	150749	matched	11	3000
41009	150750	matched	11	3000
41009	150751	matched	11	3000
41009	150752	inject	20451	850752
41009	150753	inject	20451	850753
41009	150754	inject	20451	850754
41009	150755	matched	11	3000
41009	150756	matched	11	3000
41009	150757	matched	11	3000
41009	150758	matched	11	3000
41009	150759	matched	11	3000
41009	150760	matched	11	3000
41009	150761	matched	11	3000
41009	150762	matched	11	3000
41009	150763	matched	11	3000
41009	150764	matched	11	3000
41009	150765	matched	11	3000
41009	150766	matched	11	3000
41009	150767	matched	11	3000
41009	150768	matched	11	3000
41009	150769	matched	11	3000
41009	150770	matched	11	3000
41009	150771	matched	11	3000
41009	150772	matched	11	3000
41009	150773	matched	11	3000
41009	150774	matched	11	3000
41009	150775	matched	11	3000
41009	150776	matched	11	3000
41009	150777	matched	11	3000
41009	150778	matched	11	3000
41009	150779	matched	11	3000
41009	150780	matched	11	3000
41009	150781	matched	11	3000
41009	150782	matched	11	3000
41009	150783	matched	11	3000
41009	150784	matched	11	3000
41009	150785	matched	11	3000
41009	150786	matched	11	3000
41009	150787	matched	11	3000
41009	150788	matched	11	3000
41009	150789	matched	11	3000
41009	150790	matched	11	3000
41009	150791	matched	11	3000
41009	150792	matched	11	3000
41009	150793	matched	11	3000
41009	150794	matched	11	3000
41009	150795	matched	11	3000
41009	150796	matched	11	3000
41009	150797	matched	11	3000
41009	150798	matched	11	3000
41009	150800	matched	11	3000
41009	150801	matched	11	3000
41009	150802	matched	11	3000
41009	150803	matched	11	3000
41009	150804	matched	11	3000
41009	150805	matched	11	3000
41009	150806	matched	11	3000
41009	150807	matched	11	3000
41009	150808	matched	11	3000
41009	150809	matched	11	3000
41009	150810	matched	11	3000
41009	150811	matched	11	3000
41009	150812	matched	11	3000
41009	150813	matched	11	3000
41009	150814	matched	11	3000
41009	150815	matched	11	3000
41009	150816	matched	11	3000
41009	150817	matched	11	3000
41009	150818	matched	11	3000
41009	150819	matched	11	3000
41009	150820	matched	11	3000
41009	150821	matched	11	3000
41009	150822	matched	11	3000
41009	150823	matched	11	3000
41009	150824	matched	11	3000
41009	150825	matched	11	3000
41009	150826	matched	11	3000
41009	150827	matched	11	3000
41009	150828	matched	11	3000
41009	150829	matched	11	3000
41009	150830	matched	11	3000
41010	150831	inject	20452	850831
41010	150832	inject	20452	850832
41010	150833	inject	20452	850833
41010	150834	inject	20452	850834
41010	150835	inject	20452	850835
41010	150836	inject	20452	850836
41010	150837	inject	20452	850837
41010	150838	inject	20452	850838
41010	150839	inject	20452	850839
41010	150840	inject	20452	850840
41010	150841	inject	20452	850841
41010	150842	inject	20452	850842
41010	150843	inject	20452	850843
41010	150844	inject	20452	850844
41010	150845	inject	20452	850845
41010	150846	inject	20452	850846
41010	150847	inject	20452	850847
41010	150848	inject	20452	850848
41010	150849	inject	20452	850849
41010	150850	inject	20452	850850
41010	150851	inject	20452	850851
41010	150852	inject	20452	850852
41010	150853	inject	20452	850853
41010	150854	inject	20452	850854
41010	150855	inject	20452	850855
41010	150856	inject	20452	850856
41010	150857	inject	20452	850857
41010	150858	inject	20452	850858
41010	150859	inject	20452	850859
41010	150860	inject	20452	850860
41010	150861	inject	20452	850861
41010	150862	inject	20452	850862
41010	150863	inject	20452	850863
41010	150864	inject	20452	850864
41010	150865	inject	20452	850865
41010	150866	inject	20452	850866
41010	150867	inject	20452	850867
41010	150868	inject	20452	850868
41010	150869	matched	11	3000
41010	150870	matched	11	3000
41010	150871	inject	20452	850871
41010	150872	inject	20452	850872
41010	150873	inject	20452	850873
41010	150874	inject	20452	850874
41010	150875	inject	20452	850875
41010	150876	inject	20452	850876
41010	150877	inject	20452	850877
41010	150878	inject	20452	850878
41010	150879	matched	11	3000
41010	150880	matched	11	3000
41010	150881	inject	20452	850881
41010	150882	inject	20452	850882
41010	150883	inject	20452	850883
41010	150884	inject	20452	850884
41010	150885	inject	20452	850885
41010	150886	inject	20452	850886
41010	150887	inject	20452	850887
41010	150888	inject	20452	850888
41010	150889	matched	11	3000
41010	150890	matched	11	3000
41010	150891	matched	11	3000
41010	150892	matched	11	3000
41010	150893	matched	11	3000
41010	150894	matched	11	3000
41010	150895	matched	11	3000
41010	150896	matched	11	3000
41010	150897	matched	11	3000
41010	150898	matched	11	3000
41010	150899	matched	11	3000
41010	150900	matched	11	3000
41010	150901	matched	11	3000
41010	150902	matched	11	3000
41010	150903	matched	11	3000
41010	150904	matched	11	3000
41010	150905	matched	11	3000
41010	150906	matched	11	3000
41010	150907	matched	11	3000
41010	150908	matched	11	3000
41010	150909	matched	11	3000
41010	150910	matched	11	3000
41010	150911	matched	11	3000
41010	150912	matched	11	3000
41010	150913	matched	11	3000
41010	150914	matched	11	3000
41010	150915	matched	11	3000
41010	150916	matched	11	3000
41010	150917	matched	11	3000
41010	150918	matched	11	3000
41010	150919	matched	11	3000
41010	150920	matched	11	3000
41010	150921	matched	11	3000
41010	150922	matched	11	3000
41010	150923	matched	11	3000
41010	150924	matched	11	3000
41010	150925	matched	11	3000
41010	150926	matched	11	3000
41010	150927	matched	11	3000
41010	150928	matched	11	3000
41010	150929	matched	11	3000
50000	130000	inject	20453	830000
50000	130001	inject	20453	830001
50000	130002	inject	20453	830002
50000	130003	inject	20453	830003
50000	130004	inject	20453	830004
50000	130005	inject	20453	830005
50000	130006	inject	20453	830006
50000	130007	inject	20453	830007
50000	130008	inject	20453	830008
50000	130010	inject	20453	830010
50000	130011	inject	20453	830011
50000	130012	inject	20453	830012
50000	130013	inject	20453	830013
50000	130014	inject	20453	830014
50000	130015	inject	20453	830015
50000	130016	inject	20453	830016
50000	130017	matched	11	3000
50000	130018	inject	20453	830018
50000	130020	inject	20453	830020
50000	130021	inject	20453	830021
50000	130022	inject	20453	830022
50000	130023	matched	11	3000
50000	130024	inject	20453	830024
50000	130025	inject	20453	830025
50000	130026	inject	20453	830026
50000	130027	inject	20453	830027
50000	130028	inject	20453	830028
50000	130030	inject	20453	830030
50000	130031	inject	20453	830031
50000	130032	inject	20453	830032
50000	130033	inject	20453	830033
50000	130034	inject	20453	830034
50000	130035	inject	20453	830035
50000	130036	inject	20453	830036
50000	130037	inject	20453	830037
50000	130038	inject	20453	830038
50000	130040	inject	20453	830040
50000	130041	inject	20453	830041
50000	130042	inject	20453	830042
50000	130043	inject	20453	830043
50000	130044	inject	20453	830044
50000	130045	inject	20453	830045
50000	130046	inject	20453	830046
50000	130047	inject	20453	830047
50000	130048	inject	20453	830048
50000	130050	inject	20453	830050
50000	130051	inject	20453	830051
50000	130052	inject	20453	830052
50000	130053	inject	20453	830053
50000	130054	inject	20453	830054
50000	130055	inject	20453	830055
50000	130056	inject	20453	830056
50000	130057	inject	20453	830057
50000	130058	inject	20453	830058
50000	130060	inject	20453	830060
50000	130061	inject	20453	830061
50000	130062	inject	20453	830062
50000	130063	inject	20453	830063
50000	130064	inject	20453	830064
50000	130065	matched	11	3000
50000	130066	matched	11	3000
50000	130067	matched	11	3000
50000	130068	matched	11	3000
50000	130070	matched	11	3000
50000	130071	matched	11	3000
50000	130072	matched	11	3000
50000	130073	matched	11	3000
50000	130074	matched	11	3000
50000	130075	matched	11	3000
50000	130076	matched	11	3000
50000	130077	matched	11	3000
50000	130078	matched	11	3000
50000	130080	matched	11	3000
50000	130081	matched	11	3000
50000	130082	matched	11	3000
50000	130083	matched	11	3000
50000	130084	matched	11	3000
50000	130085	matched	11	3000
50000	130086	matched	11	3000
50000	130087	matched	11	3000
50000	130088	matched	11	3000
50001	130100	matched	11	3000
50001	130101	inject	20454	830101
50001	130102	inject	20454	830102
50001	130103	inject	20454	830103
50001	130104	inject	20454	830104
50001	130105	inject	20454	830105
50001	130106	inject	20454	830106
50001	130107	inject	20454	830107
50001	130108	matched	11	3000
50001	130110	inject	20454	830110
50001	130111	inject	20454	830111
50001	130112	inject	20454	830112
50001	130113	inject	20454	830113
50001	130114	inject	20454	830114
50001	130115	inject	20454	830115
50001	130116	inject	20454	830116
50001	130117	inject	20454	830117
50001	130118	inject	20454	830118
50001	130120	inject	20454	830120
50001	130121	inject	20454	830121
50001	130122	inject	20454	830122
50001	130123	inject	20454	830123
50001	130124	inject	20454	830124
50001	130125	inject	20454	830125
50001	130126	inject	20454	830126
50001	130127	inject	20454	830127
50001	130128	inject	20454	830128
50001	130130	inject	20454	830130
50001	130131	inject	20454	830131
50001	130132	inject	20454	830132
50001	130133	inject	20454	830133
50001	130134	inject	20454	830134
50001	130135	inject	20454	830135
50001	130136	inject	20454	830136
50001	130137	inject	20454	830137
50001	130138	inject	20454	830138
50001	130140	inject	20454	830140
50001	130141	inject	20454	830141
50001	130142	inject	20454	830142
50001	130143	inject	20454	830143
50001	130144	matched	11	3000
50001	130145	matched	11	3000
50001	130146	matched	11	3000
50001	130147	matched	11	3000
50001	130148	matched	11	3000
50001	130150	inject	20454	830150
50001	130151	inject	20454	830151
50001	130152	inject	20454	830152
50001	130153	inject	20454	830153
50001	130154	matched	11	3000
50001	130155	matched	11	3000
50001	130156	matched	11	3000
50001	130157	matched	11	3000
50001	130158	matched	11	3000
50001	130160	inject	20454	830160
50001	130161	inject	20454	830161
50001	130162	inject	20454	830162
50001	130163	inject	20454	830163
50001	130164	matched	11	3000
50001	130165	matched	11	3000
50001	130166	matched	11	3000
50001	130167	matched	11	3000
50001	130168	matched	11	3000
50001	130170	inject	20454	830170
50001	130171	inject	20454	830171
50001	130172	inject	20454	830172
50001	130173	matched	11	3000
50001	130174	matched	11	3000
50001	130175	matched	11	3000
50001	130176	matched	11	3000
50001	130177	matched	11	3000
50001	130178	matched	11	3000
50001	130180	matched	11	3000
50001	130181	matched	11	3000
50001	130182	matched	11	3000
50001	130183	matched	11	3000
50001	130184	matched	11	3000
50001	130185	matched	11	3000
50001	130186	matched	11	3000
50001	130187	matched	11	3000
50001	130188	matched	11	3000
50002	130200	inject	20455	830200
50002	130201	inject	20455	830201
50002	130202	inject	20455	830202
50002	130203	inject	20455	830203
50002	130204	inject	20455	830204
50002	130205	inject	20455	830205
50002	130206	inject	20455	830206
50002	130207	inject	20455	830207
50002	130208	matched	11	3000
50002	130209	matched	11	3000
50002	130210	inject	20455	830210
50002	130211	inject	20455	830211
50002	130212	inject	20455	830212
50002	130213	inject	20455	830213
50002	130214	inject	20455	830214
50002	130215	inject	20455	830215
50002	130216	inject	20455	830216
50002	130217	inject	20455	830217
50002	130218	inject	20455	830218
50002	130219	matched	11	3000
50002	130220	inject	20455	830220
50002	130221	inject	20455	830221
50002	130222	inject	20455	830222
50002	130223	inject	20455	830223
50002	130224	inject	20455	830224
50002	130225	inject	20455	830225
50002	130226	inject	20455	830226
50002	130227	inject	20455	830227
50002	130228	matched	11	3000
50002	130229	matched	11	3000
50002	130230	inject	20455	830230
50002	130231	matched	11	3000
50002	130232	matched	11	3000
50002	130233	inject	20455	830233
50002	130234	inject	20455	830234
50002	130235	inject	20455	830235
50002	130236	matched	11	3000
50002	130237	matched	11	3000
50002	130238	matched	11	3000
50002	130239	matched	11	3000
50002	130240	inject	20455	830240
50002	130241	matched	11	3000
50002	130242	matched	11	3000
50002	130243	inject	20455	830243
50002	130244	inject	20455	830244
50002	130245	inject	20455	830245
50002	130246	matched	11	3000
50002	130247	matched	11	3000
50002	130248	matched	11	3000
50002	130249	matched	11	3000
50002	130250	matched	11	3000
50002	130251	matched	11	3000
50002	130252	matched	11	3000
50002	130253	matched	11	3000
50002	130254	matched	11	3000
50002	130255	matched	11	3000
50002	130256	matched	11	3000
50002	130257	matched	11	3000
50002	130258	matched	11	3000
50002	130259	matched	11	3000
50002	130260	matched	11	3000
50002	130261	matched	11	3000
50002	130262	matched	11	3000
50002	130263	matched	11	3000
50002	130264	matched	11	3000
50002	130265	matched	11	3000
50002	130266	matched	11	3000
50002	130267	matched	11	3000
50002	130268	matched	11	3000
50002	130269	matched	11	3000
50002	130270	matched	11	3000
50002	130271	matched	11	3000
50002	130272	matched	11	3000
50002	130273	matched	11	3000
50002	130274	matched	11	3000
50002	130275	matched	11	3000
50002	130276	matched	11	3000
50002	130277	matched	11	3000
50002	130278	matched	11	3000
50002	130279	matched	11	3000
50002	130280	matched	11	3000
50002	130281	matched	11	3000
50002	130282	matched	11	3000
50002	130283	matched	11	3000
50002	130284	matched	11	3000
50002	130285	matched	11	3000
50002	130286	matched	11	3000
50002	130287	matched	11	3000
50002	130288	matched	11	3000
50002	130289	matched	11	3000
50002	130290	matched	11	3000
50002	130291	matched	11	3000
50002	130292	matched	11	3000
50002	130293	matched	11	3000
50002	130294	matched	11	3000
50002	130295	matched	11	3000
50002	130296	matched	11	3000
50002	130297	matched	11	3000
50002	130298	matched	11	3000
50002	130299	matched	11	3000
50003	130300	inject	20456	830300
50003	130301	inject	20456	830301
50003	130302	inject	20456	830302
50003	130303	inject	20456	830303
50003	130304	inject	20456	830304
50003	130305	inject	20456	830305
50003	130306	inject	20456	830306
50003	130307	inject	20456	830307
50003	130308	inject	20456	830308
50003	130309	inject	20456	830309
50003	130310	inject	20456	830310
50003	130311	inject	20456	830311
50003	130312	inject	20456	830312
50003	130313	inject	20456	830313
50003	130314	inject	20456	830314
50003	130315	inject	20456	830315
50003	130316	inject	20456	830316
50003	130317	inject	20456	830317
50003	130318	inject	20456	830318
50003	130319	matched	11	3000
50003	130320	inject	20456	830320
50003	130321	inject	20456	830321
50003	130322	inject	20456	830322
50003	130323	inject	20456	830323
50003	130324	inject	20456	830324
50003	130325	inject	20456	830325
50003	130326	inject	20456	830326
50003	130327	inject	20456	830327
50003	130328	inject	20456	830328
50003	130329	matched	11	3000
50003	130330	inject	20456	830330
50003	130331	inject	20456	830331
50003	130332	inject	20456	830332
50003	130333	inject	20456	830333
50003	130334	inject	20456	830334
50003	130335	inject	20456	830335
50003	130336	inject	20456	830336
50003	130337	matched	11	3000
50003	130338	matched	11	3000
50003	130339	matched	11	3000
50003	130340	matched	11	3000
50003	130341	matched	11	3000
50003	130342	matched	11	3000
50003	130343	matched	11	3000
50003	130344	matched	11	3000
50003	130345	matched	11	3000
50003	130346	matched	11	3000
50003	130347	matched	11	3000
50003	130348	matched	11	3000
50003	130349	matched	11	3000
50003	130350	matched	11	3000
50003	130351	matched	11	3000
50003	130352	matched	11	3000
50003	130353	matched	11	3000
50003	130354	matched	11	3000
50003	130355	matched	11	3000
50003	130356	matched	11	3000
50003	130357	matched	11	3000
50003	130358	matched	11	3000
50003	130359	matched	11	3000
50003	130360	matched	11	3000
50003	130361	matched	11	3000
50003	130362	matched	11	3000
50003	130363	matched	11	3000
50003	130364	matched	11	3000
50003	130365	matched	11	3000
50003	130366	matched	11	3000
50003	130367	matched	11	3000
50003	130368	matched	11	3000
50003	130369	matched	11	3000
50003	130370	matched	11	3000
50003	130371	matched	11	3000
50003	130372	matched	11	3000
50003	130373	matched	11	3000
50003	130374	matched	11	3000
50003	130375	matched	11	3000
50003	130376	matched	11	3000
50003	130377	matched	11	3000
50003	130378	matched	11	3000
50003	130379	matched	11	3000
50003	130380	matched	11	3000
50003	130381	matched	11	3000
50003	130382	matched	11	3000
50003	130383	matched	11	3000
50003	130384	matched	11	3000
50003	130385	matched	11	3000
50003	130386	matched	11	3000
50003	130387	matched	11	3000
50003	130388	matched	11	3000
50003	130389	matched	11	3000
50003	130390	matched	11	3000
50003	130391	matched	11	3000
50003	130392	matched	11	3000
50003	130393	matched	11	3000
50003	130394	matched	11	3000
50003	130395	matched	11	3000
50003	130396	matched	11	3000
50003	130397	matched	11	3000
50003	130398	matched	11	3000
50003	130399	matched	11	3000
50004	130400	inject	20457	830400
50004	130401	inject	20457	830401
50004	130402	inject	20457	830402
50004	130403	inject	20457	830403
50004	130404	inject	20457	830404
50004	130405	inject	20457	830405
50004	130406	inject	20457	830406
50004	130407	inject	20457	830407
50004	130408	inject	20457	830408
50004	130409	matched	11	3000
50004	130410	inject	20457	830410
50004	130411	inject	20457	830411
50004	130412	inject	20457	830412
50004	130413	inject	20457	830413
50004	130414	inject	20457	830414
50004	130415	inject	20457	830415
50004	130416	inject	20457	830416
50004	130417	matched	11	3000
50004	130418	matched	11	3000
50004	130419	matched	11	3000
50004	130420	matched	11	3000
50004	130421	matched	11	3000
50004	130422	matched	11	3000
50004	130423	matched	11	3000
50004	130424	matched	11	3000
50004	130425	matched	11	3000
50004	130426	matched	11	3000
50004	130427	matched	11	3000
50004	130428	matched	11	3000
50004	130429	matched	11	3000
50004	130430	matched	11	3000
50004	130431	matched	11	3000
50004	130432	matched	11	3000
50004	130433	matched	11	3000
50004	130434	matched	11	3000
50004	130435	matched	11	3000
50004	130436	matched	11	3000
50004	130437	matched	11	3000
50004	130438	matched	11	3000
50004	130439	matched	11	3000
50004	130440	matched	11	3000
50004	130441	matched	11	3000
50004	130442	matched	11	3000
50004	130443	matched	11	3000
50004	130444	matched	11	3000
50004	130445	matched	11	3000
50004	130446	matched	11	3000
50004	130447	matched	11	3000
50004	130448	matched	11	3000
50004	130449	matched	11	3000
50004	130450	matched	11	3000
50004	130451	matched	11	3000
50004	130452	matched	11	3000
50004	130453	matched	11	3000
50004	130454	matched	11	3000
50004	130455	matched	11	3000
50004	130456	matched	11	3000
50004	130457	matched	11	3000
50004	130458	matched	11	3000
50004	130459	matched	11	3000
50004	130460	matched	11	3000
50004	130461	matched	11	3000
50004	130462	matched	11	3000
50004	130463	matched	11	3000
50004	130464	matched	11	3000
50004	130465	matched	11	3000
50004	130466	matched	11	3000
50004	130467	matched	11	3000
50004	130468	matched	11	3000
50004	130469	matched	11	3000
50004	130470	matched	11	3000
50004	130471	matched	11	3000
50004	130472	matched	11	3000
50004	130473	matched	11	3000
50004	130474	matched	11	3000
50004	130475	matched	11	3000
50004	130476	matched	11	3000
50004	130477	matched	11	3000
50004	130478	matched	11	3000
50004	130479	matched	11	3000
50004	130480	matched	11	3000
50004	130481	matched	11	3000
50004	130482	matched	11	3000
50004	130483	matched	11	3000
50004	130484	matched	11	3000
50004	130485	matched	11	3000
50004	130486	matched	11	3000
50004	130487	matched	11	3000
50004	130488	matched	11	3000
50004	130489	matched	11	3000
50004	130490	matched	11	3000
50004	130491	matched	11	3000
50004	130492	matched	11	3000
50004	130493	matched	11	3000
50004	130494	matched	11	3000
50004	130495	matched	11	3000
50004	130496	matched	11	3000
50004	130497	matched	11	3000
50004	130498	matched	11	3000
50004	130499	matched	11	3000
50005	130500	matched	11	3000
50005	130501	inject	20458	830501
50005	130502	inject	20458	830502
50005	130503	inject	20458	830503
50005	130504	inject	20458	830504
50005	130505	inject	20458	830505
50005	130506	matched	11	3000
50005	130507	matched	11	3000
50005	130508	inject	20458	830508
50005	130509	matched	11	3000
50005	130510	inject	20458	830510
50005	130511	inject	20458	830511
50005	130512	inject	20458	830512
50005	130513	inject	20458	830513
50005	130514	inject	20458	830514
50005	130515	inject	20458	830515
50005	130516	inject	20458	830516
50005	130517	inject	20458	830517
50005	130518	inject	20458	830518
50005	130519	matched	11	3000
50005	130520	inject	20458	830520
50005	130521	inject	20458	830521
50005	130522	inject	20458	830522
50005	130523	inject	20458	830523
50005	130524	inject	20458	830524
50005	130525	inject	20458	830525
50005	130526	inject	20458	830526
50005	130527	inject	20458	830527
50005	130528	inject	20458	830528
50005	130529	matched	11	3000
50005	130530	inject	20458	830530
50005	130531	inject	20458	830531
50005	130532	inject	20458	830532
50005	130533	inject	20458	830533
50005	130534	inject	20458	830534
50005	130535	inject	20458	830535
50005	130536	inject	20458	830536
50005	130537	matched	11	3000
50005	130538	matched	11	3000
50005	130539	matched	11	3000
50005	130540	matched	11	3000
50005	130541	matched	11	3000
50005	130542	matched	11	3000
50005	130543	matched	11	3000
50005	130544	matched	11	3000
50005	130545	matched	11	3000
50005	130546	matched	11	3000
50005	130547	matched	11	3000
50005	130548	matched	11	3000
50005	130549	matched	11	3000
50005	130550	matched	11	3000
50005	130551	matched	11	3000
50005	130552	matched	11	3000
50005	130553	matched	11	3000
50005	130554	matched	11	3000
50005	130555	matched	11	3000
50005	130556	matched	11	3000
50005	130557	matched	11	3000
50005	130558	matched	11	3000
50005	130559	matched	11	3000
50005	130560	matched	11	3000
50005	130561	matched	11	3000
50005	130562	matched	11	3000
50005	130563	matched	11	3000
50005	130564	matched	11	3000
50005	130565	matched	11	3000
50005	130566	matched	11	3000
50005	130567	matched	11	3000
50005	130568	matched	11	3000
50005	130569	matched	11	3000
50005	130570	matched	11	3000
50005	130571	matched	11	3000
50005	130572	matched	11	3000
50005	130573	matched	11	3000
50005	130574	matched	11	3000
50005	130575	matched	11	3000
50005	130576	matched	11	3000
50005	130577	matched	11	3000
50005	130578	matched	11	3000
50005	130579	matched	11	3000
50005	130580	matched	11	3000
50005	130581	matched	11	3000
50005	130582	matched	11	3000
50005	130583	matched	11	3000
50005	130584	matched	11	3000
50005	130585	matched	11	3000
50005	130586	matched	11	3000
50005	130587	matched	11	3000
50005	130588	matched	11	3000
50005	130589	matched	11	3000
50005	130590	matched	11	3000
50005	130591	matched	11	3000
50005	130592	matched	11	3000
50005	130593	matched	11	3000
50005	130594	matched	11	3000
50005	130595	matched	11	3000
50005	130596	matched	11	3000
50005	130597	matched	11	3000
50005	130598	matched	11	3000
50005	130599	matched	11	3000
50006	130600	inject	20459	830600
50006	130601	inject	20459	830601
50006	130602	inject	20459	830602
50006	130603	inject	20459	830603
50006	130604	inject	20459	830604
50006	130605	inject	20459	830605
50006	130606	inject	20459	830606
50006	130607	inject	20459	830607
50006	130608	inject	20459	830608
50006	130610	inject	20459	830610
50006	130611	inject	20459	830611
50006	130612	inject	20459	830612
50006	130613	inject	20459	830613
50006	130614	inject	20459	830614
50006	130615	inject	20459	830615
50006	130616	inject	20459	830616
50006	130617	matched	11	3000
50006	130618	inject	20459	830618
50006	130620	inject	20459	830620
50006	130621	inject	20459	830621
50006	130622	inject	20459	830622
50006	130623	matched	11	3000
50006	130624	inject	20459	830624
50006	130625	inject	20459	830625
50006	130626	inject	20459	830626
50006	130627	inject	20459	830627
50006	130628	inject	20459	830628
50006	130630	inject	20459	830630
50006	130631	inject	20459	830631
50006	130632	inject	20459	830632
50006	130633	inject	20459	830633
50006	130634	inject	20459	830634
50006	130635	inject	20459	830635
50006	130636	inject	20459	830636
50006	130637	inject	20459	830637
50006	130638	inject	20459	830638
50006	130640	inject	20459	830640
50006	130641	inject	20459	830641
50006	130642	inject	20459	830642
50006	130643	inject	20459	830643
50006	130644	inject	20459	830644
50006	130645	inject	20459	830645
50006	130646	inject	20459	830646
50006	130647	inject	20459	830647
50006	130648	inject	20459	830648
50006	130650	inject	20459	830650
50006	130651	inject	20459	830651
50006	130652	inject	20459	830652
50006	130653	inject	20459	830653
50006	130654	inject	20459	830654
50006	130655	inject	20459	830655
50006	130656	inject	20459	830656
50006	130657	inject	20459	830657
50006	130658	inject	20459	830658
50006	130660	inject	20459	830660
50006	130661	inject	20459	830661
50006	130662	inject	20459	830662
50006	130663	inject	20459	830663
50006	130664	inject	20459	830664
50006	130665	inject	20459	830665
50006	130666	inject	20459	830666
50006	130667	matched	11	3000
50006	130668	matched	11	3000
50006	130670	matched	11	3000
50006	130671	matched	11	3000
50006	130672	matched	11	3000
50006	130673	matched	11	3000
50006	130674	matched	11	3000
50006	130675	matched	11	3000
50006	130676	matched	11	3000
50006	130677	matched	11	3000
50006	130678	matched	11	3000
50006	130680	matched	11	3000
50006	130681	matched	11	3000
50006	130682	matched	11	3000
50006	130683	matched	11	3000
50006	130684	matched	11	3000
50006	130685	matched	11	3000
50006	130686	matched	11	3000
50006	130687	matched	11	3000
50006	130688	matched	11	3000
50007	130700	matched	11	3000
50007	130701	inject	20460	830701
50007	130702	inject	20460	830702
50007	130703	inject	20460	830703
50007	130704	inject	20460	830704
50007	130705	inject	20460	830705
50007	130706	inject	20460	830706
50007	130707	matched	11	3000
50007	130708	matched	11	3000
50007	130710	inject	20460	830710
50007	130711	inject	20460	830711
50007	130712	inject	20460	830712
50007	130713	inject	20460	830713
50007	130714	inject	20460	830714
50007	130715	inject	20460	830715
50007	130716	inject	20460	830716
50007	130717	inject	20460	830717
50007	130718	inject	20460	830718
50007	130720	inject	20460	830720
50007	130721	inject	20460	830721
50007	130722	inject	20460	830722
50007	130723	inject	20460	830723
50007	130724	inject	20460	830724
50007	130725	inject	20460	830725
50007	130726	inject	20460	830726
50007	130727	inject	20460	830727
50007	130728	inject	20460	830728
50007	130730	inject	20460	830730
50007	130731	inject	20460	830731
50007	130732	inject	20460	830732
50007	130733	inject	20460	830733
50007	130734	inject	20460	830734
50007	130735	inject	20460	830735
50007	130736	inject	20460	830736
50007	130737	inject	20460	830737
50007	130738	inject	20460	830738
50007	130740	inject	20460	830740
50007	130741	inject	20460	830741
50007	130742	inject	20460	830742
50007	130743	inject	20460	830743
50007	130744	inject	20460	830744
50007	130745	inject	20460	830745
50007	130746	inject	20460	830746
50007	130747	inject	20460	830747
50007	130748	inject	20460	830748
50007	130750	inject	20460	830750
50007	130751	inject	20460	830751
50007	130752	inject	20460	830752
50007	130753	inject	20460	830753
50007	130754	inject	20460	830754
50007	130755	inject	20460	830755
50007	130756	inject	20460	830756
50007	130757	inject	20460	830757
50007	130758	inject	20460	830758
50007	130760	inject	20460	830760
50007	130761	inject	20460	830761
50007	130762	inject	20460	830762
50007	130763	inject	20460	830763
50007	130764	inject	20460	830764
50007	130765	inject	20460	830765
50007	130766	inject	20460	830766
50007	130767	inject	20460	830767
50007	130768	inject	20460	830768
50007	130770	inject	20460	830770
50007	130771	inject	20460	830771
50007	130772	inject	20460	830772
50007	130773	matched	11	3000
50007	130774	inject	20460	830774
50007	130775	inject	20460	830775
50007	130776	inject	20460	830776
50007	130777	inject	20460	830777
50007	130778	matched	11	3000
50007	130780	matched	11	3000
50007	130781	matched	11	3000
50007	130782	matched	11	3000
50007	130783	matched	11	3000
50007	130784	matched	11	3000
50007	130785	inject	20460	830785
50007	130786	inject	20460	830786
50007	130787	inject	20460	830787
50007	130788	inject	20460	830788
50008	130800	matched	11	3000
50008	130801	inject	20461	830801
50008	130802	inject	20461	830802
50008	130803	inject	20461	830803
50008	130804	inject	20461	830804
50008	130805	inject	20461	830805
50008	130806	inject	20461	830806
50008	130807	matched	11	3000
50008	130808	matched	11	3000
50008	130810	inject	20461	830810
50008	130811	inject	20461	830811
50008	130812	inject	20461	830812
50008	130813	inject	20461	830813
50008	130814	inject	20461	830814
50008	130815	inject	20461	830815
50008	130816	inject	20461	830816
50008	130817	inject	20461	830817
50008	130818	inject	20461	830818
50008	130820	inject	20461	830820
50008	130821	inject	20461	830821
50008	130822	inject	20461	830822
50008	130823	inject	20461	830823
50008	130824	inject	20461	830824
50008	130825	inject	20461	830825
50008	130826	inject	20461	830826
50008	130827	inject	20461	830827
50008	130828	inject	20461	830828
50008	130830	inject	20461	830830
50008	130831	inject	20461	830831
50008	130832	inject	20461	830832
50008	130833	inject	20461	830833
50008	130834	inject	20461	830834
50008	130835	inject	20461	830835
50008	130836	inject	20461	830836
50008	130837	inject	20461	830837
50008	130838	inject	20461	830838
50008	130840	inject	20461	830840
50008	130841	inject	20461	830841
50008	130842	inject	20461	830842
50008	130843	inject	20461	830843
50008	130844	inject	20461	830844
50008	130845	inject	20461	830845
50008	130846	inject	20461	830846
50008	130847	inject	20461	830847
50008	130848	inject	20461	830848
50008	130850	inject	20461	830850
50008	130851	inject	20461	830851
50008	130852	inject	20461	830852
50008	130853	inject	20461	830853
50008	130854	inject	20461	830854
50008	130855	inject	20461	830855
50008	130856	inject	20461	830856
50008	130857	inject	20461	830857
50008	130858	inject	20461	830858
50008	130860	inject	20461	830860
50008	130861	inject	20461	830861
50008	130862	inject	20461	830862
50008	130863	inject	20461	830863
50008	130864	inject	20461	830864
50008	130865	inject	20461	830865
50008	130866	inject	20461	830866
50008	130867	inject	20461	830867
50008	130868	inject	20461	830868
50008	130870	inject	20461	830870
50008	130871	inject	20461	830871
50008	130872	inject	20461	830872
50008	130873	matched	11	3000
50008	130874	inject	20461	830874
50008	130875	inject	20461	830875
50008	130876	inject	20461	830876
50008	130877	inject	20461	830877
50008	130878	inject	20461	830878
50008	130880	matched	11	3000
50008	130881	matched	11	3000
50008	130882	matched	11	3000
50008	130883	matched	11	3000
50008	130884	matched	11	3000
50008	130885	matched	11	3000
50008	130886	matched	11	3000
50008	130887	inject	20461	830887
50008	130888	inject	20461	830888
